ID	IL.1RA	IL.7	GRO.alpha	IL.8	IP.10	MCP.1	MIP.1.alpha	MIP.1.beta	SDF.1.alpha	RANTES	IL.13	IL.1.beta	IL.2	IL.6	TNF.alpha	IL.18	IL.10	IL.21	IL.22	LIF	BDNF	PDGF.BB	PIGF.1	bNGF	VEGF.A	HGF	Leptin	IDO
X57	-1.197161736	-0.598126831	-0.336767485	-0.311071713	-0.190054075	-0.760746698	-0.608403784	-0.995172202	-0.334622065	-0.821883735	0.15509522	0.887434668	-1.569706307	0.388110021	0.327608712	-0.420430897	-0.905180273	-0.083911423	1.081108395	-0.349370292	-1.478079944	-0.4377979	-0.265851201	0.835887157	-0.386791771	-0.401512699	-0.61266027	0.417193557
X58	-0.840540442	-0.310433513	-0.5009472	-0.62061627	-1.782928741	-0.874432466	-0.513917653	-0.701969059	-0.710966646	-1.803045151	2.432844598	0.850656322	-0.454372814	0.903819689	1.384023513	-0.388420663	-0.410604568	-0.632391124	0.49728725	-1.172506338	-1.817848358	0.277740347	-0.633922169	2.033193972	-0.611905656	-0.504657557	-1.081909042	0.731399367
X59	-0.263649783	-0.541131115	0.592073064	0.322624269	-0.468992285	0.234286605	0.440240438	0.051344677	0.3765031	-0.499398902	0.31951399	1.642319538	-0.534054926	1.312697399	-0.534251572	-1.662674576	-0.433783973	0.630356152	-0.859672808	-0.723672833	-0.508132846	-0.042073912	0.555140266	0.495495961	0.038401942	-1.442304973	0.194095964	0.841432834
X60	0.952420184	0.77473894	1.450076353	1.528047448	1.275036046	0.691129713	0.643889219	1.040524163	1.497251319	1.071596344	-0.329544893	1.307473827	1.015266175	1.315324761	1.455650478	2.318746838	0.215364471	1.627825799	-1.657828187	1.67979824	-0.489255519	0.14837441	1.232947564	-0.75841304	2.064385389	0.352573031	0.671172777	2.254749906
X61	-0.415091339	0.106991198	0.433050065	0.046243662	-0.544396154	-0.073827611	1.078668387	0.340528924	0.273571584	-0.695519115	0.933579921	2.035989251	-0.677276636	1.710157853	0.972479406	-0.631892891	0.043744512	0.630439203	-0.157040452	-0.194851812	-0.335793758	-0.779547011	0.561277819	0.700786882	0.811435846	-0.385343211	-0.453274033	0.111906923
X62	-1.500930511	-0.268396313	0.456345393	0.279007907	-0.213231207	-0.673443951	-0.586854152	-0.539874867	0.30009005	-0.992557626	-0.607005321	1.650972459	-0.815822391	0.727850994	-0.579389558	-0.213635978	0.416418287	0.761699068	0.799219652	0.458370959	-0.453229727	-0.42255224	0.583991877	-0.091375867	0.166760654	-0.257351587	-0.636105903	-0.478735836
X63	-0.854636588	0.777752263	0.898053604	0.572329317	0.008515813	-0.081208031	0.187416989	0.546143599	0.411622181	1.622120794	0.167152922	0.953827854	-1.676388978	1.205330308	-0.111626172	1.124163579	-0.331979622	0.838425178	-0.678351364	-0.073327462	-1.323253428	0.298133709	0.965605867	0.419283152	0.421562583	0.232929492	-0.377272552	1.14323671
X65	0.265711144	0.28410937	-0.020745492	0.069770846	0.863243883	0.59213872	0.48919574	0.689640013	0.16259132	0.230450173	0.436677002	-0.396792107	1.342768119	0.435367403	0.264996812	0.728447987	0.426382992	0.060231958	-0.512186329	0.334577133	0.886249576	-0.100779361	0.038774666	-0.583947112	-0.090332276	-0.095913216	0.36809738	-0.571317629
X66	-0.558024045	0.392899294	-1.647003259	-0.589523884	0.857163282	-0.76212697	-1.176434919	-0.715512686	-0.702793366	-0.127062829	-0.650557739	-0.683116495	1.802481774	-1.77373715	-0.326245151	1.271018881	-1.197192063	-1.378662919	-0.266744064	0.675294008	0.378576975	0.810187152	-1.111921098	-0.852148507	-1.224252262	0.079699766	-1.409945789	-0.646754041
X67	-0.32181107	0.943202084	-1.131183874	-1.147342207	0.620174578	-0.904493891	-0.915220226	-0.595085828	-0.837568772	-0.077145548	-0.485958566	0.186234048	0.840863368	-0.803304412	0.239341304	0.30748164	-0.287002521	-1.767817569	-0.151718391	0.513345435	0.909821859	0.480071374	-1.136451962	-0.650485625	-0.886605014	1.537738374	-1.436766892	-0.62237269
X68	0.295249528	-1.162941233	-1.038204465	-1.409086932	-0.879225604	-0.403860512	0.248606527	0.532025906	-0.653646151	-0.586740982	1.210373966	-0.828666364	-0.612778716	0.010178201	0.651264472	-0.023485515	-0.148765148	-1.037806302	0.233561793	-0.503033715	-0.930771463	0.009507114	-1.217397919	0.889164985	-0.767631609	0.688097436	1.438088383	1.392003231
X69	-0.864261622	0.022296144	-1.144336712	-1.408521046	-0.309956135	-0.789829217	-0.565556065	-0.408875111	-1.160189095	-0.264938436	-0.017749949	-0.548139271	-0.722072133	-0.727874422	0.597567273	-0.622223222	-1.227911739	-1.104864077	0.805753109	-0.765542936	-0.125262539	0.835880093	-1.100362343	0.974637095	-1.665774843	-0.699114962	-1.088544959	1.339157501
X70	-0.376151774	1.688640696	-1.365608119	-0.970246016	-0.384145028	-0.711499105	-0.61514344	-0.593552689	-1.321397156	-1.268840318	0.8399523	-1.519480029	0.518996603	-0.062005215	0.100697036	-0.672992529	-0.472595226	-0.881856284	1.399662495	0.939179056	0.595187825	0.257551966	-0.880488074	0.295364602	-0.690853965	0.912784768	0.150320099	-0.021909956
X71	0.436948415	0.055365821	-1.81045048	-1.967077774	-0.619540215	-1.299781818	-1.121641907	-0.135854966	-1.649434652	-1.340392818	0.494789631	-0.572894838	0.202713916	-1.245180717	0.582121131	-0.107190409	-0.720459438	-1.843021739	0.619480608	0.163954953	0.200850326	1.104850009	-1.611488049	0.685324932	-0.83234115	1.189197514	0.803116564	1.413494515
X72	-0.622522796	-0.28716775	-0.792401969	-1.281232861	-0.55870058	0.303866094	0.771655266	0.738352152	-0.600979517	-0.431730616	0.099945205	-0.837732971	0.130008744	-0.268977243	0.129460897	0.199340729	0.201173742	-0.427720641	1.434909301	-0.917120799	-0.282916471	1.225975017	-1.111186731	0.095986523	-1.910950635	0.016270415	0.684302331	1.277056759
X73	-1.019322662	0.159326983	-1.452173491	-1.496895014	-1.09596973	-1.7069076	-1.964633967	-2.038450698	-1.385329074	-0.616604718	0.461338451	-0.293955456	-0.614953469	-0.337775068	0.760281965	-0.822867048	-0.543231909	-1.52120726	0.497863684	-0.71083249	0.273038017	-0.30157372	-1.629936683	0.126264622	-1.343035304	1.323342787	-1.262919335	0.26171948
X74	-1.303817834	-1.558027461	0.044343375	-0.555392307	0.350602112	-0.786164832	-1.040070221	-0.847106599	-0.458801592	-0.109938015	1.116348297	-0.663695034	-0.552488545	-1.329119673	0.175576384	-1.321696527	-0.85775578	-0.144109191	1.000097422	-0.247828723	0.395102608	0.48006268	-0.142932314	0.86153199	-1.478620008	0.106129301	-0.535382436	0.453546725
X75	0.721911341	-0.767278116	-0.106409879	-0.142402229	0.491029659	-0.017983573	0.04470442	0.048032938	0.075673604	0.034575176	-0.559520957	-0.795550717	-0.625541821	-0.794738029	-0.606474469	0.39396082	-0.041314071	-0.567557854	-0.128002708	0.345822354	-0.651488305	-0.88143647	-0.184114421	-0.639818732	0.235800081	0.798454284	2.416635399	-0.191125682
X76	0.824930396	0.352690812	0.227224181	1.102715478	1.704576356	-0.15348138	0.178384291	1.243069556	0.466171133	1.301808663	-1.861111877	-1.539371243	0.103017325	-1.737937066	-1.041956241	1.124151262	0.579445895	0.016037642	-1.310454331	1.592559081	-0.73515008	-1.83676906	0.121951519	-1.938223788	1.186850888	1.152288493	1.090730507	-1.658399044
X78	-1.899578562	-2.145586958	0.525596313	-0.139385193	-1.012227667	-0.034393787	-0.181896416	-0.236446159	0.077120082	-1.020781279	-0.475317376	-1.188731191	-1.523394097	0.520802882	0.147213261	-0.875229762	-1.554374011	0.713265243	0.634312668	-1.872858267	-1.788274545	-0.456453381	0.559806174	-0.203772085	-0.488704282	-1.251418012	-1.08884952	1.299353189
X79	0.793493529	-0.459977619	-1.030133216	-0.895581752	-0.715648521	-1.482654647	-1.226875688	-1.430022025	-1.42889498	-1.257301818	-0.244357511	0.469345021	-0.733376434	-0.412841622	-0.771292908	-1.388627727	-1.602023462	-1.024722194	-0.626022482	0.256194825	-1.086331274	1.205095548	-1.319756794	-0.242087665	-0.554482908	1.674442005	1.538348401	1.211203466
X80	1.329293047	-1.696111782	-0.416378058	-0.946195806	-0.174895074	-1.214890687	-0.928025581	-0.401946969	-1.123331837	-1.310300433	0.437877037	-1.220874958	-0.652511081	-1.615870197	-0.852087044	-0.419119194	-0.394789281	-0.969697738	-0.310608083	-0.922171348	-1.081717656	0.184025893	-0.996120706	1.218491499	-0.526709596	0.452979787	1.738404157	0.733577296
X81	-0.187432762	0.357266562	-0.422467152	-0.69731624	-0.93539029	-1.321857853	-1.315448002	-1.390209015	-1.17365268	-1.71123061	0.668489172	0.300006166	-0.643535789	-0.14300593	-0.381233762	-0.818666081	-0.794284296	-0.221387351	0.89617605	-0.620170641	-0.398172171	0.397289821	-0.737509962	0.316846214	-0.246148567	1.224525252	0.277707859	0.64234398
X83	-0.741497527	0.214181716	0.559271906	0.092620785	-0.04155396	0.142646123	0.39757453	0.445725645	0.028654909	-0.317184673	0.691126388	0.573644003	-0.062579444	1.443185238	0.63136125	-1.156256839	-0.014980577	0.636961337	0.576680866	0.180014628	-0.500619135	0.101711946	0.535694	-0.041454114	-0.250930308	0.423093544	0.374655391	0.047123958
X84	0.441797424	-0.798609163	-0.925403924	-0.24897628	-0.918949187	-0.582529812	-1.62864073	-1.56510782	-0.264322284	-0.59101441	0.772965452	0.305166144	0.859127703	-1.078818103	0.964111015	0.272050207	-1.886636441	-0.349537915	2.120165291	-0.113965975	1.086692475	-0.624947301	-0.399148655	0.502116676	-0.98983071	-0.641428425	-0.468296211	-1.130771627
X85	0.378328812	1.216633574	-0.533745273	-0.385766303	-0.241347457	-0.265961969	-0.5512968	-1.095298503	-0.478297734	-0.288698278	-0.219714941	-0.610819042	0.936764459	-0.743537895	-0.334182918	0.129641657	0.957295758	-0.25027307	1.266259021	1.329376129	2.210299359	1.982368736	-0.358439757	-0.150022147	0.598152573	0.722860098	0.038879127	-0.065333457
X86	-0.741568319	0.296310358	1.175708799	1.328866647	1.292677198	0.593567178	0.123780323	0.023528858	1.249471995	1.20958239	-1.077385904	-1.588237188	0.197328856	0.021237253	-0.362050286	0.782627965	0.577058977	1.035751164	-0.777413925	1.15380557	-0.070360051	-1.212550862	1.03214819	-1.481681736	1.316087075	0.263793375	0.314524534	-0.449827621
X87	-0.559412277	0.177679233	0.03298446	0.722595243	1.149332005	0.565915659	-0.131232709	-0.231860257	0.51737214	0.630047146	-1.119199949	-1.230203633	0.159622042	-0.224721031	-0.477012637	1.672558271	0.422605978	-0.198530735	-0.301621442	0.457237899	0.340647943	-0.816663269	-0.036364149	-1.010206461	-0.397608767	-0.825665596	0.393010525	-1.109382793
X88	-1.81367118	0.223013343	0.108212655	-0.252917896	-0.458051198	0.564683604	0.314544704	-0.355403694	-0.099889818	-0.14974394	0.016474324	-1.884245495	-0.507160359	-1.086553141	-0.071288011	-0.823035218	-0.548925255	0.337162954	0.510635412	-0.197823615	-0.641035573	0.063004702	0.296714223	0.110567154	0.111995352	-0.129997117	-1.371935226	-0.096881228
X89	-0.660433287	-1.305932202	0.454289962	-0.005838059	0.180343142	1.10287774	0.568395278	0.032650443	0.530067284	-0.127806733	-0.15482603	-0.867167772	0.074205306	0.58477523	0.081142572	0.14151686	-0.175281227	0.893918967	0.514648353	-0.95251354	0.147472304	-0.102909799	0.827630862	-0.149987256	-0.137926882	-1.335706853	-0.494849816	-0.070002648
X90	0.383353927	0.120878503	1.016067397	0.188351103	-1.016770994	0.926522468	1.368494974	0.929542519	1.122925877	0.060556043	1.444113763	1.000351556	0.018108259	1.363907817	1.177118392	-0.054590678	1.268741584	1.204554808	1.728060725	-0.809457515	0.590878453	0.75278323	1.290704886	1.375259763	0.725346291	-1.736074683	-0.538112899	0.228375296
X91	-1.225429672	-0.42265544	1.004757181	0.025906554	-0.50746825	0.923558752	0.951552389	0.521331248	0.601788656	0.052510988	1.95540947	0.142902165	-1.596806818	0.202031376	0.587545272	-0.801586066	0.404520872	0.654644259	1.264746995	0.168002094	1.037320561	-0.11589555	0.697191841	1.154054902	0.358037058	-1.429311503	-0.616593339	0.463482049
X92	0.873500113	-0.565535964	1.773449712	0.688678524	0.206642719	1.342089098	1.638078655	1.443957162	2.248616104	1.093560611	-0.001068944	1.262615102	0.11700701	2.102462468	1.32101844	0.254650008	2.262121757	1.513092206	0.002901556	-1.78253409	1.051706734	-0.145674761	1.790055725	1.010919755	1.539613316	-2.028939407	-1.496497717	-0.810565851
X93	0.067523285	-1.233090177	-0.679969125	-1.134600018	-1.587991121	-1.202003893	-0.260132203	-0.163390974	-0.84026242	-1.354688955	0.472260341	-0.036273376	-0.455396643	-0.036014178	0.683345987	-1.09531957	-1.380852169	-1.052049961	-0.253133885	-1.559001927	-0.810933326	0.230457934	-0.955865962	0.614309019	-1.252976026	-1.201333091	0.946549739	0.30690373
X94	1.335994772	-1.470683492	0.209023657	0.223942661	0.512414893	-0.090021781	0.140474857	0.282183469	0.240527406	0.068868402	-0.584250709	-0.771899418	0.199638493	0.169639854	-0.561814994	0.418843556	0.188549818	0.366446525	0.450320876	0.52004282	-0.782936371	-0.890094204	0.28701997	-0.214931702	0.122257455	0.016890963	1.131706516	-0.095160822
X95	0.32686696	-0.629428634	0.598043573	1.509037774	1.044627398	-0.027597482	-0.03049436	0.416753869	1.16667413	0.456031498	-1.006862687	0.808934428	1.873716937	-2.094503612	-1.219105197	0.755086717	0.747563928	0.773502301	-0.93422523	0.830813508	0.505775857	-0.44786017	0.744367224	-1.545458301	0.628390745	-1.168431156	0.059311914	-1.05308356
X96	1.435585754	-0.22138853	0.94978631	0.364969231	-0.112669858	1.000819638	0.91518137	0.970458001	0.986772918	0.519980828	-1.036586435	0.331027393	-1.50619486	-0.864818908	-0.468807204	0.523141321	-0.649514516	1.054189302	0.157187311	0.688859916	0.464583799	0.63327297	1.075688898	-0.415055334	0.467864945	-0.994430546	-0.392752921	0.073396398
X97	-1.422424152	-0.431724878	-0.327442288	-0.199599477	-0.586794707	-0.101207749	-0.33269791	-0.591087149	-0.116620951	-0.1257278	0.803224103	-0.001039995	0.180714734	0.323531475	0.463952723	-0.723277091	-0.519839285	0.13774809	1.450114122	-1.105245485	-0.484327939	0.176757846	-0.012602709	0.238952855	-0.147980617	-0.585976453	-0.828365226	0.251621201
X98	0.088248292	-0.630428894	0.104573367	-0.134410103	0.413744035	-0.476099181	-0.960343817	-1.125505052	-0.19970974	-0.308504016	0.090039461	0.215993226	0.104551199	-0.739556743	-0.952717619	0.658588257	0.2223245	0.039201754	-0.091750317	-0.482180104	0.100655649	-1.040569071	0.001187212	-0.846612251	-0.125464642	0.005760292	0.847935908	-0.274790176
X99	-0.054086723	0.966026591	0.18260913	0.257970125	0.671202448	0.256302144	0.038719323	0.220183263	-0.03128746	0.743107971	-0.674610403	-0.807344342	0.134773545	-0.96171882	-0.97821918	0.499280806	0.544601637	-0.368847225	-0.577821182	1.796653185	0.325127697	-0.942551474	0.082756296	-0.675079945	0.252370722	-0.094685686	-0.214712543	-1.118474162
X100	0.016251797	2.531775122	0.497351693	1.625741645	-1.671883942	0.104494167	-0.833343825	-0.349328182	-2.143557617	-2.011931697	NA	NA	1.031355905	NA	-2.320493746	NA	2.13067826	-2.353426758	NA	NA	-1.926933911	-0.282504248	0.193771486	NA	0.330464752	0.894902614	-1.925236306	-2.094581908
X101	0.826476531	-0.167366914	2.207697743	2.282900558	0.686487399	1.764908835	1.386173708	1.715393653	1.823725988	2.331173497	-1.121768388	-0.122424864	0.131341539	0.621036093	0.589755077	1.196424255	0.783628088	2.194509496	-0.969501316	0.107496605	0.063301309	-2.339186805	2.218637214	-1.386887695	1.656744184	-1.167403109	-0.618675451	-1.230524155
X102	-0.793966264	-0.985241455	0.104494387	1.155235438	1.157549168	0.317755201	-0.39848021	0.076983302	0.891568066	0.649717667	-1.612395849	0.152451729	0.154611521	-0.211869696	-1.901699795	0.977645875	1.305369476	0.173690155	-1.370127791	-0.168010342	-0.16807407	-1.600206149	0.157144773	-1.434645425	1.216354373	0.369852005	0.163322642	-1.335508733
X103	0.834776741	0.203574661	-0.360582339	-0.60779149	-1.331450144	0.073930485	0.950298754	0.442935768	-0.51344209	0.463898647	1.550656202	1.096698908	-1.439341961	1.193971966	2.532845881	-1.50501123	1.12808998	0.49279408	-0.18557723	-1.421057828	-0.931590393	-0.678696423	-0.358294079	2.638435828	-1.043550646	-0.402998467	-0.664665905	0.756812053
X104	0.497631162	0.760304018	0.297779932	0.079086375	-1.386952201	-0.051113838	0.429251751	0.09822941	0.051630006	0.188262541	1.294806193	1.406623325	1.077192409	1.324333386	0.934301048	-0.761951197	1.028978158	0.632819648	0.290373837	-0.224409247	0.910938124	1.270159737	0.49228714	0.691625886	-0.483629933	-0.334062848	-0.512725457	0.520296501
X105	0.372792309	-1.676520236	1.558600274	1.103098681	-0.00023329	1.021763161	2.261906462	2.287036753	1.464909806	0.617208035	-0.234659527	0.234460498	0.216447997	0.585348263	0.080570906	-0.372604599	-0.230993943	1.492872649	-0.054227513	-0.492692673	0.225373341	-1.504164702	1.494433098	-0.322613027	0.979516091	-0.943787309	0.162603809	-0.18595026
X106	1.227023243	1.368694411	-0.17550979	-0.445403773	0.050063999	-0.369921287	0.083737667	-0.136948496	-0.31047606	-0.440156493	0.164647402	0.748977002	-0.422522594	-0.717445407	-0.137209113	-1.346098648	-0.778708543	0.015194513	-0.611432679	-0.701666772	0.608590272	1.638550231	-0.30492138	0.40220511	-0.869825827	0.906883988	-0.376756052	0.954754777
X107	1.641729546	1.140131954	-1.017853423	0.79073543	1.198951538	-0.129375896	0.641504885	1.440692396	-0.294118884	0.639401516	-1.557311932	-0.430658411	1.018017246	0.313595447	-1.401579025	0.632531568	-0.377415815	-0.839050819	-1.635202016	0.928678681	0.991352404	-0.821446503	-0.639324242	-1.197938075	-0.056458342	0.588430473	0.214962029	-1.122401889
X108	2.049378184	0.493852178	-0.688511523	0.61067503	1.225563136	0.517474237	1.20249936	1.248619432	0.188355525	1.826236028	-1.833707669	0.384243818	0.191604527	0.779074453	-1.579245356	1.635341657	0.553647938	-0.516247522	-1.402887364	0.817196005	1.413850127	0.079811404	-0.217488358	-0.914636697	0.147850567	-0.012233829	0.155879214	-1.03394642
X109	-0.217758109	0.712155479	-1.288523071	-1.109821308	-1.407678859	-1.090653428	-1.294263289	-1.748059417	-0.815358016	0.68667048	0.636236908	1.09763633	-0.769895212	-0.254967023	-1.113396997	-2.265533108	-1.21999938	-0.477474435	-0.725468365	-1.355074818	-0.610358612	1.830109274	-1.452418137	1.681321941	-1.207035655	1.625278265	-1.374141221	1.270670622
X110	-0.430035784	-1.084009294	0.630221661	1.251165078	1.533338042	0.570647402	-0.053187971	0.238585349	0.693429175	1.464767347	-1.006464758	0.127682329	0.325087324	0.664577957	-1.280848114	1.030275775	0.579878009	0.129310877	-1.608296478	-0.967726489	0.562842647	-1.045033141	0.254982073	-0.80767188	0.478412387	-0.934213358	0.243072756	-1.463663626
X111	1.399845778	-0.599928267	0.990638466	1.093829988	0.1763509	1.205332618	1.309943544	1.083968604	1.024706923	0.198459247	-0.75915474	0.329299398	-0.544622023	0.784249568	0.213027866	0.543617027	0.373325171	0.734641944	0.159046229	0.348745585	0.639077401	-0.193090723	0.778526461	-0.350623894	0.98797588	0.212590835	1.182115913	-0.188125636
X112	0.766004464	-0.839853454	-0.124690366	0.399654939	2.549099622	2.094805068	0.839191398	0.519744834	0.765610681	0.986488501	-1.317901816	-1.466564075	0.117840817	-0.693349243	-1.218563659	1.782210687	-0.540645116	-0.732963726	-1.467197547	0.025243773	-0.241903427	-1.438928134	-0.474741502	-1.766562073	-0.87123322	0.282153105	0.130395883	-1.601526079
X113	-0.061723775	-1.283475923	-1.9166161	-1.523368384	-1.586773505	-1.926483373	-1.872062196	-1.316686748	-1.746388536	-0.374257486	0.621269748	-0.15017411	-0.625716397	-1.03827474	2.025707705	-0.946170241	-1.737415798	-1.225665521	-0.494774207	-1.955277549	-1.226785989	1.153252818	-1.896215118	1.443782601	-1.301941359	-0.473359041	1.326765376	0.886979984
X114	NA	NA	NA	NA	NA	NA	NA	NA	NA	NA	NA	NA	NA	NA	NA	NA	NA	NA	NA	NA	NA	NA	NA	NA	NA	NA	NA	NA
X115	-0.324069494	-0.432549451	-0.089054434	-0.066822211	0.280143052	0.938190291	0.196496854	-0.620598045	-0.026515682	0.286386321	-0.259708935	-0.02389785	1.054341855	0.074006792	-0.627038751	-0.260330058	1.582521442	-0.010076366	1.066303861	-0.255912997	0.864667675	-0.697241952	0.146059626	0.239861253	0.129063261	-0.41818711	0.263112646	-0.661633873
X116	-0.847021506	0.965235896	1.241213625	0.799226117	0.376741759	1.315651459	0.339123482	0.428854884	0.790230938	0.908159865	0.095418607	0.553509612	1.019262305	-0.018807951	0.8901925	0.359231559	0.682626378	0.816657406	-0.360447602	-0.338525503	1.715825405	1.476307437	0.969042299	-0.060762562	0.631045121	-1.436668579	0.049679117	-0.104627923
X117	-0.355270779	0.506716861	0.628277606	0.31656281	-1.013132705	0.0985511	0.499107584	0.432376676	0.485286638	0.053322303	0.803553625	0.805781774	0.58239961	1.291664696	1.051037686	-0.459761108	0.669882941	0.778798685	0.624185935	-0.297836815	-0.972310494	0.228171276	0.751836418	0.798192477	0.340974718	0.451795675	0.143176748	0.529671706
X118	0.695017119	1.883061096	0.880964108	0.701918207	-0.744829394	0.097438231	0.786489273	0.477057008	0.717128325	0.252318127	1.965113832	0.461641662	-0.023445281	0.908677279	0.431597718	-0.904464784	0.982854644	0.998959075	1.217164138	1.29936706	0.455936641	0.137040983	0.93701744	1.032612649	1.303851361	0.78141672	0.256510522	1.286100295
X120	-0.563333141	0.485970769	-0.861270898	-1.374027211	-1.523934202	-1.031161087	-0.56663604	-1.088073481	-1.218787326	-1.218254711	1.429515506	-0.917577405	-0.57147041	-0.331603057	0.465471896	-1.134585349	-0.167977693	-0.714913695	0.165520962	-0.531482651	-0.408407632	1.617166482	-1.385197962	0.741085242	-1.488066568	-0.305046778	-0.98353447	2.288672328
X121	0.025903849	0.978224547	-0.428156095	-1.134715299	-1.005683792	-0.385141662	-0.103671865	-0.200055884	-1.114156676	-1.792978461	0.187803109	-0.236285105	0.006576658	-1.436190331	-0.621045441	-1.690110111	-0.183618735	-0.357395901	1.210174945	0.882487425	-0.408166132	0.537771691	-0.599668374	1.153598607	-0.154291458	1.155653915	1.861715843	0.83404085
X122	1.214599693	-0.071027582	-0.41096656	-0.338690279	1.353556118	0.050757966	0.609233406	1.085452815	0.176687759	0.396266017	-1.169559786	0.184235359	0.822808897	-0.206784207	1.147121389	1.201829877	-0.195616622	-0.49132862	-0.712742267	1.213148474	-0.044622699	0.284855785	-0.253487216	-1.093940685	0.018043064	0.438873585	0.988167243	-0.34782892
X123	0.333129998	1.513523545	0.684564505	0.272756582	-0.116838649	1.477553282	1.037489383	0.647652276	1.01656731	0.985750324	0.978650522	1.159627039	1.499252905	0.756099405	1.576439261	0.081080526	1.905409545	0.994271713	0.406550667	1.374169161	-0.312623226	-0.369684085	0.855633297	0.370670309	0.795747165	-0.150899294	0.603117111	-0.173328328
X124	-0.327566895	-0.037805725	0.844452524	-0.044285651	-1.931061923	1.004656029	2.343249586	1.928495344	0.99796965	0.356779579	-0.602985075	1.638938005	1.70189233	1.966753367	0.659616591	-0.250570629	2.202514935	0.798962275	-0.855428157	0.60801911	-1.744640478	0.814518887	0.796377214	-0.151341194	0.676349979	-1.575066813	-0.497544199	2.169304084
X125	-0.634285695	-0.421075057	0.693274827	0.236625218	-0.284039923	0.806202238	0.181749066	-0.079893705	0.745743419	0.507950448	0.77212404	0.929791782	-0.068559416	0.851538325	-0.348395669	-0.922257211	0.698309428	0.595875338	0.13066114	-0.383746776	-0.5228729	-0.666374024	0.684974953	-0.225451707	0.478800484	-0.391526248	-1.154392691	0.721428865
X126	1.963025265	0.846362587	1.510425811	2.31772345	2.465241492	2.204105632	1.613210248	0.847440942	1.815361563	2.397157607	-0.625121035	1.65978794	1.163891123	1.259624533	1.362204162	1.538317671	1.655177336	1.699949744	-1.379708366	1.627617163	1.127021461	0.608909205	1.742448955	-0.698318015	2.033236575	1.339205974	0.259636477	-0.273215301
X127	-0.513038355	0.96468389	1.737634614	1.569287425	0.802105312	1.966185756	1.356734291	0.921595571	1.585344062	1.870393661	-2.120345934	0.947058913	1.670301879	1.083994193	-1.188155278	0.808515783	1.705550774	1.180569242	-1.049549566	1.321299816	0.779715095	0.40890859	1.44574446	-0.833687596	1.258617507	-0.577636644	0.257506794	-1.700527347
X128	-0.360912431	-0.023132848	1.353647678	1.136259347	0.259368887	1.028690064	0.767161946	0.613054945	1.427557296	1.467476353	-0.585819219	1.120565918	0.866420432	1.201965661	-0.4221593	0.448912277	1.078071541	1.312144086	-0.252126082	1.167376052	-0.306291537	-1.990803177	1.278596672	-0.767860674	1.435555195	-1.588259036	-0.177605233	-0.640779976
X129	0.765821739	-0.016918055	1.228757159	0.314725074	-1.228746062	1.196397233	1.76363441	1.651738442	1.199911485	0.854035194	-0.377336428	1.88970795	1.502968039	1.979188725	1.183948207	-0.294337552	1.638742592	1.110591423	-0.228189957	0.905714036	-0.16723665	-0.015610685	1.057065812	0.102180756	1.224775818	-1.070296899	-0.061218366	0.210788446
X130	-1.03753532	1.373216444	2.504417398	2.044360514	0.192024097	1.383009486	1.122496709	0.831648993	2.378562939	1.616808143	-0.124412824	1.568859923	2.358424841	1.867169454	0.244942445	0.102054982	1.276542183	2.605056684	-0.420068503	1.080101033	0.166383994	-1.035907905	2.591325516	-0.848170903	2.001434814	-1.442014483	-0.256495266	-1.207908358
X131	-1.256666703	0.311959005	0.594163871	0.100350923	-1.325233877	0.508208536	-0.021336856	-1.204146828	0.339368765	-1.013541426	0.443396561	0.782634543	-0.205743262	0.320241857	0.48536209	-1.356326234	-0.172309068	0.794052956	-0.009270988	-0.336130793	-1.306033114	0.860124014	0.602627365	0.519503859	-0.460551282	0.030120209	-0.578494859	1.437798781
X132	1.04673917	1.53386274	-0.719283791	0.121639174	1.123098548	-0.110662514	-0.115386114	-0.277739103	-0.28468681	-0.183948542	-0.802920413	-0.55213127	-0.597359017	0.240862925	-0.083777945	0.954348053	0.451070353	-1.095053588	-1.586926375	2.289988286	-0.105660748	0.21603986	-0.615825611	-0.539089453	0.858775421	2.395230863	0.621061221	-0.137338379
X133	0.736449408	0.123884981	1.42964334	1.194498169	1.174945454	1.500171885	0.301589245	0.857367432	1.724268944	1.106361113	-0.902105865	-0.340512585	0.332600472	-0.142294302	-0.221584681	0.21663458	0.150419271	0.91957034	-0.945540209	0.020239606	0.808037236	-0.856347001	1.044355981	-1.729708519	1.095185196	-1.677077392	0.861784971	-1.410738642
X134	0.100975198	-0.69649513	-0.534928122	0.436280543	-0.215162978	-0.489891715	-0.566101631	-0.758358245	-0.430900414	-0.712047184	0.123963309	1.020032327	-0.547363354	-0.826033237	0.598392065	-0.167683471	-1.420103345	-0.44577423	0.972936714	-0.442122223	-0.371561946	0.926343191	-0.006460355	0.586221625	-0.353018657	-0.575385986	-1.18900695	0.884430268
X136	0.238853913	-1.383718104	-1.817020595	-1.607448526	-0.137152313	-1.393574288	-0.935773804	-0.466758558	-1.151555222	-1.419893777	-0.135528055	-0.559000767	-0.51483188	-1.037564491	-0.573895446	-0.030643599	0.244964731	-1.330802425	0.512058849	-1.147317753	-0.052712064	0.268049211	-1.642663497	-0.221910089	-0.701181515	-0.134413535	1.180046685	0.167634856
X137	-1.652021756	-0.526494442	-0.782281901	-1.281075663	-0.832491602	-1.50938419	-1.943343112	-1.993176233	-1.781644044	-1.935557999	0.475431787	0.261358348	-0.394522208	-0.809311971	-0.539241788	-0.352597829	-0.406900175	-0.906581127	0.198490303	-0.906946524	0.049534442	0.803273715	-0.8329636	2.217232694	-0.65167882	0.256521299	-0.169159291	1.499429006
X138	0.393833373	-0.599384168	-0.954996061	-0.813162838	-0.303528358	0.350673109	0.029622348	-0.294851666	-1.003449382	-0.703655229	0.165597523	-0.188466453	-0.621112333	-0.492428135	0.444224057	-0.120764261	-0.550795408	-0.62672984	0.245243633	-0.043275804	-1.762792689	-1.910105868	-1.178146294	-0.079884096	-1.207047384	-0.062767302	0.71640237	0.448924781
X139	0.799116643	1.755077265	-2.07102708	-1.319416222	-0.101610208	-0.275816199	-0.537258979	-1.996466443	-1.333714882	-0.738595048	-1.149583106	0.095792445	-0.003689303	-1.148943204	-0.438244434	0.114825624	-0.639191936	-1.345494396	-0.913758606	1.195943024	-0.084286879	1.147103291	-2.095478519	0.227932383	0.275522438	1.869233903	2.172969669	1.063950455
X140	-0.564200345	-0.864652724	-0.37585474	-0.008406837	-0.131873578	-0.557409308	-0.912367091	-0.759045562	-0.815690367	-0.979285412	0.389505651	0.406748915	-1.166123938	-0.335183281	-0.666423625	0.220980916	-0.836726736	0.050037755	0.080245578	-0.442860801	-0.316947254	-0.037904212	-0.201592812	0.16260923	-0.207304359	0.056312586	-0.2164562	-0.231411549
X141	1.196852434	-0.37233561	0.040981929	-0.00282523	-0.941935643	0.535349958	0.193092367	-0.908664538	0.089372241	0.036579451	1.078161549	0.091203888	0.689502777	0.308354255	-0.725874663	-0.144874442	0.564105454	0.31886376	0.004555106	0.195722729	0.33042821	1.356627384	0.035671144	0.281154777	-0.328478851	1.228718008	-0.007167124	0.362581392
X142	0.09182227	0.736687838	0.102624761	-0.18336914	0.167362169	-1.547856515	-1.257888657	-0.455832015	-0.806129411	-0.507934728	0.183939341	-0.082197632	-0.450837856	0.352798002	0.152408235	0.682326796	-0.423967742	-0.051185876	0.869389582	-1.240266327	0.103785201	-0.315200244	0.069123174	0.054022605	-0.261531393	0.168344334	1.037747841	0.624620851
X143	0.474413016	1.132815653	-0.089199763	0.327419148	1.084601611	-0.860540372	-0.27815051	0.394682368	-0.047113353	0.672232194	-0.46009961	-0.894851488	1.06812659	-0.230572548	-0.019653437	1.621545034	-0.148833106	0.105670139	-0.625368003	0.806576403	0.217904692	0.313191264	0.051931238	-1.230496357	1.023250498	0.931334403	2.152819636	-0.611197053
X144	0.246842609	-0.010313722	0.50112546	1.153199787	0.819095797	-0.165276513	0.538638878	0.855698204	0.664046095	0.919688628	-0.650776301	-0.565584622	1.340112927	0.566425848	-0.1560833	-0.074278404	0.233890561	0.449183979	-0.655467824	0.308287027	0.64043529	-1.065780529	0.555979327	-0.75854637	0.437199406	-1.322333794	0.730017009	-0.904430414
X145	-1.196157084	-0.82716224	-1.59518226	-2.086747292	-0.46179386	-1.588088932	-0.089336768	2.082238556	-1.697731217	-1.166272747	1.323920525	-1.141809589	-1.39918979	-0.594536634	0.764619985	-0.664743609	-1.820697663	-2.12786801	1.395629817	-2.031079263	-1.034587783	0.501340981	-1.35399851	1.57462122	-1.911805148	-0.660530569	-0.605123325	0.833592072
X146	0.098676768	1.309680412	0.315988144	0.569122068	-0.374326665	1.257588767	0.700227268	-0.019687628	0.444573932	0.844892507	0.279824139	0.5678191	0.504665417	0.723360123	0.143876978	-0.852237955	1.153819331	0.529922228	1.339489786	0.083121655	1.523958433	1.565345969	0.488118934	0.334686741	0.491807164	0.416811969	1.026474889	-0.618485317
X147	1.308380629	0.003084244	-0.606023889	0.164135389	1.881001682	0.519122592	0.565875414	0.760293669	0.199606519	-0.218867175	-0.585849043	-0.411846585	0.735369758	0.287781307	0.173724614	0.90106213	0.243079209	-0.267370193	-0.946837803	0.619843247	0.050939839	-1.37029409	-0.23159671	-0.608716198	0.360663931	0.429580316	1.412832805	-0.99333489
X148	0.723007805	-0.801879209	-0.94956326	-1.203381388	-0.123013872	-0.708237344	-0.777550875	-0.971343436	-1.152506539	-1.133092912	-0.099244654	-0.537335097	0.60404715	-0.90222051	0.591426108	0.3984852	-0.602316626	-0.411699591	0.139166341	-0.604113221	-0.552913693	-0.048002388	-0.689728834	-0.720126809	-0.384970457	0.423200775	1.233407801	0.438678447
X149	NA	NA	NA	NA	NA	NA	NA	NA	NA	NA	NA	NA	NA	NA	NA	NA	NA	NA	NA	NA	NA	NA	NA	NA	NA	NA	NA	NA
X150	-0.348438366	-1.707430757	-0.346785333	-0.323219672	-0.582997833	0.142523034	0.178840772	0.020859281	0.130481601	0.114072804	0.2584826	0.625744374	-0.241761473	-0.386937825	0.682954286	0.54862107	-1.470522053	-0.411600939	0.389369707	-0.973710004	-1.060630969	-0.567829607	-0.270731711	0.136101419	-0.982882438	-0.699467668	-0.422265011	0.209565591
X151	0.940883534	-1.105980533	0.714665087	1.077996586	0.37054403	0.378095118	0.703354333	1.242662863	0.70782449	0.437326804	-0.663637761	0.883459326	-0.092281365	-0.233690961	-0.390967148	1.78313556	-0.204610629	0.547048763	0.039651078	-0.052917521	-0.327572765	-0.855856122	0.639083342	-0.97528035	0.151441667	-0.406825246	-0.834902391	-0.811954593
X152	-0.031692245	0.553927027	-1.657231726	-1.809430301	-1.381402809	-1.928410412	-1.206679524	-1.175210617	-2.009875599	-1.73447736	0.819271408	-0.431822587	-0.53024372	-0.62099805	1.252515562	-1.811139787	-0.922730279	-0.945625229	0.786839163	0.183122076	0.219837978	0.993712302	-1.815760168	1.315213671	-1.957963025	1.131155523	0.389525072	0.937694526
X153	-0.080442958	-0.430185531	-0.109487872	0.464966997	0.538370446	-0.336392658	-0.501917194	-0.360146554	-0.055120658	1.000324556	-0.49354434	-0.638225978	0.171931135	0.302853121	-1.03094107	0.112041141	-0.035933132	-0.163467676	-0.190637769	0.029118534	1.381730554	0.507340187	-0.041017533	-0.190725903	0.029244045	0.782920424	0.336931559	-0.970094627
X154	1.107361203	-0.746573567	-1.307123475	-0.408328139	0.472078673	-0.725933248	-0.056260235	0.193704535	-0.398119889	0.316942371	-0.710403859	0.287635671	0.14808728	-1.316128485	-0.675983394	2.454878638	-1.37258339	-0.884420404	-0.313323935	-0.528891083	0.310606374	0.051337028	-0.845052782	-1.131012633	-0.792092544	-0.138610446	-1.025426854	-0.66119255
X155	1.500634574	-0.58255228	-0.005829346	0.614921629	1.762563197	0.827745872	0.706853515	0.759708547	0.535953792	1.064323677	-1.220063006	-0.609749554	-0.470172739	-0.353976596	0.137106672	0.814846158	-0.490214147	0.232246748	-1.966489108	-0.400033425	-0.017548465	-1.439162649	0.125881702	-0.670614601	0.284581707	-0.276125263	1.123849485	-2.214272266
X156	1.106484712	0.341863129	-0.815935612	-0.625254858	1.469208606	-0.633664555	-0.30800804	0.442093738	-0.565623328	-0.160374587	-0.712754466	-1.611363037	0.520617359	-0.797212497	-1.585587067	0.462881019	-0.316943899	-1.747499378	-1.693827779	0.173845848	-0.124392477	-0.473949899	-0.772279662	-1.552382913	-0.032323956	-0.2358618	-1.089956657	-1.549126343
X157	-0.357147782	-0.025206206	0.307247506	0.903086966	0.162672115	-0.773575695	-0.594537895	0.309565836	0.428066481	0.566219998	-0.098821175	-0.332989441	-0.612986057	0.547270065	-1.159516756	-0.579953814	0.075462547	0.078643257	-0.4390649	-1.341663739	0.605519626	-0.897138432	0.236578668	-0.367220269	-0.205974117	-0.795258965	-1.342130917	-0.650043934
X158	-0.24253099	-0.363318773	-0.375214681	-0.468082711	0.239372624	-0.010593863	-0.603329153	-0.614096475	-0.072132601	-0.257338063	1.534841717	0.168770285	-1.107661935	-0.254050479	0.026018868	-0.468427236	-1.126613155	-0.236638687	2.006830973	-0.607780933	0.202270626	0.058542497	-0.57633015	1.157973943	-0.949986914	-0.116481937	-0.572783261	-0.367825625
X159	-1.006358322	-1.840736164	-0.023942628	-0.262883105	0.440443173	-1.316338855	-1.701476267	-0.249293923	-0.277990034	-0.181894975	-0.303614382	-1.00342833	-0.417914597	-1.292446884	-0.876489294	0.707390016	-1.644060449	-1.074865301	-1.311624597	-0.271061146	-0.671579513	0.042082861	-0.660555163	-0.089832289	-1.060490264	-0.097338087	0.509745916	-0.508241962
X160	-0.463630966	0.417901875	0.292418691	-0.586641597	-1.184005416	0.245267563	-0.026621776	-0.192992273	-0.251269212	-0.623852044	1.770950356	-1.074470382	-1.227506892	0.148278807	-0.008189362	-1.882037913	-0.076980313	0.267516193	0.596971016	-0.455983478	0.618583727	0.585440707	0.205540964	1.725702627	-0.550181988	0.299854661	-0.106626406	1.483618752
X161	-0.94927332	0.769427001	-0.161614379	-0.655805524	0.683977147	-1.968171954	-1.868638555	-1.519319317	-0.786643688	-0.414845553	-0.190057599	-1.041677184	-0.707724725	-0.787009497	-1.567073199	0.997063238	0.526372776	-0.36676873	-0.443823256	0.17340122	1.689118149	-0.045879253	-0.493300427	-0.736011779	0.206464201	0.51939656	-1.049244589	-0.154355564
X162	-0.947651048	0.437890206	0.198857159	-0.489762198	-0.261894818	0.452221808	0.221863339	0.080638191	0.128746673	0.147054188	0.710897467	-0.352072018	0.543524006	0.03112925	0.057081607	-0.402183336	0.30445037	0.189874927	0.329524734	0.425896615	1.358560271	1.602635783	0.398080722	0.755348511	0.637088447	0.208586811	-0.706326925	0.957741548
X163	-0.012982761	0.717723724	1.359144967	1.359075927	1.059634792	1.679963195	1.525223652	1.27236868	1.343061296	1.283989416	-1.661187181	0.298895029	0.865858678	0.898325273	1.038873328	0.439417272	0.143880102	1.574683713	-1.524010997	-0.218793599	1.396026794	-0.135910496	1.14809898	-1.4623696	1.093612356	-1.077422563	0.450782396	-0.979600463
X164	-0.229001354	-0.899920415	1.238219284	1.307762642	0.413800791	1.122897826	0.59249171	0.499429764	1.239812443	1.25243599	-1.55318502	-1.322770335	0.429945364	-0.248523403	-1.885926721	0.719731296	0.892508009	1.2561874	-0.426317089	0.176371419	0.726194986	0.670036151	1.49711161	-0.585063804	1.000909176	-0.055101711	-0.271940006	-0.596252201
X166	-1.496824042	0.890284865	0.31699125	-0.395736404	-0.158946271	-0.806062088	-1.156962841	-0.776690011	-0.44080708	-0.621650363	0.888842096	-1.503845499	-0.53918689	-0.66096523	-0.263398219	-0.620987613	0.023739606	0.094543707	0.779462075	0.481555779	0.736946418	1.042157767	0.294553683	1.114574727	0.370434678	0.894394723	-0.841351002	0.281499703
X167	-0.921065293	0.184641067	1.201273487	0.973875778	-0.082463447	0.793155456	0.069503193	0.126771948	1.136523161	1.192339436	-1.055588174	-1.070466703	0.972875927	0.396120642	-0.627898782	-0.914594707	0.947382842	1.060485877	0.156093817	0.579211985	1.756419813	2.047108019	1.102167831	-0.173500493	0.858152305	0.56255278	-0.022209343	0.521289937
X168	-0.335757108	-0.055222621	0.866495238	1.638346028	0.749280215	0.759899529	0.386151237	0.47645129	0.88299923	0.802670886	-1.42557329	-0.09330467	0.22394233	0.692215381	-1.259578527	0.467299139	0.421333789	0.745504986	-1.393154447	-0.699015217	0.120064988	-0.790649985	0.758225642	-0.954391894	0.318753001	-1.191597637	0.328913641	-1.130664764
X169	-1.483012956	-0.63039821	0.439868217	-0.045606295	-1.539136477	-0.150867031	0.256175126	-0.104376451	0.477766922	-0.853543215	2.163372905	0.21849694	0.100814072	0.889299097	1.580926999	-1.189824518	1.069300059	0.481508973	1.262590565	-1.658796911	-0.918530237	0.125675355	0.453709701	1.766686126	-0.084972228	-0.822239396	-0.895412128	0.317695205
X170	-0.835396138	-1.168479345	0.649727225	0.773765481	-0.084713415	-0.004708013	-0.084121244	0.319699032	0.642415134	0.316226794	0.166212189	-0.206273259	0.279390904	0.313345399	0.898224654	-0.807345356	-0.106137341	0.515094025	0.124940778	-0.865904631	-0.732168175	-0.802771787	0.611995355	0.636782061	-0.774377167	-0.984914138	-0.615894016	-0.433306966
X171	0.779681162	0.241273314	0.76668261	0.955471808	0.223342642	1.08099777	0.983448573	1.378075038	0.786061478	1.273255338	1.06086567	0.663565057	0.448071001	0.797956334	1.968370124	-0.180544851	0.75485444	0.805354086	1.066905301	0.951473775	0.650631597	-0.628954788	0.784943094	0.268302481	0.443421837	-0.338779937	-0.233482272	-0.51420041
X172	1.800677275	-0.550729433	-0.579504067	0.752108316	1.226707214	0.434900389	1.107291967	1.358307166	0.459406206	0.556433527	-0.837158715	-0.399801651	-1.149689423	-1.367538665	0.825685481	1.790157288	-1.022566162	-0.624766496	-0.470250769	-0.3679849	-0.620382806	-0.834458494	-0.368422407	-0.595260081	-0.632280106	-1.386713343	-0.310081097	-1.287196468
X173	0.922072446	-0.626183379	-1.03863091	-0.869476304	-1.486356333	-0.243802731	-0.27378774	-0.950655469	-1.362369162	-0.806151143	0.724608161	1.034799233	-1.83375847	-1.002188669	0.082296031	0.016108781	-1.01161794	-0.298292973	0.028665083	-0.056285226	-0.629473872	-0.122983037	-1.255304798	1.09772469	-0.227692836	0.712492038	1.632422978	1.305262521
X174	-0.7561466	-0.592096466	0.447519809	-0.247048334	-0.646020124	-0.763073221	-0.668200722	-0.734660022	-0.359178865	-1.425944504	0.507848168	-1.071905836	-1.109803102	0.264790301	-1.497956129	-1.460355525	-0.832351117	0.159840175	-0.097885839	-0.451031559	-0.827013663	-1.445369975	0.299640024	0.534128166	-0.789352272	0.232716473	0.974947248	0.465703455
X175	-0.650648519	-0.100772354	-0.270850791	0.080158449	0.563731759	-0.233182861	-0.195393471	-0.303169711	0.138757066	-0.013736351	-0.017997385	-0.803172315	-0.802620676	-0.179559091	-0.624052238	0.006100907	-0.174457007	-0.222927262	-0.711154606	0.650167939	-0.927007539	-0.629576107	-0.201101541	-1.323181556	-0.185560677	0.492626569	0.609694584	-0.500401618
X176	-0.584841976	-0.38143333	-1.020735443	-0.723209788	0.938813824	-0.178407517	-1.030591008	-0.56783451	-0.582302129	-0.066532089	-0.852374144	-0.734675819	-1.919509905	0.46137267	-1.370665834	0.129688315	0.011699938	-1.259663573	-0.466481403	-0.069077744	-0.56301586	-1.576854866	-1.05051398	-1.861958526	-0.532753405	-0.081677066	-0.017347683	-1.313767155
X177	2.357417929	-0.364703715	-0.925248771	-0.53970903	1.390990356	0.274780698	1.115326776	1.209801886	-0.009685655	0.197270398	-1.870274726	0.091243527	-1.20347516	-1.78033637	0.482094749	1.286307941	-0.750536562	-1.145117989	-1.477075115	-0.649422564	0.543364392	-0.357806565	-1.208302148	-1.957478809	-0.747941394	-0.724905398	-1.637930087	-1.88108531
X178	0.177833232	-0.667857735	-0.632493866	-0.973612653	-0.642207729	-0.528638932	-1.132793221	-1.532646367	-0.811151661	-0.487411864	0.929500713	-0.354539567	-0.195272193	-0.004303148	0.044478663	-0.305953823	0.341469409	-0.898324534	0.901659417	0.502382587	0.108309424	0.763103647	-0.749179664	1.052117286	-0.106724859	1.041903661	-0.899420463	0.411616889
X179	0.547812636	0.376673909	-0.436115066	-0.97226077	-0.618797503	0.141855077	0.086482777	0.354137736	-0.589508938	-0.668815948	0.380964974	1.136122103	-0.501811925	0.01460194	0.773907635	-1.618236699	0.242474376	-0.201345835	1.871330366	-0.125493272	0.584047	0.189739275	-0.197097661	0.64981067	0.447284236	0.445584292	-1.218575651	0.176640388
X180	0.606245053	-0.713361914	-1.133001086	-0.72440318	0.168650089	-0.429299878	-1.317420948	-1.269173106	-1.064283521	-0.378156206	0.107729899	-1.167352659	0.149115137	-1.658157544	-0.556680385	0.059621655	-0.22912494	-1.504097646	-0.045303077	-0.824609455	2.292666765	-0.117085365	-0.803579969	-0.115928885	-0.538249678	1.566644375	-1.727831356	-0.420674689
X181	-1.236493251	-0.940417493	-1.196848837	-1.480780415	-1.049171452	-0.296806729	-1.181561334	-1.670196118	-1.354729503	-1.365678514	0.682624981	-1.996475863	-1.080451588	-0.523716625	-1.185265819	-0.916774502	-0.355338213	-1.501823377	1.570469485	-1.219297173	0.095287012	-0.561948819	-1.140494154	0.779094559	-1.179777807	-0.268508487	-1.790869457	0.074753275
X182	0.245966158	-1.249238108	-0.196711749	-0.113982179	0.435651726	-1.041886658	-0.750339828	-0.769271177	-0.303679072	0.502289521	-0.384590075	-0.005564125	0.14812317	-1.625719335	-1.82465474	0.052612224	-0.093517523	-0.647461236	0.57883135	-0.715670186	0.6650538	-0.263140445	-0.497759579	-0.225423354	-0.697570759	0.128170061	-0.449060819	-0.638808693
X183	-0.474295492	-0.620203993	-0.72682773	-1.241168327	-0.840768204	-0.133892281	0.255901877	0.867787271	-1.04306374	-1.115770714	1.414996863	-1.370627829	0.34702392	0.428655104	1.375308196	-0.800827714	-0.945462604	-0.482649133	1.546881702	-0.553091318	-0.034312353	0.305780274	-0.863261686	0.97493034	-1.176772114	0.191168221	0.386162934	1.128998189
X184	0.386682815	2.424767897	-0.536730974	-0.989522255	-0.940976734	0.148698358	0.468304759	-0.481054197	-0.733483201	-0.803949184	0.687813525	-1.152455395	-0.984406829	0.490062428	0.964256098	-0.98048505	-0.426379492	-0.641514553	0.89927063	1.014878588	-0.246667612	0.771602671	-0.52173289	0.664628261	-1.410104917	1.663595435	-0.747191644	0.483208651
X185	0.855616013	1.991626947	1.253343594	0.439233248	-0.176864501	1.03052948	1.544502061	1.125072526	1.262073025	0.601101416	0.287355896	0.863091137	0.629719935	0.759322358	2.059824874	-0.671010634	1.63799547	1.839576179	0.015699318	0.957388505	0.714742528	1.11964596	1.216187552	0.743735769	1.144456598	-0.62922401	-0.059805644	0.346772693
X186	-0.081780452	1.500205818	0.441711458	0.146621265	-0.062494977	0.509724264	1.246126737	-0.151914623	0.310858993	0.65897544	0.336372334	-0.240175254	-0.982604678	0.362106686	1.263918456	-0.361051884	0.659000263	0.317326455	0.304424344	1.289546449	0.11636398	0.796503013	0.74283862	0.865414393	-0.751823727	0.758458785	0.531368939	0.392571152
X187	0.690246711	1.116968144	-0.950275945	-1.811260372	-0.63098813	0.276327999	0.840618094	-0.295039064	-0.817468041	-0.545307528	1.593891	-0.784590546	1.281350759	-0.00557399	0.142472049	-0.342194303	0.481323152	-0.998647363	1.202617135	0.65606188	0.899424126	2.569006498	-1.500090351	0.313116957	0.667027382	1.001547266	1.662171117	1.012159624
X188	-0.491953691	0.688112031	0.881037416	0.866039131	-0.335398202	0.693020053	0.922173888	0.361927045	0.94241381	0.78427957	0.785606843	0.814786038	0.936451087	0.766371477	0.555450435	0.027690231	-0.450679806	1.092959409	0.199778392	0.242710489	0.591688433	1.421769216	1.019073218	0.383852454	1.499870075	0.455168486	0.170705534	0.341196235
X189	-1.794808751	0.195748002	0.751439514	0.422267975	-0.269579084	0.735977337	0.165447909	-0.193587412	0.707025435	0.431898983	0.19823523	0.990757408	1.064149349	-0.307089626	0.649703706	0.070239376	-0.287073436	0.580668323	0.261205083	-0.704997783	-0.178875127	0.471482186	0.492330449	0.213164115	0.863246435	-0.956221833	-0.10687199	0.360644709
X190	-2.036302899	-0.904108285	0.706633252	0.010065014	-0.880883379	-0.410949037	-0.079041113	-0.771790906	0.296482972	-0.682872364	1.187034967	0.328240087	0.561873149	0.399902075	0.350939284	-0.556525057	-1.1098204	1.010390031	0.099309788	-0.356299686	-0.450871914	1.174169814	0.68479049	0.733330448	0.745109358	-0.082778476	-0.020817916	1.415443987
X191	-0.376632368	-0.100655219	0.664061937	0.689827371	0.250418857	0.451617424	-0.049843973	-0.362205478	0.697506427	0.392414034	0.051692482	1.372669127	0.115082356	0.43596977	-0.300527721	1.616256391	-0.362370833	0.58656076	0.464821518	0.877322832	-0.487879989	-1.352155444	0.741463189	-0.367234105	0.895217556	-0.165900015	-0.217441402	-0.130579398
X192	-0.579877863	0.439037798	0.628490613	1.300199546	0.646328387	-0.666296788	-0.724883188	1.158381401	0.463872239	0.232953293	-0.719965935	0.747673065	-1.125071482	0.362608838	-0.236139828	1.948562716	-0.388716471	0.559851364	-0.789759904	-0.921451274	-1.492400933	-0.956805756	0.518017079	-1.23493213	0.336504046	-0.492327108	-0.662566632	-0.349314161
X193	-0.173970077	0.772679774	1.553186362	1.674051131	1.118328327	1.244247925	0.985649615	0.595147274	1.634964963	1.941226286	-1.008843756	2.571148437	1.156621482	0.601416163	-1.209485984	0.06787922	0.263136852	1.202678098	-1.156147975	1.438084427	0.192258603	-0.811818476	1.876833485	-0.603927758	1.175439996	0.104053766	0.220978107	-0.573430417
X194	-0.955403969	0.658944186	-1.227435057	-1.132592813	-0.766515782	-1.032757336	-1.130931485	-1.78933779	-1.537350409	-1.413196432	0.245791988	0.083331082	-1.655928185	0.30905415	0.676562943	-1.069938928	-0.634481157	-0.986433032	0.189485082	0.367506565	-1.001036423	0.081572526	-1.199827118	1.249835208	-0.537711737	1.400890932	-1.026301229	2.264808688
X195	-1.176034074	0.430693626	1.185296224	0.281606689	-0.632126312	0.027644762	0.064111651	-0.091553018	0.39409689	-1.339132413	0.839871974	0.049269908	0.416023806	0.983977626	1.900522901	-0.725475914	1.439582472	1.00069983	0.992025847	1.235365948	0.094965902	1.426659214	0.974504697	0.516479286	1.021723667	0.990700183	0.806469565	0.455978462
X196	0.374012162	-0.266972218	-0.804983808	-0.340503311	-0.698884461	-0.677008535	-0.41933708	0.01124389	-1.039756329	-1.202207516	0.597485939	1.850991221	-0.319948719	-0.591824736	1.579037041	-0.494610558	-0.721992651	-0.133111938	0.576022904	-1.08740882	0.829243718	-0.019300971	-0.283482049	0.807432998	-0.532123224	-0.112515322	0.199405041	0.250688332
X197	0.527911476	0.933685743	-0.632833702	-0.521342085	-0.256455032	-1.093846668	-0.946756422	-0.682946555	-0.63376214	-0.023465115	-0.210898575	-0.052923838	0.779125767	-0.810585703	-0.332844095	0.297522652	-0.135783191	-1.138267485	0.204946734	1.631733898	1.170515211	0.550816073	-0.35754113	-0.214659912	0.742116119	0.835737021	1.040413595	0.083856388
X198	1.669948521	0.576742255	-0.373528613	0.698678014	1.117010749	-1.53382106	-1.726961274	-1.016072902	-0.80572755	-0.43220736	-0.573919236	0.528355067	0.364452891	-1.270479241	-1.024142015	1.5244396	-1.04020415	-0.391322715	-0.875164159	0.609898995	-0.054269208	-0.222267406	-0.306930666	-0.858779241	0.878228561	0.820845305	0.731800072	-1.150711354
X199	-0.661524691	-1.201356453	-1.838347258	-1.741402988	-0.707853215	-1.557824056	-0.690286356	1.69493847	-1.598156496	-1.123569137	0.779459461	-0.322344984	-0.272337224	-0.975665464	0.650352943	-0.576949819	-2.096677317	-0.79067921	1.317729541	-0.147148635	0.179534222	0.481850701	-1.596069302	0.608243134	-1.627030475	0.521808368	1.310674924	0.729248647
X200	0.69880319	0.361208178	0.332510039	0.913119976	1.539383652	0.52760313	0.687510418	1.384317504	0.863790424	1.50210658	-0.69680136	-0.788627516	0.42803215	0.24514011	-0.352862265	0.489987156	0.195069387	0.185117789	-1.074828601	0.121182855	-1.192333788	-1.344881361	0.241142011	-0.951925338	1.105151157	0.414976542	1.055375694	-0.6348014
X201	0.30080854	-0.576446512	-0.914401889	-0.142826128	1.300054588	-1.097658494	-1.46537194	-1.034336173	-0.618268072	0.974545801	-0.753925415	0.320279282	1.227132885	-1.713539868	-1.048189653	1.572888487	-0.460186389	-0.729970024	-1.001145626	-0.490599758	0.273819443	0.169039106	-0.946596498	-0.848651712	0.108472399	-0.332296329	-0.041867549	-0.474340326
X202	-1.722908608	-1.231699739	0.066369972	-0.623910966	-0.32981912	-0.928769701	-1.081549573	-1.49345917	-1.196346276	-0.401687395	0.538664464	-1.686287731	-0.341675052	-0.234732527	0.200657214	-0.138106903	-1.231078017	-0.494662419	0.280599069	-1.095233981	-1.286439023	-0.961286086	-0.333023589	0.082785212	-0.875205597	-0.977757616	-1.717384828	0.262718558
X203	1.918639823	1.683885761	-0.102081406	-0.094210159	1.94861694	0.655019586	0.888265174	0.594942158	0.698164262	1.41547023	-1.162654936	0.493564936	1.11951092	-0.626940661	-0.809075304	1.637612229	0.515122503	-0.656149926	-0.964501511	-0.021031266	1.923705666	0.956027991	-0.390921489	-1.784903824	0.770640867	1.151307511	0.092587133	-0.463717862
X204	-0.238851403	0.621536859	-0.074440693	0.528014999	1.19015938	-0.405485915	-0.557693685	0.305682672	-0.001256312	-0.314212551	-1.293633386	1.069968138	-1.012294612	-1.103184243	-0.25924296	0.936304296	-0.745883752	-0.015882473	-0.668956982	-0.219414953	0.495246502	-0.613576301	-0.046892328	-0.532171625	0.583305255	-0.311550642	0.630493582	-0.822331501
X205	0.628081	0.543424187	1.150027908	1.110840186	0.791771088	0.18087457	-0.907457003	-0.250869423	1.532156975	0.286559116	-0.969029769	0.225035239	0.584701707	-0.155487667	-0.376365145	0.480834902	1.703814881	0.941593917	-0.527448144	0.850627537	-0.583889255	-0.690122549	1.030990457	-0.738446219	1.538783709	-0.693407486	0.112302596	-1.193130704
X206	-0.087913287	0.368326721	-0.541608461	-0.890379777	-0.152092659	-1.540874399	-1.185398309	-1.400047555	-1.279683363	-0.003201979	0.314970346	-0.096420264	0.2316727	-1.333054698	-0.163893807	-0.429001936	-1.310424905	-0.180928802	0.579949981	-1.120105997	1.174967339	0.956010504	-0.442695476	-0.101670959	0.124208455	-0.368950884	0.187353571	0.079200368
X207	-1.029528457	0.88075089	0.060228559	0.403284	0.114904461	-1.113033591	-1.256059046	-1.005334693	-1.007789456	-0.570218636	0.335785025	0.816807295	2.489692951	0.802779359	0.063950702	0.587732957	0.014374865	0.146471903	0.567596367	2.543970608	-0.776888596	-0.323395234	0.134783668	0.48455658	0.396404705	0.359935642	0.697499865	-0.32825781
X208	1.286788541	0.460841296	0.011977876	-0.115166652	0.540431411	-0.661992653	-0.376666594	0.119808677	-0.199812731	-0.373642003	-0.112656936	-0.207551944	-0.305810166	-0.263116276	-0.629098805	0.113168832	0.628086828	-0.240219212	-0.21428988	0.837028115	1.268773474	0.735406467	-0.129805502	0.125530438	-0.818455308	0.826877768	-0.366990665	-0.033093905
X209	0.973488295	0.18474976	-0.488037129	0.422955318	-0.850011065	-0.161431234	-0.074291529	-0.985518217	-0.305880038	-0.71371248	0.18514309	0.871511164	-1.100097312	-0.953694893	1.083845907	-0.586687736	0.615888476	0.240060362	0.011996104	1.13718565	-0.464753621	0.484508045	0.29470796	0.392858161	1.888458761	1.287394793	2.444533211	0.738275886
X210	-1.077062317	-1.933841598	0.083856768	-0.436216803	-0.916611478	-1.299380444	-0.930808816	-0.861920448	-1.381883612	-0.953949458	0.238271613	0.254827484	-0.759961312	0.114022651	-0.475193505	-0.987980469	-0.303604954	0.467439235	0.178882616	-1.141133209	-0.438011413	1.068502017	-0.137501947	0.519315649	-1.542013918	-1.167814041	-0.684780352	1.07879441
X211	0.399291389	0.44701267	-1.431855707	-1.514404039	-0.117042294	-0.472167487	-0.502740192	0.228358541	-1.317158555	-0.486890101	-0.323269003	-1.600466951	0.128423375	-0.822061085	-0.354135398	0.065972351	-0.780167826	-1.455822115	-0.014192098	0.437817089	0.186195657	0.416021739	-1.052094458	0.053157105	-0.160734796	0.403481535	-1.752909429	0.165712247
X212	1.071479311	0.588736716	0.284856817	-0.562076203	-0.275962443	1.304241194	0.422022479	0.030591893	0.023613238	0.311741746	-0.114963543	-0.38798088	-1.254875712	-0.763071586	0.273129607	-0.122615156	0.410409322	-0.00090105	0.317893944	0.360582123	-0.874666067	-0.346199876	0.006046797	-0.009701672	-0.349759664	-0.821875765	-1.458015453	-0.005120686
X213	1.891593699	1.078465677	1.988993172	1.844333784	0.056158722	0.777710082	1.326619903	1.724405468	1.913368771	1.706002258	-0.269539637	1.007692562	1.938968854	1.963856507	0.779305245	-0.205877771	1.433134584	2.029848536	0.214249525	0.150592701	1.491928616	0.371768254	2.182556406	0.102276835	1.905559728	-0.688156917	0.215291016	-0.003894119
X214	-1.443867657	-0.269101944	-1.859881937	-1.884648795	-1.414201245	-1.654060546	-2.012901191	-1.924965497	-1.912604977	-1.948067014	2.482707645	0.484130159	-0.930597102	-0.435808433	0.140594413	-1.129977978	-1.360850898	-0.873380658	0.860643304	-1.460659817	1.050162011	0.797914516	-1.814847265	1.366085927	-1.838250423	0.643006035	-2.021680071	1.013322698
X216	-0.647798978	0.116428984	-0.627063153	-0.689423216	-0.725936165	-0.413629626	-0.42334217	-0.701518727	-0.61702465	-0.426043822	0.169654606	0.14595033	0.01514596	-0.17557555	0.425773387	-0.550335064	-0.452325079	0.54439242	1.987076356	0.13878868	0.29387198	0.451245919	-0.335372427	0.328118733	0.092860797	0.038316473	-1.265619977	0.817245751
X218	0.106690926	0.100743912	-0.402456482	0.304721108	-1.509342242	-1.089065364	-0.123638178	-0.814076107	-0.445400095	-0.827036545	0.65845324	0.058459736	-2.112988686	-0.368321038	1.090706388	-1.151742707	-1.116701274	0.482764375	1.039126762	-0.933415435	-1.042359171	1.103036577	0.210214054	1.305529561	-0.112301695	-0.510064952	1.383570871	1.270849575
X219	0.120951678	0.13817236	0.238505966	0.906316002	0.727957336	-0.106075411	0.258853	0.497564223	0.459251389	0.75758804	-1.25441353	0.400178803	-0.245453301	0.966692991	-1.569762573	1.06151439	1.009949314	0.171021439	-1.686294639	-0.154735671	-0.281170911	-1.485455034	0.374034313	-0.700647045	0.448183053	-0.491208279	0.074070741	-1.466659562
X220	0.493446091	-0.30627054	-0.631899238	0.585365723	0.728928286	-1.042408329	-1.088273165	-0.940107207	-0.270554064	-0.639746057	-2.086701284	-0.75101491	-1.080569515	0.633774988	-0.785114034	0.952824406	-0.281974298	-0.270620144	-1.377476629	0.342622519	-0.217029794	-0.047928245	-0.536804664	-1.136455172	0.031719461	-0.764995216	-1.203015112	-0.99678576
X221	0.723897466	-1.131104869	-0.22866092	-0.125859737	0.890950556	1.321624251	1.595251747	1.598184488	0.705945848	0.320279952	-0.367269758	-2.136299078	-0.575703343	-1.552361373	0.391359433	0.392925981	-0.752956347	-1.07454854	-1.087559604	-1.252869187	0.459254922	-1.483947392	-0.792961578	-0.471624134	-1.052467088	-1.182440494	-1.144285605	-0.972238633
X222	1.322208747	0.416215077	1.347632322	1.00983418	0.52647608	1.123988732	0.506843202	0.762538872	1.430119537	0.593593239	-0.196328714	-0.28787004	0.995889313	0.932167278	-0.872983185	-0.068483239	1.115392764	1.303070517	-0.129788147	0.966464996	0.32801402	-0.263462511	1.154835848	-0.276377845	0.302646064	-0.12345604	0.051213663	0.229270674
X223	-0.373577746	1.577384105	-0.088914277	-0.761204897	-1.305357443	-0.648931096	-0.411969637	-0.348747477	-1.252488109	-1.153074091	1.392604703	0.642579303	-0.065663669	1.399430075	0.049420937	-1.46171783	2.36651718	0.053862895	1.456344147	0.832499155	-0.540888773	1.186708712	-0.224569685	1.965266011	0.72299238	1.964663356	1.968660816	1.542224712
X224	0.079327148	1.153992864	0.292478228	0.138031223	-1.001335062	0.985434064	0.631289954	-0.69749049	0.063821205	-0.726891494	1.347332825	-0.049066337	0.001982739	1.213341712	0.259087738	-1.325115762	1.391482531	0.205293639	0.414130969	0.951439146	0.940070033	0.366267582	0.368152068	1.863271466	0.91453512	1.817684251	-0.630075896	0.05753797
X225	-1.545243303	-0.646727877	0.298851583	-0.26529797	-0.092544669	-0.687210656	-0.615993125	-0.575910001	-0.344508191	0.098968742	-0.223502516	-1.796693571	-0.207014413	-0.276324029	-0.806210749	-0.379902178	-0.315498893	-0.1936226	-0.14595265	-0.016625237	-0.160131874	0.231607836	0.225006605	-0.205726347	-1.146538289	-0.229215664	-0.795305926	-0.066730071
X226	-1.239365446	-0.990460878	-0.73673767	-1.225900191	-1.740935463	-2.045064064	-1.165612984	-1.506702585	-1.856392224	-1.841520142	0.917675035	-0.946799857	-1.068867789	-0.675194554	-0.130159926	-1.479536951	-1.664711976	-0.536403172	0.727617197	-1.470453622	-1.848603011	-0.365869532	-1.427220003	1.682792173	-1.984769735	-0.537997186	-0.588781527	1.199851717
X227	-0.846695746	-0.542964486	1.336096297	0.241365364	-1.533391423	-0.002065468	0.259873544	0.387893325	0.517077074	-1.255955225	1.112398143	0.698424714	-0.011007601	1.661073134	0.385606965	-1.569650795	0.408869564	1.426283586	-0.34367678	-1.148329906	-1.561120023	0.411943716	1.433173165	1.13761408	-0.945581793	0.091578644	0.047693215	1.700855926
X228	-0.338216658	0.331318269	1.127557109	1.297492088	0.249181219	-0.002011172	-0.091864126	-0.376774706	1.423487207	0.606009967	-1.609956789	0.914388823	0.186403542	-1.155148732	-1.824262546	-0.78188084	0.873669881	0.994059521	-1.303425402	0.480196161	0.639092166	-0.559665354	1.177162847	-0.571633073	0.721071894	-1.318646739	0.380010535	-1.079097231
X229	-0.597376898	-0.892596744	0.308039008	-0.882058505	-1.711069163	-0.369030211	0.379634041	-0.138124749	-0.534959056	-1.599167265	1.747509237	-0.401087132	-1.051415553	0.026289644	0.505901799	-1.834206575	-1.19626874	0.137857477	1.960865744	-1.342232228	-0.252806605	-0.03267557	0.261680028	0.678135707	-1.386547387	-0.803574356	-0.524457202	1.564886829
X230	-0.090633177	-0.880045986	-0.068396193	0.358861549	-0.426741175	0.439746426	1.144889261	0.442632135	0.201783969	-0.023302182	0.274928156	-0.63882232	-1.035993869	0.199183981	0.075509666	0.189588465	-1.083461998	0.222323802	0.286693352	-0.598291538	-0.978448254	0.21957102	0.25775357	0.192190374	-0.554699224	-0.590049997	0.561021956	0.459681541
X231	0.239941705	0.740868522	-1.068400353	-0.464377679	0.3635696	0.366544705	-0.390671487	-0.39619054	-0.022123826	0.882390811	-0.586874374	-0.10043124	0.378951878	-0.448307227	-0.417566245	-0.216103527	0.058357354	-1.247487766	-0.50219501	1.347428163	1.817865693	0.196190361	-0.74325905	-0.874028583	-0.65741078	1.624919839	-0.798816183	-0.837534439
X232	0.880463803	-0.191475202	-0.096101662	0.155645256	0.1635256	0.53794019	0.967466891	1.275531397	0.264655103	0.237042202	0.030782637	-0.994297349	-0.518106453	-0.255955892	-0.013648821	-0.132691587	-0.011608404	-0.070572593	0.267668252	-0.408603393	1.165735395	1.171071737	-0.107249206	-0.220323991	-0.619492482	-0.413061002	-0.852947377	0.007016999
X233	1.704544944	-0.838659876	-1.160754199	-1.10958824	0.461889522	0.81101715	0.978909351	0.456694727	0.06374115	-0.200495881	-1.598823256	-0.959353929	-0.088264429	-1.376850208	-1.799044657	0.351424859	0.475250205	-1.733517814	-0.396505956	-0.626113085	-0.067544801	-1.560354801	-0.98185963	-1.706130667	-0.119752974	0.819717236	1.183990445	-0.338566307
X234	0.008337101	-0.818506108	-1.436977879	-0.759514292	-0.039134533	0.366996575	0.079520474	0.063812618	-0.134563994	0.820216841	0.05319395	-0.784482568	-1.04910677	0.15072472	0.642776621	-0.348488611	-0.15771363	-0.630801307	0.11433799	-0.726458765	0.323254635	-0.265349513	-0.779812503	0.006568021	-0.970006154	-0.075623438	-1.169003879	-0.098496311
X235	0.088167133	-0.551407727	-0.313725664	-1.315577314	-0.940749517	0.09601731	0.083342367	-0.330622475	-0.479600444	-0.601047182	1.268423049	-0.107973613	-0.978697759	0.360375149	0.709905823	-1.387026636	-0.214606429	-0.323846477	1.596061438	-0.342993429	0.808435393	0.076459043	-0.320641578	1.486999427	-1.009912345	-0.309783995	-0.273287889	0.258512649
X236	2.422693791	1.255690739	0.052992384	0.71734856	1.279156633	1.915092687	1.945280372	1.655647849	1.019051346	1.65834834	-1.159765857	0.494731834	0.421172872	1.524433892	0.946127017	0.015094559	0.395881876	-0.151784381	-0.857776875	0.574548938	0.443264094	-0.755030045	0.199202961	-2.057169029	-0.172614732	0.646060476	0.912617788	-1.422972349
X237	-0.303147892	-1.413868992	-1.61088861	-0.926994946	-0.080835014	-0.180864838	-0.216539333	0.502895445	-0.22776325	0.047072494	-1.271522098	-0.701098468	-0.515693087	-1.402510146	-1.143949462	0.633789852	-0.366714666	-1.777130475	-1.263425999	-0.483606534	-0.460227232	-0.268464609	-1.391826419	-1.128650289	-0.808374482	-0.023453583	0.908387901	-0.162506161
X238	-0.481511848	0.101762478	-1.308805858	-0.691008219	0.214161358	0.726686687	0.284113701	0.496096416	0.144605629	-0.144762419	-0.494325149	-1.278131684	0.207656979	-0.722812482	-1.287524761	0.917727403	0.946125464	-1.417995341	-0.315812156	1.585046319	0.473406358	-0.485737974	-1.242492013	-0.713078493	-0.599159551	1.258531636	-1.145152107	-0.323799256
X239	-0.274057412	-1.576260961	-1.1035026	-0.355724965	1.475268913	-0.301472761	-1.305359251	-1.068474814	-0.384023855	0.137374408	-0.727396501	-0.344082939	-0.542685653	-0.976967238	-1.514406803	1.146976863	-0.598210318	-1.572304578	-1.959238252	-1.063698663	-1.578378296	-1.964202573	-1.741780992	-0.138846755	0.178467909	-0.422051536	0.359212103	-1.519374569
X241	-0.139231075	-0.36536595	-0.290694443	-0.144574968	-0.403899965	0.065709616	0.130509439	0.433733026	-0.425190621	0.632210964	1.104327525	-0.339456458	0.501937789	0.541750463	1.28565908	0.23115641	-0.260363309	-0.476254454	0.561849137	-0.953289174	-1.687967179	-1.0891852	-0.193897279	0.473195617	0.935701946	-0.028243617	1.228732747	0.135730413
X242	0.453108367	-0.539897432	-0.318777864	-0.159805983	-0.05647618	0.114342298	-0.540276859	-0.319703142	-0.261102839	-0.397392338	-0.407441544	-0.693612699	-1.084870491	-0.40188	-0.847833267	0.208985395	0.411108414	-0.350825436	-0.141092888	-0.313246143	-0.93841152	-0.70528773	-0.041914308	-1.084525048	-0.382597955	-0.124836631	0.658132789	-1.089077703
X243	1.16221405	0.306498566	2.379898245	2.377001534	0.756186849	2.488883092	2.609856799	2.5152088	2.375891479	2.347176201	-0.033944005	0.230481854	1.314556394	0.765853535	1.580811233	2.143019081	0.817910992	2.439243784	-0.246697979	0.13969506	2.437222213	2.679944639	2.417965386	-0.003666622	2.545425471	-1.526584093	-0.513169762	-0.63683127
X244	-1.005681352	-2.048550672	1.897032538	1.972183002	0.157268902	1.685588156	0.410191363	0.161298866	1.797869725	0.835604115	-0.941079982	0.762758748	-0.291534019	1.10372399	-1.350124397	0.425140834	0.306813193	1.731855847	-0.986936472	-2.304389071	-1.595130167	-1.804488337	1.670387955	-0.475776089	-0.650487685	-2.308785325	-0.753579277	-1.68133642
X245	-0.996340307	-0.58911006	0.70235958	0.401552999	0.85589291	-0.534730432	-1.258912381	-1.624091819	-0.140667352	-0.148911065	-0.72386155	0.014417664	1.24262681	-0.797046802	-0.701791074	0.563217344	1.515186659	0.018353361	-1.473696929	0.098694719	0.838251308	-0.012631741	0.004144994	-1.045433457	-0.096928663	0.151970982	-0.423926093	-1.649526521
X246	0.113810463	0.274140872	1.050046513	1.433280709	0.206823263	-0.27090868	0.613203381	1.052849117	0.866772448	1.248753998	-1.570207328	1.67945249	1.920172275	2.904530896	-0.405111564	0.162556097	2.285693859	1.1083769	-0.671304215	1.29082481	0.917443011	0.242879125	1.2154206	-1.108690815	1.971801878	1.44955977	0.492778228	-0.085441846
X247	0.976165097	-1.069791538	-0.132504087	-0.198051	2.273755227	0.591127711	0.868430637	1.213972366	0.537381042	0.696291422	-0.32787738	-0.583008722	-0.109899383	0.618485326	-0.66827502	0.81589544	0.368632709	-0.815285051	-0.732911186	0.079806198	-0.327354761	-0.647629564	-0.772395239	-0.091360958	-0.307712206	-0.297683031	0.746135112	-0.470896855
X248	-0.263808459	-0.26181265	0.290122327	0.07498418	1.616438355	1.393256124	0.30761732	0.263669577	0.673367127	1.039521015	-0.120864015	-0.554713116	0.86030978	0.064966153	-1.007938146	0.869145549	0.769493997	-0.935060706	-0.62407104	0.357078331	0.547743936	-0.372304075	-0.132102754	-0.157811627	-0.168875699	0.420801195	-0.258079967	-0.775233519
X249	-1.46583491	2.127536159	1.95438403	1.883353394	0.030648308	0.566652232	-0.174451175	-0.501865784	1.508086772	0.699978527	0.003638226	1.453524219	1.637987176	1.62095059	0.10039439	0.242751225	1.238095318	1.698768353	0.010362593	0.642356159	-0.599624093	-1.086933642	1.929208506	-0.254337302	0.974413191	0.840933229	0.773257872	-0.601028632
X250	0.677940809	1.524632621	-0.753710367	-0.671620497	0.41492853	-0.663285039	-0.650244956	0.292732246	-0.182616953	-0.530453404	-0.100582097	-0.192415332	1.393096359	0.204636477	0.848160899	0.541106814	0.060999496	-1.268529928	0.226686965	2.209161988	-0.029810926	-0.371376442	-0.900897419	-0.057823246	-0.04823196	1.685956849	-0.525780713	-0.39527805
X251	-0.299573403	-0.701836912	-1.042529171	-0.842597465	0.184501907	-1.232953571	-1.410205397	-1.079165891	-0.724708627	-0.44749393	0.188582845	-0.008457564	0.404267574	-0.934815248	-0.001488178	0.321395237	-0.917172929	-1.543276503	0.109542719	-0.153644494	-1.143849392	-0.608310957	-1.383453566	-0.264881408	-0.729084757	0.06742834	0.572887229	-0.510868363
X252	0.309251804	-0.336943274	-0.596622596	-0.290133956	0.61283797	-2.105332724	-1.900320059	-1.595677312	-1.721480873	-0.772900992	-0.821551401	-1.325674292	1.457587308	-1.582704083	-0.630034117	0.725943391	-0.136585388	-1.380772406	-2.018738179	-0.271860762	-0.518805975	-1.501223253	-0.837382079	-1.558802246	-0.666984491	-0.094806503	1.097949938	-1.747211178
X255	-0.571586672	-0.630883073	-0.095313547	0.017139948	-0.261889063	0.464490859	-0.129847776	-0.260268447	-0.025430955	2.36510295	-0.010531587	0.03751661	-1.704458535	0.110890043	-0.215304176	0.238146097	-1.224606862	0.233105689	-0.929984851	-1.054476971	-0.90193533	0.527813856	-0.063306902	0.079916584	-1.488596233	-1.14311904	-0.265259092	2.456755284
X257	-1.736394316	-0.723121098	-0.965481774	-2.015462404	-0.463628398	-0.424073773	-1.432054938	-1.308101506	-0.936216584	-0.061269339	0.50309486	-1.585696105	-0.563511762	-0.820921636	1.248598467	-0.144164114	-0.847986614	-1.190546208	0.546863315	-1.136340868	-0.193587134	0.471804266	-1.422807031	1.400084704	-1.517117359	0.130108892	0.073100956	0.695443427
X259	-0.007928281	1.041766079	-0.350281726	-1.467996237	-0.635372122	0.947023818	1.224219489	0.9307299	-0.255026563	1.715644641	0.42590943	-0.380543488	-0.268134286	0.668413858	2.042725027	-0.376782731	-0.751653053	-0.09553498	1.03708624	-0.904845723	1.430095818	1.159918043	-0.219833583	0.66894832	-1.314879722	0.468481633	-1.845656581	1.976022232
X260	0.661129344	1.357667794	-0.055800901	-0.425866633	-0.241844471	1.049677732	0.84326171	0.012821822	-0.00596337	0.036477864	2.003049015	-0.591692334	0.509392494	-0.269633658	1.012700495	-0.555896043	0.074541966	0.100372687	2.167233295	0.686306057	0.479453441	0.461915545	0.077619414	0.364276802	-0.403395445	0.091398586	0.364000253	0.255707693
X261	0.145981455	1.228454585	-1.269808859	-1.014639537	1.229797568	-0.433002328	-0.658290635	-0.322540376	-0.166166549	-0.457480766	-1.645341201	-0.737900587	-1.352054896	-0.84459644	-0.725766399	0.854605411	-0.028195704	-1.073897842	-0.805966406	1.420619441	-1.381770182	-0.900974494	-1.19317568	-1.072040561	-1.069572165	1.564555627	0.73680326	-0.897623727
X262	0.916543752	-0.549871274	-1.685065867	-0.815318468	0.934683109	-0.103437344	-0.251639259	0.156515813	-0.431333892	-0.622315475	-1.302176439	0.560191347	1.229746466	-1.741747086	-0.796610412	1.498577161	-0.148550041	-1.628879008	-0.99144982	-0.98002226	-0.965235276	-1.181794639	-1.132101699	-1.520985028	-0.918930194	-0.631736915	-1.032029821	-1.515660634
X263	-0.345275615	-0.646488533	-0.602310944	-0.08459138	0.451070453	-1.145848082	-1.220514188	-0.991730289	-0.660963842	-0.205459479	-1.079166652	0.392340385	-0.319104338	-1.152723123	-0.373497328	0.414353726	-1.635007245	-0.62781504	-0.342327377	0.213444675	-1.174393912	-1.198200852	-0.706242816	-1.256489444	-0.545713314	-0.457399604	-0.155513385	-0.294477594
X264	-0.009030089	0.652039644	-0.271529386	-0.523154056	0.585672035	-0.448996247	-0.718443597	-0.941273889	-0.140432024	0.088641639	-0.029301768	-1.806972257	-0.357795699	-1.304855706	-0.187877855	1.171888627	-0.175358775	-0.695001653	-0.313370305	1.047676893	-0.173728545	0.043912713	-0.855038122	-0.115970362	-0.116973042	1.527860677	1.117627931	-0.266012548
X265	0.049621266	0.519231497	0.127907628	0.626134011	0.672313792	0.114574664	-0.548773102	-0.869048661	0.275548452	-0.215735804	-1.797896331	-0.124915456	0.52528354	0.798810634	-1.577772907	0.066734164	0.997144778	-0.018285398	-1.230970081	1.002273153	-0.573458291	-1.433413654	-0.126369152	-1.828305542	0.563007539	0.450562668	0.32511254	-0.741477321
X266	1.150917737	1.425601393	2.126707248	2.25259909	2.600748624	1.998544727	1.644783794	1.250663022	2.252938699	1.945180647	-0.796261227	0.756145023	1.873068984	1.633495793	1.157223246	1.159340244	1.112106802	2.108639896	-1.151115364	0.613063365	0.282690039	-1.017858159	2.082021347	-0.751242762	2.123816836	-0.795815531	0.285082669	-1.175040799
X267	1.552584027	1.673255934	0.295462948	1.890114384	0.95304886	1.763019965	1.551923259	1.516820315	0.636823429	0.636570754	-0.68978317	0.404236594	-0.217508581	1.278370094	0.633014835	1.492833234	0.479579863	0.495920872	-1.007828216	0.215624462	-0.583361249	-1.357613351	0.411190364	-0.581445928	1.034059542	-0.363891598	-1.500307902	-0.592338128
X268	-0.135916269	-1.218610473	-2.084065938	-2.098741266	-0.930093008	-1.859903314	-1.727537904	-1.508571618	-2.091655581	-2.127908961	2.371716734	-2.194688887	-1.605449855	-0.74757929	0.907788391	-0.637338708	-1.940431352	-2.060281898	1.378611187	0.678970651	-1.906447415	-0.980985576	-2.101020805	0.86369961	-0.809308995	0.869036451	1.452513668	0.423192521
X269	0.411945199	0.404064149	-1.197355255	-0.583027999	1.803729348	-0.157959862	-0.493575229	-0.230966652	-0.523012421	0.141884856	-1.538524824	0.161037516	-0.793474811	-1.274365904	-0.507540374	1.963932548	-0.446116576	-0.801790597	-1.367464122	1.406263736	-0.222479368	-0.995026004	-1.040821324	-1.183352112	0.164237181	1.092682397	-0.20285774	-0.955265352
X270	1.591867818	0.580712089	-0.952218927	-0.069374999	1.821030867	1.165583733	0.999600877	1.367867522	-0.039086539	0.361533525	-0.972065908	-0.608557589	-0.366923555	-0.233273234	0.645469012	1.273588924	-0.419961432	-0.989218569	-1.715124954	1.789544809	-0.291459143	-1.006513508	-0.669761665	-0.681782014	0.145335607	0.355150419	-0.994767633	-1.337421574
X271	-1.538760136	-0.270478769	-1.392574641	-1.125350883	-0.97614854	-1.098218186	-1.723315913	-2.096186544	-1.507458697	-1.561830081	1.099196204	-1.121440637	-1.250115127	-0.890157095	1.223116786	-0.28435072	-0.446176628	-1.132682602	0.058578867	0.525761703	-1.126150702	0.804263052	-1.220953707	1.459294979	-0.486127347	1.223161571	-0.33479835	1.205312307
X272	-0.082768759	0.032515057	0.109379998	-0.525004429	0.021783718	-0.274287754	-0.556404791	-0.820157912	-0.090631737	0.205365843	0.262385102	-1.460172272	0.281555034	-0.597400727	0.736339822	0.705568379	-0.368249313	-0.141385413	0.511274363	0.520762106	0.38249828	1.313467925	-0.15114135	0.542874173	0.002262276	0.678867998	-0.33663137	0.268397799
X273	0.156117235	-0.250639626	-0.333455769	-1.046557717	-0.905534768	-0.978886925	-0.198483538	1.598561319	-1.30357862	-1.648681085	0.128735446	-1.351240324	-0.359924803	-0.789198364	0.00784523	-0.245015249	-0.44595216	-0.688223543	-0.007607787	-0.905355352	-0.353902679	0.264210341	-0.643779735	0.681601823	-0.923647158	0.097180538	-1.101805855	0.909061235
X274	-0.193987032	-0.556356431	-0.496431394	0.139198754	0.952513197	-0.214331671	-0.187550557	0.209490119	0.020081327	0.061937889	-1.057583207	-1.006875433	-0.336458074	-1.481450085	0.107883348	1.053597776	-0.60175631	-0.463753075	-0.731085134	0.328380942	-0.258707242	-0.572524821	-0.471873457	-1.114188636	-0.876075442	0.058219244	0.414235822	-0.770227477
X275	-1.508502501	-0.460092398	-0.42622318	-0.288531277	0.011178957	-1.540498052	-1.197146754	-1.246397213	-0.828727526	-0.85244882	-0.104702193	-0.981932621	-0.962280678	-0.687272203	0.057816974	0.046324195	0.997808546	-0.414513305	0.987025186	0.528180461	-0.369044992	0.088207629	-0.377503791	0.171944735	-0.224835033	0.052846182	-1.00884276	0.089599866
X276	0.865762607	0.265513992	-0.650263911	0.458694539	0.858189142	-1.030719188	-0.634299126	-0.423829872	-0.476086291	-0.557242945	-0.421476061	0.302583355	-0.241067474	-1.043691241	-0.149201695	0.876666926	-0.898647591	-0.267443935	-0.429410508	-0.356446016	0.355015914	-0.496346415	-0.367980794	-0.831934191	0.030459649	-0.691139425	-0.585080208	-0.741131633
X278	2.280980832	1.517029584	1.266211804	1.422739624	1.023458758	2.370039872	1.036662923	0.543831657	1.180127155	0.793291972	-1.304672586	0.34798822	1.82399377	-0.195749046	-1.067068032	0.6019579	0.228803162	1.478966983	-1.278402165	1.414802901	0.802152296	0.12848443	1.356868321	-1.09594991	1.182366815	0.825536903	1.103278527	-1.23701412
X279	-0.794040841	-0.177628784	0.157724306	0.273335879	0.326029122	-0.113551608	-0.58775226	-0.529561907	0.175417348	-0.208481208	0.146388088	-0.191055238	-0.298407367	-0.239618423	-0.125456268	0.043800803	-0.661721239	0.152353211	1.349049307	0.108538137	-0.366969368	-0.411138862	0.090884071	-0.013355532	-0.137383552	-0.350630339	0.694791989	-0.451503175
X280	-0.49292166	-0.563546191	0.686780353	1.015517669	0.381973518	0.804752961	0.204883461	-0.20688051	0.707384889	1.604884381	-0.621485355	-0.859131835	-0.874023076	0.27470968	-1.216751756	0.159761184	0.441358692	0.425095559	0.190143002	0.006005125	0.174745896	-0.134245451	0.442890775	-0.659331554	0.170718972	-1.177672123	-0.135507958	-0.320809959
X281	2.492231958	1.702641143	2.244133494	0.974386911	0.185756219	1.643191293	2.927557584	2.669502287	2.144149328	1.615129952	0.135574161	2.11111568	2.92255661	3.201798115	1.339287857	-0.017228776	3.193211293	2.171163825	0.889578939	2.203156149	0.939446598	1.058277317	2.291915907	0.288872199	2.632639608	-0.373197092	-0.745895971	0.391041399
X283	0.174123306	0.202004049	0.365356368	0.603966332	0.945439389	-0.14626771	-0.188652281	1.01374251	0.340066593	0.518769704	-1.02680834	0.32163023	0.071104538	-0.785831	-0.627594362	2.182655532	-0.247437723	0.205484895	-1.458275037	0.749297331	1.307259681	0.079087625	0.216508939	-0.888244981	0.082892555	-0.115579625	0.40669975	-1.118577443
X284	0.90157864	1.840817989	-0.038413131	1.013590084	0.349882286	-0.015258397	0.012457974	0.156027192	0.28375379	-0.081118343	-0.899345826	0.122607604	0.561451676	-0.086237754	-0.425608446	0.657410211	0.088982686	0.139622504	-0.548836097	1.743958357	0.010231297	0.248790771	0.167912484	-0.634124776	1.187709885	0.899830234	1.037397289	-0.350167311
X285	1.169922312	0.361219495	-0.699355598	-1.368362069	-0.77544748	-0.756551403	-0.427139197	-0.752948869	-1.016023175	-0.920060074	0.81275545	0.289264296	-0.33015562	-0.006833843	0.818762332	-0.388876395	-0.418545529	-0.457463447	1.783496841	-0.02300713	1.07350995	0.604336818	-0.576038576	0.540713871	-0.479112813	1.059777412	-0.358883705	0.498275879
X287	-0.38497828	-0.178022605	0.228286378	0.018548821	-0.219561883	-0.92224437	-0.941494885	-1.091755012	0.076896538	-1.108554699	0.925948745	-0.462527784	-0.986586926	0.266149864	-0.03279905	-0.396364223	-0.06893959	0.43296646	0.421247124	0.280548306	-0.697287001	-0.773492702	0.283038184	0.766728219	-0.1901184	-0.188526309	0.430931518	0.183660636
X288	1.205450203	0.492761974	-0.014320974	0.684519017	1.368491838	-1.022358351	-0.821579551	-0.324886188	-0.001954436	0.197920445	-0.284793955	-0.787106469	0.136633277	0.260236618	-0.544312865	0.866199755	0.646483289	-0.160386717	-1.397120507	1.058838839	1.201651366	-0.475274697	-0.074888405	-0.63095043	0.831606951	-0.197841465	1.288322909	-1.480477646
X289	NA	NA	NA	NA	NA	NA	NA	NA	NA	NA	NA	NA	NA	NA	NA	NA	NA	NA	NA	NA	NA	NA	NA	NA	NA	NA	NA	NA
X290	-0.514613998	0.404702848	0.800655359	0.668429071	-0.683300955	0.411455292	0.209099238	-0.381515194	0.879323846	0.361206	0.464983778	2.109179096	0.399592938	0.547730621	-0.340661633	-0.097939582	0.883521687	1.037545369	0.575949358	0.23845031	-1.01119811	0.357277793	0.921015795	0.576010174	1.098415485	0.137036664	-0.429709395	-0.01898459
X292	0.106773487	0.522610154	0.362222423	0.115264396	-1.531985766	0.205166218	0.422236027	0.164074529	0.113283105	-1.386058212	0.838069904	0.834548259	0.343912254	0.891615582	1.661204713	-0.705406368	0.398359368	0.500808032	0.306175324	-0.247083252	-1.641333628	0.542297784	0.387331451	2.32691051	0.139441799	0.228093136	-1.007940853	0.76535375
X293	-0.382558613	0.462956821	0.49066013	1.260719216	0.665291319	1.00110727	0.543263105	1.021521082	0.679925077	0.106141738	-2.125999922	0.418903701	-0.355041642	0.968343712	-2.132948257	-0.254796426	0.874127721	0.349233101	-1.030979299	-1.272188318	0.311930108	-0.96293251	0.448569958	-1.360727984	0.764330776	0.882551195	0.376292055	-1.019714189
X294	-1.536910959	-1.109844394	0.607951673	0.729914184	0.167686533	1.277610546	0.319728169	-0.047932097	0.633025712	0.52290223	-0.238681143	1.314270298	1.05859132	0.555788722	-1.502635623	-1.646167378	0.505447577	0.579304934	-0.265634197	-0.453302504	0.358171053	-0.070745249	0.560010365	-0.254140473	0.316516778	-0.421243042	-0.263301704	-0.631428708
X295	-0.698582795	-0.514671051	1.552574463	0.471135061	-0.016748869	0.448458968	0.782297718	0.959931574	1.492997595	0.865210743	-0.107803594	1.510968943	0.190914327	1.617804603	-1.509663493	-1.447341078	0.474344544	1.38821668	-0.36779942	-1.035330317	-0.112259757	0.297956391	1.466954581	0.805341695	1.031640701	-1.093233318	-1.115078921	0.629454946
X296	-1.206218141	0.923447971	-1.073193788	-0.480969216	-0.269108703	-0.587364394	-0.484814877	-0.193830897	-1.275107315	-1.879540967	0.33913409	0.558671571	-0.447896458	0.354966973	-1.102420163	-1.446284365	0.864503416	-0.645000131	0.873836343	-0.540077662	-1.282040722	0.051116425	-0.464781189	0.120680362	0.01120764	0.957154007	-0.236453897	-0.248702169
X297	-0.694101492	-0.147234407	0.825305836	0.483648245	-0.166364987	0.413765882	0.691361315	0.049944905	0.905587392	-0.325433721	0.48791198	0.947484215	0.342088117	1.402212696	-1.678483625	-1.923344728	0.576334125	0.699487777	0.665402578	-1.195087293	-0.127786208	-0.308046337	0.796827251	-0.243001514	0.85079047	-0.391930162	-0.990238568	-0.259327289
X298	1.379086456	-0.475482726	1.413499436	1.578270823	0.614192834	1.348811689	1.25257379	1.032844918	1.367631089	0.88830961	-0.869884739	1.477568058	0.54398007	0.689095761	-1.220849981	-0.544462099	0.610432306	1.335104575	-0.444603946	-0.523360183	0.991928526	0.030805947	1.560572919	-0.405005108	1.300762227	-1.75444963	0.200899323	-0.723400612
X299	0.207283557	-1.290808998	1.61555371	0.601939816	-1.167103632	0.885852721	1.168283329	0.591789984	1.670554664	0.814014392	1.407178173	1.560586162	-1.463843216	0.994027913	-1.046317153	-1.623784874	0.359613786	1.957244552	2.203482055	-0.129040193	-1.372050158	-0.779919504	1.863147087	0.446944587	1.133932705	-1.66753712	-0.957310973	0.211103939
X300	-0.529478968	0.622316522	-0.273623377	-0.432904076	-1.671719269	-0.467673472	-0.047859754	-0.885512447	-0.715643905	-0.90825021	0.69114141	-0.104657405	-0.372998277	-0.386232008	0.445089018	-1.009966665	-0.457036637	-0.177793808	0.34478802	0.416419691	0.959457958	1.515844105	-0.046307159	0.627651958	-0.668610256	0.057289909	0.172373081	0.450475905
X302	0.640283457	-0.372509384	-0.291056978	0.560137595	0.785076436	0.440926185	0.26992941	0.689817574	-0.348215704	-0.055957058	-0.970755987	-1.126333302	-0.357466569	-0.497385224	-1.233658318	0.600571565	-0.504076382	-0.640895083	-1.044064221	-0.898671956	-1.09887904	-1.618610897	-0.789915419	-1.06891606	-0.676042018	1.067500405	-0.874698196	-0.930818316
X304	-1.471341054	0.595240029	0.048166549	-0.336255911	-1.979830261	0.204041094	0.094840427	-0.671262115	-0.400843892	-0.834828335	1.290503246	-0.00275547	0.247735886	0.094699365	0.486789192	-1.282544501	-0.609023043	-0.009746753	1.397513647	-0.676788813	1.175792321	1.135788656	0.052683767	1.358578162	-0.442673178	-0.919159848	0.268756115	0.647062521
X305	1.081498446	1.735405366	-1.524443815	-1.322041279	0.284011912	-1.272683176	-0.395307683	-0.229648828	-1.306830622	-1.061598271	-0.508647437	-0.089767458	0.41575395	0.095537767	0.248320623	-0.170967486	0.221027044	-1.06947069	-0.223683691	1.97593839	0.508311054	0.109531991	-1.593878338	-0.216218106	0.274058022	2.306170633	-1.070826627	-0.297938692
X306	0.942947527	0.165146777	0.290336571	0.988107874	0.478891665	0.250511407	1.52603859	1.380890124	0.416331329	0.451234808	-0.524344746	0.717086527	0.975971734	1.221300024	1.224924977	0.429671019	0.837777739	0.265025483	-0.120240989	0.908627656	0.445709467	-0.31957429	0.251773872	-0.559589145	1.731860171	1.030655612	1.275552942	-0.418056043
X307	1.380845636	-0.69599746	-1.17004749	-0.150928987	0.595462383	-0.74635986	0.665710386	0.657936333	-0.451044418	0.429861986	-1.440704003	0.336362087	0.412913971	-0.751108561	-0.894209519	0.309500642	-1.428234042	-0.95598948	-1.068369324	-0.209331102	1.097728626	0.104367061	-0.459844525	-0.759627019	-0.541969251	0.447192385	-0.226747461	-0.15812332
X308	-0.386529416	0.063481749	-0.488555401	-0.97736997	-1.166126259	-0.159435912	-0.515043413	-0.971819781	-1.082879194	-0.987846248	0.016025784	-0.233952179	-2.063075012	-0.601250002	-0.812850575	-0.898627323	-0.870581264	-0.45092137	-0.082982555	-1.019529106	-1.35427365	0.583433086	-0.630374742	0.021626793	-1.336789954	0.52520079	-0.709201642	1.644298179
X309	-0.175477727	-0.917148401	0.29344602	-0.1203703	-1.122349544	0.621175372	0.440977851	0.126918647	0.324690793	0.035625612	0.756605418	0.378854648	-0.532020106	-0.018224284	0.358535474	-0.562209593	0.312072715	0.484928532	0.057112196	-0.364139707	0.18408444	0.884161457	0.37066965	1.951801931	-0.410824765	-0.402413745	0.221607189	1.083540637
X310	0.855552726	0.871294284	0.766822796	0.318815429	0.016845136	1.395981836	1.148945287	0.694878328	0.904075911	0.34974061	0.55309118	0.563988475	0.393691197	0.386153649	0.37378578	0.208155429	0.175912115	0.774395733	0.346344808	0.656230062	0.627285557	0.574001691	0.686320062	0.06675161	0.606104673	1.404866734	0.82022281	1.008065341
X311	-0.252902681	-0.387776872	-0.314234294	-0.740059961	-0.331705087	-0.476084759	-0.331262414	-0.575237263	-0.752509535	-0.860185147	0.644650373	0.082664423	0.438420053	-0.387533312	0.346181256	0.154174401	-1.330855449	-0.191658542	0.972801902	-0.317192041	1.053071378	0.916927049	-0.295583874	0.597160997	-0.60490263	-0.016475579	-1.150348008	0.847930718
X312	-0.298128703	1.187578678	0.370734542	0.588835324	0.792456899	0.441708735	-0.055809374	-0.127129924	0.494558803	1.24282369	-1.360931808	-0.735569828	0.474214606	-0.610255585	-0.722523071	0.832372352	1.07631109	-0.113149075	-1.054462902	-0.157128136	0.379007246	1.09113212	0.153278688	-0.68859756	-0.009810557	0.002340971	0.824378179	1.274597486
X313	-1.019376491	-1.000792262	-0.287296568	-0.261260447	-1.388063207	-0.110675227	-0.126372736	0.093690498	-0.436523671	0.469515649	1.082473037	-0.888981892	-1.03382687	-0.297793198	1.088033667	-0.762811702	-1.178303153	-0.083275642	1.252331108	-1.051957295	0.39126232	0.837297995	-0.112519484	1.145812379	-0.389037413	-0.520853659	1.573898896	0.287517042
X314	0.308450011	1.545063328	1.083733881	-0.067694826	-0.514838922	1.010750302	1.064846506	0.424544589	0.933702216	-0.018265495	0.394790963	-0.669524327	0.686538048	0.545936624	-0.226749861	-0.89217438	0.958252248	1.091549977	0.972942362	1.398547498	1.024515391	0.015615774	0.967850083	0.29743898	1.90719305	0.819024478	0.043151762	0.07307711
X315	-1.084309481	0.495124917	-0.327271999	-0.710186354	-0.823012972	-0.437773657	-0.921438597	-1.47366406	-0.811096551	-0.64573404	0.240594179	-1.318450076	0.362387007	0.421183957	-0.215761081	-1.21794665	1.177715993	-0.351713077	-0.465644843	-0.77824652	0.359324485	1.489174841	-0.353582276	0.452065462	-0.399393294	1.156888947	-0.409940406	1.25424619
X316	0.188885633	-0.288765051	0.799989219	0.227123625	-1.265653756	0.32955734	0.998720134	0.674562365	0.339858296	0.254893827	1.462786133	1.085038795	1.322279842	1.384711537	0.061443397	-1.07186452	1.272999339	0.801086954	0.972419254	-0.68336198	1.741157534	1.403932612	0.880609279	1.107375782	0.71673169	-0.56334891	0.239900428	0.856153559
X317	-0.928650298	-0.143032713	-0.234871685	-0.391038143	-1.325583318	-1.402154	-1.030390843	-1.156894109	-0.979092178	-1.448628511	1.585994617	-0.70921424	-0.349316461	0.081462591	-0.386766686	-1.222090407	-0.049380588	-0.027106109	0.371566094	-0.424009663	0.98070161	0.8079923	-0.294287386	1.080757061	-0.225331886	0.127369468	-0.895517	0.646355937
X318	-0.642530307	0.296415555	0.860671561	0.254268607	-0.439284474	-0.012377773	0.365735529	0.627103739	0.833314173	-0.687927371	-0.33738434	0.013632157	-0.959215852	0.711903434	-0.670537113	-0.73972715	1.177366508	1.028158016	-0.756745483	-0.831739614	-0.91544929	0.921733846	0.9558843	0.977420161	0.758668749	0.283298745	-0.128377506	1.742828479
X319	-1.045966753	-0.337631802	-1.549989901	-1.256961768	-0.869249385	-1.486198518	-1.158668534	-1.563225042	-1.509098089	-0.961869849	-0.085049312	-0.492036259	-0.285486424	-0.218975582	-1.46193908	-0.997504323	-0.659300711	-1.509982263	-0.312841149	-1.828998771	-0.774884036	1.195936043	-1.365978983	-0.009004396	-0.999370627	-0.466909186	-1.857467468	1.259528963
X321	0.811416128	-0.120825512	0.905729057	1.013039645	0.534762834	1.29231218	1.955689888	1.543628233	1.077110195	1.311622471	-1.101458042	0.536556733	0.437410501	1.107081095	2.198294559	0.646742103	1.97846112	0.769168108	-0.578396015	0.849491263	0.149594874	-0.082479583	0.913281448	-1.24139728	0.400060228	0.095491337	0.362980002	-0.403177373
X322	-0.117973085	1.102285654	0.18437878	-0.678416203	-0.332322899	-0.518356691	0.361681855	0.700456297	-0.345192948	1.263924126	0.567933426	-0.020590239	0.337112188	-0.314340458	1.337676829	-0.152171774	0.885252373	0.209202086	1.059490285	0.386337987	1.990537821	2.239079736	0.193716044	0.738839803	0.002040815	0.768201944	0.25962397	0.452752032
X323	0.03992538	-1.768005038	-0.25593615	-0.387743673	0.361832339	0.141980039	-0.173055111	-0.171311269	-0.337376993	-0.227681138	-0.210728145	-1.028200299	-1.024694688	-0.648992466	-0.04182303	0.345343805	-0.512356445	-0.837262094	-0.323552554	-0.869322337	-1.982288904	-0.864717868	-0.790678211	-0.495418501	-1.322575354	-0.171053544	-0.925540235	-0.118078815
X324	0.489616398	1.083911698	0.902136449	1.858302713	1.88476285	0.298377698	0.594554737	0.827580475	1.07706011	0.818329957	-0.460590192	0.253501416	0.421450067	0.785811032	0.314229767	1.392610313	0.083845223	0.546204075	-1.05332555	0.469618799	-0.069508612	-0.388754752	0.61397127	-0.542513399	0.405600571	-0.591661613	-0.178851349	-1.065060866
X325	0.194233646	-1.663142467	-1.106654958	0.035304519	0.828515359	-0.998703152	-0.683239664	0.44883538	-0.649321956	-0.417070216	-0.455871475	-1.250703921	0.471359866	-0.399535044	-0.758272884	1.257008065	-1.170346096	-0.825236611	-0.882924465	0.27880823	-0.520013674	-0.981812686	-0.796393015	-0.568291076	0.081188429	0.178754263	1.936216674	-0.742694109
X326	-0.461568281	-0.708924216	0.091230861	-0.95011884	-1.180068136	0.163288549	0.14154114	0.007837257	-0.321250998	-0.446276342	0.796284786	-0.421765253	-0.327169644	-0.636297886	0.229628404	-0.075877983	-1.327514932	-0.166973529	0.75004864	-0.369596254	0.308688144	0.22743613	0.072084702	0.49952568	-1.134172773	-0.321541074	1.448311476	0.626998254
X327	-2.134668463	-1.783350668	-0.936931751	-1.722154154	-1.858701829	-1.343980594	-1.085362808	-0.769403784	-1.578694103	-1.488148033	1.239511026	-1.127796257	-1.661419546	-0.991603248	0.442891937	-0.911608518	-1.689729016	-1.027239328	0.075950677	-1.997234521	-1.816367569	0.2594768	-1.967183822	1.608665883	-2.198231943	0.145129397	0.730577279	1.280870689
X328	-0.64138666	-1.068853595	-0.718926975	-1.015536093	-0.479329667	-0.678245025	-0.192741968	-0.222532257	-0.93922012	0.112622285	0.071369207	-1.023406994	-0.826021693	-0.204834653	0.889394459	-0.106049879	-1.784361878	-0.573674083	0.40700304	-0.12962058	0.931521849	0.216995609	-0.73023365	0.365471991	-1.310052422	1.112681599	1.947651591	0.250402611
X329	-0.00590733	0.128005819	0.57887631	0.089790577	0.072412115	1.215288968	1.590924518	1.082468458	0.492503933	1.102848799	1.023737488	0.483943987	0.487901956	1.35471783	0.84588646	-0.629951478	1.69562244	0.450324897	0.010244178	-0.459924169	1.900746202	1.047530343	0.538599479	0.013809739	0.053421773	-1.087943655	0.435334513	0.03593945
X330	-0.685540528	-1.484717565	1.263301385	0.437636221	-0.504987709	0.988693739	1.329356917	1.918212574	1.131022207	1.100718561	2.025036325	0.320836032	-0.318298253	0.450989165	0.745079757	-0.756153452	-0.157551266	1.577475002	0.931572786	-0.824148337	0.942296575	0.428361406	1.378991803	1.26978118	0.9767562	-2.037574403	-1.186451056	-0.220119049
X331	0.161621181	-0.642885426	0.177076665	-0.965877524	-1.098432419	-0.256740254	1.376645937	1.295766251	-0.066948577	-0.33897445	-0.079038631	-0.143847511	0.564231803	0.52161872	-0.591394446	-1.499143961	0.586820497	0.010162953	0.153578844	-0.934531672	-0.224189264	0.47973745	0.152071641	-0.102803555	-0.064417909	-1.151657879	-0.778362408	0.196991813
X332	0.662313458	0.831600982	0.200084718	1.130491205	1.059129438	0.888522012	0.135774904	0.016076949	0.394789972	0.054644069	-0.676774342	0.495935673	0.299421386	-0.365515852	-1.752917235	0.250925055	0.00795147	0.097906625	-0.802593188	0.208934567	0.200097475	-0.778825165	0.205114823	-0.999961309	0.211623491	-1.089448137	-0.908148262	-1.106846209
X333	0.507828104	0.838653054	0.782005786	0.492362776	0.494208238	0.592074261	0.86478785	1.466855872	0.992225677	0.673406433	-0.310798612	0.093875103	0.465211042	0.540105999	-0.589180051	0.562425951	1.252114592	0.682790702	0.439747865	0.995986557	0.242435842	-1.22451099	0.678375681	-0.763382851	0.935808051	-1.295171043	-0.025585296	-0.229339089
X334	-0.814412887	-0.462609524	-0.051018403	-0.078538149	-0.260101006	-0.63083053	-0.506679409	-0.756467718	-0.355552646	0.531132989	0.619881309	0.186659903	-1.110094448	0.423987715	0.463409672	-0.490611219	0.528202541	0.028680737	-0.429114306	-0.405069608	-0.917866081	-0.336513302	0.15313975	0.430582843	0.17938199	-0.62004023	-0.874583151	1.527008506
X335	-0.621013616	0.597065362	1.079022434	0.273911046	-0.098802671	0.906616688	0.376543609	-0.209560551	0.984098591	0.119062155	0.441039433	1.19917902	1.04845486	1.645790838	0.121551837	0.014780509	0.377526263	1.180021702	0.787026353	2.138144597	0.805704019	0.496990125	1.146303942	1.09907895	1.258776268	-0.108974804	-0.385546041	-0.247994174
X336	0.950820245	2.357848476	1.386199344	2.277878071	2.378572836	2.325015626	1.257939364	1.234020433	1.649420567	1.590880924	-1.499816565	0.037967764	1.510140499	0.199501545	-0.805359285	2.452157293	1.798256185	1.579393232	-1.421604581	1.463320358	1.943071952	0.470082148	1.747531047	-1.646693399	2.677766938	-0.920913226	0.983999991	-1.881150588
X337	-0.684488251	0.026953155	-0.674916708	0.171705044	0.355914006	-0.513921924	-0.724115693	-0.328081918	0.089524909	1.105721304	-1.226977234	-1.534426519	-0.286812192	-0.823408129	-0.630693408	-0.100414141	-0.620201131	-0.517851958	-0.111091273	0.618210142	1.547219084	1.008807004	-0.515647298	-0.722183336	-0.587532135	0.326465598	0.703778031	-0.607580337
X338	0.432402325	0.975173023	1.551748457	1.560800686	0.693117411	1.24834777	0.858997436	0.25247214	1.275951917	1.083742626	-0.949607037	0.946383719	1.082149234	1.593279133	-0.657846924	0.614019324	1.441623286	1.713421247	-0.915522011	0.388056334	1.027240092	0.426927298	1.229806924	-0.928502394	1.619425398	-0.93087676	0.473707026	-0.163244462
X339	0.993862464	0.476834346	0.586070579	-0.482431037	-0.814211611	0.14474298	1.541443846	1.364566543	0.349873695	-0.731289352	1.470182173	0.468108665	-1.132512129	0.71065232	1.775217693	-0.696701813	-0.112786035	0.698428806	0.306800553	-0.147383026	-0.676014043	-0.413016902	0.676528611	2.026124232	0.298751481	-0.763642894	0.544082098	1.614201083
X340	-0.693832754	-0.904771387	-0.194774465	-0.704940113	-0.064388547	0.127169	-0.247955197	-0.221587735	0.2072749	-0.963380146	1.37520963	-0.589807168	-1.095222889	-0.186230156	0.761673954	-0.189367512	-0.277090606	-0.023032976	0.821438086	-0.375324137	-0.793233671	-1.68860649	-0.09885278	0.27597655	-0.252957201	1.0983589	0.017617863	0.311222189
X341	0.510861678	0.34160159	1.778639197	1.735861787	0.96662308	1.054681933	0.779438391	0.714726579	1.656548867	1.001848743	-0.738680397	0.071354965	1.165991191	-0.038567602	0.644487638	1.016413895	0.846194328	2.483344001	-0.872454773	0.611615344	1.023908182	-0.731047157	2.50816946	-0.911487298	1.420648803	-0.937814947	0.555449821	-0.926965285
X342	-0.074176431	-0.825855328	-1.311652209	0.11005941	0.59318463	-1.526976984	-1.66596343	-0.826475534	-1.615528748	-0.65783862	-0.34273011	0.350339931	0.377336504	-0.304802063	-0.113880648	0.41702896	-1.585289743	-1.30124074	-0.745556899	-0.359093839	-0.287762638	-0.679620434	-1.680294641	-0.496733126	-1.464294356	0.013400072	0.298058065	-0.782070116
X343	-0.949436289	-0.162131328	0.729960979	-0.32705937	-0.882747799	0.517244862	0.769799275	1.807280499	0.577527133	0.215494138	0.968301741	0.882184885	-0.473183888	1.139593794	1.201262395	-0.345922158	-0.712476811	0.683230686	1.902970722	0.078291304	-1.139060217	-0.119483137	0.598936964	1.635137081	0.523482109	-0.866286564	-0.069995497	0.635841245
X344	-1.501003457	-0.164714615	0.578466198	0.876928891	0.430374892	0.762551353	0.551605524	0.716648318	0.668590189	-0.033785107	0.058871248	0.907760786	0.170352744	0.20990697	-0.27824166	0.966176561	0.044366259	0.564975266	-0.84817158	-0.996829402	-0.114546858	-1.428777616	0.500092641	-0.292086868	0.495703494	-1.052929903	1.241350169	-0.991429986
X345	0.467068715	-0.842520601	-0.041046958	-0.511211304	-1.207927603	-0.187722058	-0.120137303	0.481856962	-0.720145213	-0.490949875	0.790354774	1.402405175	-1.212992036	-0.705546371	0.319414237	-0.407147566	-1.334468129	-0.123553246	0.661072937	-0.247236248	-0.121198363	0.533335379	-0.335487467	1.214994528	-0.294475244	-0.901466784	0.019998628	0.136685086
X346	-0.439397289	0.808203615	0.458945009	0.674769773	1.053021113	1.083399097	-0.363055434	-0.009289411	0.526885372	0.348453325	-0.584177697	-0.805471075	0.505601396	0.976193257	-0.595353491	0.953138156	0.63920896	0.141440739	-0.716267468	1.228796526	0.27082278	0.075637933	0.241986987	-0.628266059	0.705077808	1.213289528	0.737683069	-0.61081829
X347	NA	NA	NA	NA	NA	NA	NA	NA	NA	NA	NA	NA	NA	NA	NA	NA	NA	NA	NA	NA	NA	NA	NA	NA	NA	NA	NA	NA
X348	-0.234262077	0.923909953	0.650978464	-0.145514439	-0.521084308	0.067982692	0.439674883	0.062064308	0.613950357	1.739518738	2.157906884	0.143061781	0.641912006	-0.071414446	1.027008434	-0.35666561	0.607533997	0.828615323	2.04229115	0.645308156	0.197706421	0.975362996	0.644372717	0.56657391	0.551582143	-0.524580805	-0.056329434	0.928526862
X349	0.005518199	-1.027784144	-1.281210107	-0.766921976	-0.136434476	-0.805733476	-1.054208667	0.0753962	-1.423634389	-0.306890779	0.019943552	-1.414866884	-0.404714866	-1.093702624	0.561737468	0.342041853	-0.737510419	-1.345878648	-0.003102464	-0.323434375	-0.282553166	0.041370115	-1.332382666	-0.18811596	-0.867662767	1.613966932	0.027914093	0.598225248
X350	1.023532956	-0.145459829	-0.741597115	-1.184636174	-0.783353467	0.049158742	0.246305934	0.617699154	-0.891727772	0.671523924	-0.108730355	-0.254368246	-0.4575552	-0.922245987	-0.626226505	-0.994951449	-0.961884211	-0.430278592	1.218391496	0.463272269	0.268498271	0.720355566	-0.678805105	0.304393436	-0.938534737	0.381612391	-0.038740443	0.752849275
X351	-0.644787507	0.121934316	-0.217506545	-0.498977825	-0.94877806	0.421681488	0.010809661	-0.150351786	-0.190086959	0.56531762	0.105628247	0.536212187	0.291056073	-0.054147784	0.449289127	-0.315483849	-0.881018541	-0.173171259	1.510527207	0.079569859	-0.11291354	0.224492393	0.08432793	0.525754048	-0.608246971	0.697854964	0.747028144	-0.155733592
X352	0.093637447	-0.577308681	-0.40836821	0.401325906	0.388455215	0.735260235	-0.100901029	-0.126546166	-0.03495823	-0.021711525	-0.070137246	-1.198836282	-0.462208066	-0.967401885	0.122373078	0.98654842	-0.164815278	-0.22519714	-0.159070298	-0.340025331	0.007514721	-0.658397019	-0.327585356	-0.238823019	-0.103057189	1.337913377	1.215626855	0.603472242
X353	0.77639165	0.237025528	-0.199360039	-0.651898208	-0.350385588	-0.17040391	-0.539349291	-0.790093902	-0.219596337	-0.582072639	0.76206652	-0.702035842	-0.404379664	-0.188654822	-0.403215511	-0.388628928	-1.014241418	-0.414267229	0.082552009	0.334469706	0.876238332	1.253202928	-0.283943185	0.090347011	-1.182794639	0.387518074	0.123379708	0.215601339
X354	0.405519408	-0.192746547	2.137879017	1.758639258	1.569758947	1.291764917	0.829639224	0.396321603	2.193902918	1.237259024	-1.101513807	0.519687397	0.212779055	1.162185907	-0.003785288	1.863989594	0.882779135	1.74102577	-1.618975892	1.494836975	0.440235558	-1.091095289	1.718599087	-2.04948634	1.3844368	-1.871953852	0.521723706	-1.910702911
X360	1.170690685	0.952738821	0.465875234	1.305906591	1.747684522	1.242460887	0.422505804	0.79663472	0.821603163	0.907040125	-0.625886655	-0.87439047	1.809628613	-0.137662873	-1.845430335	1.323726023	1.262291676	0.353705423	-1.194627013	1.676960203	1.722635814	1.398644212	0.396260872	-0.953488671	0.898993959	-0.646242445	0.623401118	-1.248946454
X361	0.716433908	0.072528863	1.81774431	1.031825745	0.830540862	2.006652829	0.391443602	0.504194471	1.833692838	0.633991203	-0.841421019	-0.365402485	-0.390153436	-1.268599782	0.281755642	0.953553933	0.727881762	1.134963784	0.117270149	-0.424114432	0.500500278	-0.246368625	1.363173982	-0.533809645	1.034518222	-0.786572934	0.776710386	-1.143911902
X362	-0.728823423	-0.659485202	-0.352487645	-0.19849403	-0.129410909	-1.277977769	-1.263732131	-1.079661207	-0.457017816	-0.60432459	-0.125465201	-0.197366695	0.318586945	-0.296777727	1.526713525	0.320347538	-0.727223842	-0.318522926	0.750682068	-2.193631548	-0.52535023	-0.457447095	-0.189887135	-0.357797791	-0.964431919	-0.566269684	-0.977049717	-0.267760285
X363	0.365657193	-1.634320466	-0.021839695	-0.619415788	0.080760716	-1.822179254	-1.566975149	-0.342508333	-0.085395221	-0.088752833	0.267898664	0.589477194	-0.287586735	-1.468938453	1.161781542	-0.382526224	-0.566394434	0.212673342	0.099757665	-0.092564576	0.034692836	0.0721982	0.05521551	0.967458127	-0.041484928	1.28980034	0.894222337	1.189800642
X365	1.502495031	1.179850862	1.041443813	0.326101482	-0.121147969	0.368764881	1.621455657	1.042898345	0.903752104	0.347315764	0.387228525	0.689061167	0.513266867	0.576899014	2.023766393	0.197236736	-0.548746046	1.01266432	0.073111906	0.447518	0.737439107	1.433176935	1.227851538	0.738369701	0.524335282	-0.171381564	1.037626146	0.397016249
X366	0.493267227	0.18679446	-0.335469541	0.764448071	1.325165593	0.259992375	-0.937557051	-1.386192683	0.367133007	0.480665195	-1.335351487	-1.764318946	0.528663671	-1.467179313	-0.779285275	1.439094504	-0.030974872	-0.717965706	-1.645194841	0.112812148	0.468304831	0.137194795	-0.362667887	-1.074680332	0.398747435	0.201052981	0.22984634	-1.308071964
X367	1.643957565	0.547533342	-0.84965034	0.515732055	1.081492969	-0.169159307	-0.299984374	-0.575671846	-0.497203874	-0.132176224	-1.41768392	-0.330697841	0.873643653	-1.883860426	-0.021730123	0.67377381	-0.250702727	-1.512746073	-0.691809402	0.607018391	0.228804141	-0.165027549	-1.068716834	-1.349879385	-0.559715814	1.791603096	1.530627952	-0.91851659
X368	0.877300979	-0.922506321	-0.710676711	0.824532479	1.181060094	-0.825811079	-0.760389668	-0.737703563	0.116136519	-0.271375152	-2.078885218	-0.713944722	-0.396925245	0.661005554	-1.163689953	1.485081887	-0.455102114	-0.920388396	-1.529410976	0.094378248	-1.286574309	-1.492691017	-0.620674094	-1.864580767	0.500337278	0.611190259	2.429307868	-1.365260104
X369	-0.206755997	-2.034765152	-0.67666861	-0.84914955	-0.494985952	-0.485923661	-0.61319393	-0.67593678	-0.842885368	-0.611654312	0.294475463	1.471923757	-0.391884105	-0.187504434	0.461873817	-0.668068702	-0.729452748	-0.504447992	0.14595832	-1.051127769	-1.032365443	-1.954735028	-0.377548676	0.733633299	-0.446534212	0.58665339	-1.738604414	0.066533439
X370	-1.710793891	1.163369365	-1.969408994	-0.96049458	-1.670675353	-0.441695166	0.74316941	0.331841849	-0.290012049	2.290551489	1.715440522	-0.348489705	1.213889782	-0.448326793	-0.398767239	-1.107711365	-1.587713081	-0.775103449	0.682687268	-0.06339085	2.516755101	2.680308366	-0.376666501	0.938829835	-1.653997929	-1.235041799	-0.718203567	-0.948256139
X371	-0.318684913	0.407708835	0.275096882	0.046796529	0.068875017	-1.080592291	-0.884849112	-1.441927658	0.36497732	0.049296229	0.123106218	-0.987941955	1.474465223	-0.071300778	-0.618539853	0.136333004	0.198997438	0.112524043	0.503061802	1.349941494	0.15791267	-0.865888749	0.199197406	-0.096922973	0.131772923	0.270745628	0.060849482	-0.676714457
X372	-1.227859725	-1.344459779	-0.263627925	-1.508151122	-1.040499047	-1.70142762	-1.78208684	-1.639773669	-1.290554433	-1.585997349	-0.142185777	1.198830914	-1.480280105	-0.398082012	-1.630910599	-1.502658545	-0.978738911	-0.5897838	-0.992366801	-1.380581532	-1.229767381	-0.968886111	-0.359323571	-0.261155249	-0.541963022	0.755971651	-0.564393572	1.377261798
X373	-0.650603434	-0.026713122	0.156256244	-0.309983188	-0.438535069	-0.515496581	-0.576417398	-1.29274207	0.048478383	-1.054872971	0.650463239	1.229417193	-0.448605746	0.385353082	-0.317827109	-1.005709364	0.669254716	0.341283974	1.004284171	0.220118995	-0.733192549	0.308596652	0.275615553	0.609606867	0.296003207	0.267031867	-1.61603339	0.678068927
X374	-0.335817883	0.154687573	-1.54201712	-1.775239959	-0.234230217	-1.61851214	-1.05988484	-1.151123927	-1.868115488	-1.418892097	1.208126462	0.472924386	-0.401128876	0.451321563	-0.379798701	-1.011562083	0.621954897	-1.702225424	0.86836617	0.004143979	-1.246857942	0.245237282	-1.724775826	0.53763734	-0.588892651	1.075046831	-1.739192462	1.129347036
X376	-0.099894434	-1.462385163	-0.172263001	-1.430230788	-1.288164029	-0.618856153	-0.506824722	-0.956719426	-1.016334943	-1.703838086	0.638200125	0.968416443	-1.21644393	1.180758483	0.909504078	-1.005911234	1.195756175	-0.434285375	-0.455150677	-1.009975759	-2.138654008	-0.722290319	-1.049962076	2.131904868	-1.303924311	0.173899734	-0.775427555	2.213392469
X377	0.207351165	-0.305453082	-0.647137963	0.535166634	0.464725782	0.568725698	0.388978369	0.403985187	-0.530114328	-0.36161514	-0.543537545	-0.748707816	0.134637806	-0.565153736	0.660180977	1.07659085	0.511424826	-0.906064869	-0.506031804	-0.416956576	-0.335891252	-0.054591766	-0.811590135	-0.027216447	-0.887488969	-0.824037564	-0.710130148	-0.233830361
X378	-0.735521478	-0.670751388	-0.619459536	-0.921264787	-1.285008919	-0.764174561	-0.644646937	-0.476662408	-1.062663127	-1.630595804	1.680014821	0.871725685	-1.638406888	-0.600500132	0.92135825	-1.825396689	-1.358893911	-0.113509108	0.296786181	-1.416772443	-1.777136174	-0.194395881	-0.695634286	0.506593638	-1.256374605	-0.328757389	-0.301510091	1.574891717
X379	2.285167282	1.648375851	1.092403282	0.798292749	0.747579596	0.635336691	2.043777882	2.130272094	1.217305634	1.599222035	-0.477114009	2.313506567	2.223402842	2.134158317	2.437222198	0.992238355	2.237261062	0.902364679	-0.636485805	0.340104626	0.891672866	0.57901772	1.002895787	-1.163945987	1.053370115	1.127379637	1.725731793	-0.595134193
X380	-1.066246861	0.193203213	-1.177419795	-0.189892635	0.1869065	0.120072741	-0.137869095	0.004959141	-0.544422909	-0.975612337	-0.893307017	-1.003434962	-0.344387005	-1.863941361	-1.525146886	0.606592667	-0.252751048	-1.073649551	0.037398653	-1.481483993	0.318605827	-1.18000065	-1.064235213	-0.753398723	-0.251219025	-0.559678096	-0.723701371	-0.332283135
X381	-0.214550746	0.068307643	0.057715198	-1.480295067	-1.574105678	-0.579427051	-0.070404597	-0.182895216	-0.252766121	-0.288887227	0.859198097	0.033633546	-1.220611165	-0.855730222	0.111521952	-1.218830036	-0.002371442	0.200373057	1.337635178	-1.164448202	-0.441379814	-0.092885859	-0.008698045	0.813001989	-0.003034338	-0.158416887	-0.095378395	0.498315676
X382	-0.572875423	-0.424720972	-0.779411882	-0.953754828	-0.293939432	-0.57457899	-0.677270436	-0.845373335	-0.699161904	-0.848255644	0.615604989	0.401957134	-0.484486184	-1.040328126	-0.432959732	-0.248459881	-0.842333508	-0.658101453	0.330443998	0.140104853	-0.107090362	-0.117728841	-0.756755558	0.753116064	-0.702540153	0.025632111	-0.793286947	-0.131178703
X383	1.311599832	1.128165188	-1.074491507	-0.158414496	0.634707662	0.082155116	0.222032331	0.273963331	-0.787854569	0.238297848	-0.43689083	-0.858927522	0.807254237	-0.447847189	0.886656546	0.587724487	0.362273893	-1.204327904	-0.507938019	1.382478355	0.594268439	0.976469978	-1.264122749	-0.746470918	-0.181012711	1.591864305	-0.699150612	-0.107390059
X384	-0.607632847	1.830747669	1.307111403	1.550743715	0.650087317	-0.115746751	0.634775064	0.786569651	1.856048789	1.347083318	-0.769583133	1.06829878	1.966401995	-0.871773155	1.274598505	1.771577647	-0.438117747	1.441349395	-0.509206252	1.579640609	1.987725119	1.963577364	1.461796882	-0.683920152	2.128667279	0.157564521	0.163068411	-0.589536375
X385	0.659423353	-0.386069609	0.22892922	-1.03182263	-0.827039282	-1.366409343	-0.925841254	-0.710098667	-0.592952331	-1.173427481	0.438339165	-0.135318302	-0.201511861	-1.201604799	0.314525587	-0.924895016	-1.195331075	-0.569132066	-0.256559474	-0.295155531	-0.852114118	0.175588863	-0.496691433	0.197018777	-1.483434269	0.26004888	1.451413759	1.089222281
X387	0.23626526	-0.371496819	0.585664654	-0.106405155	-1.338170328	0.287890575	0.44669978	0.061375475	0.417500321	-0.624006567	0.914253772	0.804821919	-0.982515764	-0.222150563	1.320708788	-1.05852021	1.203203598	0.94635579	0.465608284	-0.241977735	-1.196649562	-0.992405091	0.513679322	0.230651428	0.504140403	-0.660700926	-0.21281637	0.61808218
X390	-0.230152194	-0.452662495	0.95057504	0.243051483	-0.531700557	0.536395853	1.21032475	0.877813132	1.200520818	0.714135016	0.175522916	1.310414271	0.327594183	1.033962383	0.888131156	0.253696855	0.520658638	1.418360239	0.083515405	0.962925632	-0.061177065	0.732232826	1.396306427	0.174099236	0.969447629	-0.586468924	0.984238803	0.955232113
X391	-0.288041821	-1.381610541	-0.592145092	-0.029079948	-1.304385052	0.369264607	1.870063673	1.336210853	-0.489125828	-0.129782411	0.482982013	1.144463588	-0.545819537	0.814136462	0.322398681	-1.071455989	0.727550096	0.333030886	0.239986262	-1.178140932	-1.151461088	-0.737568475	0.140628789	0.569221051	-1.632800322	-1.422727626	-0.617733518	0.715984658
X392	-0.143076509	0.466147844	1.644686915	1.005269835	-0.241960825	1.354092422	1.752734317	1.31804514	1.510125295	0.324301753	0.215614287	1.630291868	0.423751335	2.493266704	1.971483067	-0.172866442	0.617877971	1.521324658	1.900716137	-0.334790662	-0.833395377	0.228084516	1.485572682	-0.1815719	1.264952073	-0.744637336	0.202978116	0.640914397
X393	0.452720008	-0.323289975	0.582806206	0.427235703	-0.02242878	0.979148248	0.469861933	0.784616542	0.599665306	0.832071399	-0.089442975	1.757088724	-1.056922253	0.562503623	0.186087767	0.355364344	-1.371442804	0.695611588	-0.316961458	-0.19138287	0.271079185	1.246883826	0.57436912	-0.304859459	0.755721113	-1.324228139	0.252637714	-0.153603715
X394	-0.90232106	-1.065123827	0.230779054	0.113455615	-0.314559795	0.160233149	0.454746864	0.623059116	-0.056024458	-0.562354851	-0.314581123	0.783594045	-0.973711567	0.490014585	1.48185974	-0.361435736	-0.320391456	-0.000501106	-1.146820092	-0.622241763	-1.688585767	-0.395308484	-0.082439468	0.580501824	-0.962117143	0.104872649	0.340124671	1.440297176
X395	-0.202601564	0.442907067	2.093620626	1.039543308	0.601422033	1.419596977	0.560411549	0.45890715	2.119391697	0.243202502	0.681900564	-0.855194398	0.320369568	0.846471121	-0.664213311	1.165099623	0.234023361	2.091845429	2.211392249	-0.013841378	1.058830838	-0.500675722	2.053768585	-0.543024101	1.253749884	-1.169602211	0.910049012	-0.524598016
X396	-0.748235626	-0.496715535	0.578535823	0.240008943	-1.707774861	0.265724826	0.146891385	-0.511906759	-0.074086756	-0.299615283	2.224085279	1.094627789	-0.102511015	0.030405845	2.320054061	-1.239197402	-1.501246979	0.455349931	-0.336178248	-0.843297868	-0.611504922	0.869623443	0.608948414	2.399675609	0.34442174	-0.921032461	0.364699019	1.005716807
X397	-1.763846903	-1.122603788	-0.61473261	0.383420396	-1.656075134	0.365575038	-0.080216786	-0.310674917	0.317216884	1.672379668	1.375920965	1.016552433	-0.984637256	-0.342664613	0.030960276	-0.719071534	-1.728467603	0.625841797	0.73199091	-0.897595976	-0.515484478	0.904638616	0.372746777	1.904788461	-0.695942397	-1.565637579	0.986166468	0.930327295
X398	-1.738374468	-0.851464231	-0.340051723	0.004136559	-1.219141343	-0.150865336	-0.270798151	-0.032863982	-0.295455831	-0.802956831	1.203263708	0.395085994	-0.868115283	0.615770246	0.472102967	-0.626211809	-0.676612584	0.147483694	-0.439460158	-0.640429597	-1.50750656	-0.214053005	-0.270821117	0.502158217	-0.930592476	-0.022547897	1.018068147	1.625485362
X399	-0.28288817	-0.986883279	-1.352194617	-0.438943691	-0.703699028	-0.513541684	-0.381147172	-0.45111993	-0.911822822	-0.335574732	0.386861509	0.366340758	-0.093078836	-1.150157119	1.040336454	-1.111492782	-0.938365874	-0.927416928	0.224051691	-1.266809144	-0.259715287	-0.39700108	-1.220223637	0.013023282	-0.754743418	0.241958754	0.259498267	0.017086612
X401	-0.13923249	-0.72959701	0.618753664	-0.860895211	-1.57594359	-0.004845994	0.357384783	0.054789487	0.348628238	-0.720917548	-0.409982223	0.744438424	-0.048605314	0.439863086	0.43934142	-1.604105092	-0.2917384	0.592967387	-0.055377234	0.817531948	-0.930884157	0.255773404	0.732286594	0.691093115	0.419619677	-0.739369869	-1.17679453	0.708760436
X402	-0.449140056	-0.018568964	-0.755683405	-0.443196208	-0.953012703	-0.746515946	-0.577655272	-0.350825435	-1.526666453	-0.790351919	0.583196723	-0.288423066	-0.305286106	0.095015439	-0.176617823	-0.512271539	-0.028092838	-0.348550919	1.515211373	-0.927715946	0.323446722	0.285708114	-0.589246746	-0.31366532	0.311782697	0.001672871	2.174854745	0.427165128
X403	-0.062918863	-0.500145335	-0.403135772	1.102209559	1.169135758	-0.556988525	-0.88789561	-0.721468014	0.288155762	-0.081290176	-1.128562958	-1.213513062	1.94838282	-0.497904072	-1.156494335	0.894519994	-0.692645649	-0.392862525	-0.998797384	0.245030176	0.296125866	-0.658924879	0.059773687	-1.041925125	0.092123553	0.960253061	1.656962717	-1.43875142
X404	0.265315161	0.564643809	0.646027439	0.756008157	0.244967565	1.311029851	0.811781329	1.621684266	0.667971263	0.592888266	-1.004509645	0.518731708	1.138289463	0.266594014	0.954199198	0.598619024	-0.561520467	0.668872398	1.922718946	-0.309890329	0.020875252	0.001509395	0.442848981	0.033420302	0.10488975	-0.618302452	1.192528129	-0.591908043
X405	-1.934951165	-0.242351231	0.089921168	0.49084475	-0.052600286	0.300068608	-0.615983491	-0.991004516	-0.007276242	0.059466073	-0.353693051	-0.485246981	-1.675000088	-0.555492112	-0.317824055	0.090461743	0.410106802	0.228387142	0.979699968	-0.962994427	-0.21669703	-0.715628405	0.102168231	-0.134871423	-0.612954952	-0.317852468	-1.256000473	-0.340622353
X406	-0.940862716	1.214059493	-0.915491209	0.633705791	0.333803296	-0.073155267	-0.050088356	0.650937221	0.100370085	1.094852088	-0.471406773	-1.332173769	1.095069308	-1.499422621	0.653012949	0.355920352	-0.278497232	-0.263122771	0.115987137	0.405071911	1.547832532	2.009355565	-0.067360883	-0.819733087	-0.464614174	0.375426996	1.274355108	-0.00977409
X407	1.980201277	-0.097226786	-0.043200396	0.866922951	0.831207846	1.867608542	2.363736779	1.180454174	0.489323027	0.304874398	-0.876922771	-0.613804912	0.404027528	0.081386959	1.201720468	0.254084243	-0.373010992	-0.057040915	-0.526350647	0.244406392	0.162332855	-1.033584413	-0.159269971	-0.701900355	-0.417542637	-0.239750027	0.261234961	-0.77980886
X408	-0.547008642	-0.557679164	-0.783541123	-0.680821069	0.597244998	-0.098746909	-0.985310743	-1.004700933	-0.699618405	1.688653354	0.669510095	0.192423509	0.036942999	0.238023079	-0.432834469	0.880144576	-0.487584521	-0.437222238	-0.193669834	-0.080381691	0.231420828	1.201424171	-0.663884635	0.181805267	-0.586248546	0.325977656	-0.570884959	1.035808927
X409	-0.119372652	-0.170185446	-0.329897799	-0.207214807	-0.505510913	-0.443070168	0.090206922	0.058231176	-0.194988377	0.159064927	0.792101584	0.625800616	0.323867627	0.03687735	0.834032019	-0.708001192	-0.042471999	-0.206271478	1.181896473	0.042277829	1.309075432	1.455693319	-0.264419316	0.826606448	-0.204373058	-1.022469339	0.093645608	0.237704311
X410	-1.115375829	-0.353407025	-1.890372659	-1.919892627	0.258317367	-1.708080194	-1.312629225	-1.618000545	-1.654490011	-1.731261751	0.022071445	-1.616913298	-1.067803184	1.008581946	-0.494481982	-0.152785522	-0.16788441	-1.788255822	-0.071008509	0.254018295	-0.079936471	-0.429408806	-1.544946323	-0.48126495	-1.532874234	1.244557643	-1.843861581	-0.059200903
X411	-1.34129972	-1.51020932	-0.059675565	-0.497114472	0.08324579	-0.935584143	-1.118331052	-1.308462365	-0.411424979	-0.957413492	-0.343025818	-0.254354382	0.759980954	-0.496913204	0.097161467	-0.19399021	-1.214495683	-0.759518401	-0.371794659	-1.463946661	-0.832621466	-0.872575873	-0.446980166	-0.563515672	-0.676745487	-0.941322707	0.213906681	-0.095664913
X412	0.041004983	-0.700708772	0.61443508	-0.206884055	-0.126942926	0.641169244	0.938502847	0.622955868	0.074112382	-0.12564226	-0.541409025	0.845835447	-0.006718105	0.606114247	0.388983502	-0.66479213	0.767237332	0.159061373	0.60825359	0.151610526	-0.921250753	-0.799778238	0.06620733	-0.375675099	0.184681734	-0.682826622	-0.57319133	0.176204341
X413	-0.85698169	0.916393881	-1.459034594	-0.860099166	-0.587657164	-0.460245532	-0.971250269	-1.355961949	-1.177820993	0.022089547	0.832617924	0.36187664	-0.060444669	-1.068919034	-0.404862161	-1.276176946	-0.640007096	-1.009697047	-0.206615248	-1.236092478	0.053061216	0.869965565	-1.128538972	1.322759113	-1.090598083	-0.021371664	-0.458975498	0.092775493
X414	-0.078565021	0.604094914	0.284685694	0.673342068	0.544282302	0.517352628	0.434448439	0.236874581	0.080324287	0.0817054	-0.657099841	0.078441585	-0.973534183	0.460704499	0.542955788	0.534756985	-0.68496303	0.365651236	-0.205188129	0.042000845	0.446009381	-0.813238333	0.387578868	-0.847833479	-0.396927221	0.196521785	-0.363151259	-0.898868824
X415	1.220284704	-0.010574666	0.646074665	2.382355597	0.965624465	2.139742536	1.366084938	1.066663204	1.179356602	0.72991403	-1.643605824	-0.407499565	1.326895936	0.856653548	-1.003608881	1.023545805	-0.396316438	0.651452779	-1.244544247	-0.391608524	1.260683867	0.074042293	0.87232316	-1.86599823	0.379567603	-1.106023992	0.287274561	-1.613536283
X416	1.821054492	-1.46777288	0.527845888	0.246797395	-0.252587205	0.904930524	1.242831039	1.689101185	0.479963176	1.156865354	-0.513295603	2.232920056	-1.050390901	-0.330546016	-0.23448742	0.372812316	-1.882883862	0.438288826	-0.097992961	-0.841195826	0.88630249	0.309979815	0.592047959	-0.288289691	-0.323123529	-1.34632312	-0.566605392	0.625974328
X417	0.1810808	-0.892660956	1.356417045	0.107103049	-0.580809717	0.031800914	0.532786612	0.241822286	0.918534681	-0.309828088	0.88549143	0.196711122	0.420694117	1.633452065	0.115084484	-0.914530784	-0.020715194	1.774139073	0.357083974	-0.479364109	0.287565069	0.083336422	1.788664022	0.918523896	1.035175419	-1.164416853	-0.70094065	0.63050567
X418	-0.466936412	0.878256464	-0.122596621	1.39148651	1.192746674	1.058179487	-0.328571919	-0.519682125	0.660427292	0.242774912	-1.507587177	-1.50775684	1.228181026	0.185158408	-1.287924412	1.532464	1.543866735	-0.326309905	-1.154283119	0.850095896	-0.404900586	-0.593285918	-0.004884646	-1.333854335	1.759637289	0.365766088	-0.768731426	-1.535942945
X419	0.754363155	0.927900134	0.199888413	-0.158490136	-0.675389171	-0.382852867	0.269967099	-0.634481374	-0.259995438	-1.100871247	1.413850845	-0.516790816	0.446073146	-0.092417348	0.800569972	-0.940556458	1.311264802	0.224720226	1.058952757	0.297966682	0.582049477	0.510879513	0.381514206	0.782497688	0.671169784	0.050678438	0.30100808	0.554372729
X420	0.510069575	1.321239723	0.082854368	-1.103303628	-0.461465784	-0.292720586	-0.486219636	-0.997121356	-0.417603095	-1.527380924	0.075429991	0.656814898	0.526293669	-1.158226837	-0.515824649	-0.582502787	1.012964951	-0.535874558	1.043721227	0.648906676	0.929630942	1.047619493	-0.25325337	0.265114873	0.677953312	-0.084723235	0.097343315	-0.486531925
X421	1.233978449	1.36046657	-0.509721836	-0.473161218	-0.471207383	-0.931775324	-0.027347353	-0.035319555	-0.944764125	-1.160724678	-0.003195951	-0.805426147	-0.122225661	-0.565826984	0.504301912	0.081697151	-0.475501625	-0.856551207	0.793962432	1.010096783	-0.245389617	-0.360666858	-0.598524548	0.158879334	-0.419607813	0.929683003	0.167707099	-0.103434757
X422	0.723236901	0.250048807	1.013119009	1.859611071	1.262344761	0.754012659	0.035928141	-0.153069696	1.003157015	0.738438338	-1.418840988	-0.220119005	1.044679157	1.559111493	-1.61086267	0.8517654	1.431121253	1.178665773	-1.509907081	1.178886552	0.442660154	-0.947166039	0.987242609	-1.230939474	1.050189396	0.475481933	0.637668083	-1.630468924
X423	1.235954146	0.43507852	-1.563913569	-1.139355066	0.151646515	-0.703946415	-0.486302893	0.382688128	-1.069617101	-0.731302063	-0.443985174	0.710933978	-0.907062647	-1.253110545	-0.705255636	0.042629758	-0.997539883	-1.364738257	0.044148929	-0.536697971	-1.040465563	-1.845534918	-1.190496979	-0.406918901	0.242062628	0.205400701	-0.753656248	0.034328205
X424	-0.704805333	0.013269058	0.061510822	-0.46028324	-0.333119166	-1.019441689	-0.924609269	-0.437239904	0.160654965	-0.335535734	1.338209221	-0.573481009	-0.007821927	0.908304921	-0.167732066	-0.084444786	0.101445839	0.038360051	0.787578438	-1.58225422	0.539568624	-0.170964675	0.241179056	1.297587379	-0.076348836	-0.682396709	-1.394261876	0.811471729
X425	NA	NA	NA	NA	NA	NA	NA	NA	NA	NA	NA	NA	NA	NA	NA	NA	NA	NA	NA	NA	NA	NA	NA	NA	NA	NA	NA	NA
X426	0.773766187	0.302282964	1.238973373	1.57367824	2.156249626	0.584548867	-0.522996336	-0.403715088	1.383829472	0.533221995	-1.264400611	-0.51513499	0.368232457	0.846946246	-1.54263532	1.427421686	0.871581915	0.816863528	-1.584849575	1.359267572	-0.884507857	-1.502926866	1.042257222	-1.543735438	0.637787004	0.622682358	-1.541333085	-1.117237553
X427	0.360238773	1.466083602	-0.634940418	-1.347757634	0.702298335	-1.624479336	-1.701444227	-0.91915512	-0.634987582	2.267286032	-0.552195569	-0.440024896	-0.986277865	-0.763650684	-0.191101057	2.266372211	0.020684922	0.053884999	-0.56704026	0.594838173	-0.397287688	1.094877109	-1.414471409	0.093895534	-0.31725388	1.291869629	-0.352259931	2.269236967
X428	-1.678848266	0.027796112	1.906792346	-0.021733184	0.2793784	0.012883817	0.887389809	2.187206607	0.838116106	0.917620867	0.465204504	0.478074796	0.498965579	0.238228707	-0.129964769	0.021020694	2.040340261	1.380196158	1.710952383	0.826974557	0.592151743	0.01886567	1.349679092	1.063968339	0.895532167	-0.059029078	0.125208538	0.191346588
X429	-1.298347248	-0.370852656	-1.047481811	-1.398129113	-1.193084579	-1.356515215	-1.761910857	-1.733194054	-1.748883654	-1.855303002	0.258447835	0.482401181	-1.668033702	-1.269599851	-0.695722219	-1.932082718	0.443831113	-1.450960715	-0.681034425	0.150613734	-1.694521722	1.115118503	-1.516678538	1.05514727	-1.52481863	0.663919641	-1.129000392	1.770192808
X430	0.589489243	-0.813423343	-0.084893354	-0.851037453	-0.366113441	-0.966299398	-1.304477951	-1.152827709	-1.367692474	-1.434493346	1.78928426	0.073698467	-0.595063876	-0.886727542	-0.98580729	-0.875984431	-0.08785035	-0.8113767	0.996928503	-0.304648851	-1.594865786	-1.227317584	-0.719400476	1.569202124	0.293650232	0.101351163	-0.675388946	-0.235592637
X431	0.960675692	1.027873256	-0.202163426	-0.967355459	0.20534576	-0.827027521	0.056682346	0.165783221	-0.687416309	-0.19952083	0.196079952	0.109005862	1.217879921	1.734891671	0.08256607	-0.227662042	0.699336481	-1.049464015	-0.393030359	1.824886846	-0.324142289	0.348965328	-0.510498594	0.697451177	1.014007295	1.944146434	0.133637352	-0.76320275
X432	0.138908333	-0.02159934	-1.257935142	0.679148256	1.884376025	-1.386394527	-1.157584366	-0.023339645	-0.558847069	0.358423296	-1.104342109	-0.655847887	-0.17921941	-0.291883544	-1.234876627	1.127737301	0.375429806	-1.364321733	-1.484274674	0.748839204	0.155517437	-1.728849482	-1.235206604	-1.385247736	-0.774022635	0.520119811	-0.707344715	-1.23480946
