ID	IL.1RA	IL.7	GRO.alpha	IL.8	IP.10	MCP.1	MIP.1.alpha	MIP.1.beta	SDF.1.alpha	RANTES	IL.13	IL.1.beta	IL.2	IL.6	TNF.alpha	IL.18	IL.10	IL.21	IL.22	LIF	BDNF	PDGF.BB	PIGF.1	bNGF	VEGF.A	HGF	Leptin	IDO
X57	-0.315693394	0.711004815	-0.125296119	0.762158511	0.536869169	-0.612111941	0.620308092	-0.332416227	0.073158139	0.195132475	-1.298463071	0.303604827	-1.181723667	-0.564304514	-0.479003569	0.427989553	-0.167783566	-0.193248877	-0.609472778	-0.098102411	-1.160022036	-0.882232905	0.288342822	-1.409619804	-0.144315651	-0.851608946	-0.237686341	-0.045812498
X58	-0.970922671	0.797074039	0.757775445	0.43131185	0.173663834	2.019819367	-0.409422038	-0.309671945	0.813293638	-0.681567747	-0.210486932	0.537729753	-0.167756782	0.614378675	-0.977839823	-0.11814556	-0.358784534	0.947119208	0.188626073	-0.360940729	-1.288887131	-1.250587013	1.713272557	0.099924042	0.342686219	-1.259032349	-0.146147381	-1.607209253
X59	0.268491112	-0.285846248	0.327439718	-0.157191961	0.937196407	1.030830532	0.2718727	0.722223331	-0.206197948	1.382808511	0.649987215	1.383554638	0.540401035	0.673769838	-0.682189416	-0.113444452	-0.350969122	0.201128474	0.366640889	-0.486930894	0.170451158	-0.629390406	1.299519123	0.096218876	0.513355288	-1.393984794	0.445466389	0.675316679
X60	0.692989791	0.180156427	1.827651822	1.357831366	0.611441328	0.245003976	-0.165778163	0.15500056	0.353997765	0.430568719	-0.856418585	0.816298515	0.410544921	0.975436022	-0.142679125	-0.624070742	-0.251263356	0.323857705	-0.720328736	1.739650307	-0.531834585	-0.387068331	0.43564794	-1.042474336	1.780820831	-0.215857678	0.655841303	1.16198955
X61	-1.334599352	-1.036838744	0.154752442	0.040237666	0.479272128	0.403784636	-0.086909158	-0.586154767	0.107945524	-0.4173641	0.308651431	1.622782633	1.358766233	1.686890931	-0.889636714	0.759240486	-1.000281755	-0.674530683	0.605658224	-0.891254161	-0.450719349	-1.296590508	0.089183182	0.537978142	0.654856691	-0.392425097	0.191370876	0.019309499
X62	-0.757247692	0.102052456	0.937754138	0.944208364	-0.289936089	-0.052788121	-0.580455438	-0.072699943	0.944324767	-0.703140283	0.196025587	0.078036342	-0.945714602	-1.19951472	-0.121666228	-0.941984161	-1.003232069	1.201597389	-0.27299192	0.007026491	-0.14115941	-0.322921205	0.553004223	-0.49868828	-0.107352587	-0.579177873	-0.428717191	-0.685175643
X63	0.172220211	-0.928523239	1.184946582	1.876641413	1.440802821	-0.112876279	0.613757349	0.638576042	1.779490761	0.810028812	-0.828135353	-0.243455193	1.311601177	1.194074119	0.061247359	-1.078583745	-0.20292737	0.734936374	-1.57351175	1.23362638	0.223050493	0.22520968	0.88682826	-0.987260341	0.005254241	-0.221703279	-0.386695673	0.500733229
X65	0.079839433	1.692152827	-1.249458984	-1.15540653	-0.231131383	-1.433073519	1.076861565	0.035920133	-1.169834065	-0.006133007	0.64883863	-0.793482858	0.349380223	-1.061254257	0.929764373	0.386767871	1.114802574	-0.700778427	0.795346032	0.64681322	0.676337731	0.536889582	-0.693582652	0.271956119	-0.7854689	1.104051681	0.538703333	0.119678413
X66	1.005015166	1.494642487	0.010808502	0.183220386	-1.167343396	0.521050913	-1.010141203	-0.777289212	1.229004375	0.189717722	-0.738739697	0.735938592	-0.570978758	0.196213769	0.714394153	-0.664292848	2.152732135	0.471728368	-0.412224734	0.427535342	1.765972191	0.799668162	0.989030907	-0.579462344	0.808017922	0.439565788	-0.788440063	-1.043351241
X67	1.877720253	0.048089199	-0.481898215	-0.450394286	-0.55717915	0.859671307	0.585454609	0.55899717	-0.498198715	-0.187267245	-0.102108718	-1.117296848	1.115881935	-0.34751343	0.327762751	0.658443948	0.615423712	1.745232876	0.081437477	0.976635187	1.084210992	0.564123917	-0.32749092	0.463154734	1.092803922	0.037416533	-1.26715725	-1.22636589
X68	0.631912484	-0.086754001	-0.829503495	-0.696068424	-1.317422671	-0.253327814	1.425537634	1.156875673	-1.013548653	-0.510575476	1.793336051	-0.39260814	0.276697467	0.694465725	2.022917411	1.64152166	0.845996701	-1.323038944	1.246444249	0.743157129	-0.701270294	-0.402910795	-1.365134597	1.67739144	-0.599312157	1.113700016	1.857380391	-0.895134599
X69	-0.409890949	0.720542316	0.629406034	0.635955763	-0.042790334	1.164569952	0.135139839	0.518292927	0.183852216	1.166242849	0.137182448	0.132724891	0.107872286	0.320305799	0.87888333	-0.613347638	0.742794564	-0.069072197	-0.433931692	0.034463863	1.315315111	0.894700971	-0.289248024	-0.253645881	0.62331751	0.194494672	-0.854260731	0.412316008
X70	NA	NA	NA	NA	NA	NA	NA	NA	NA	NA	NA	NA	NA	NA	NA	NA	NA	NA	NA	NA	NA	NA	NA	NA	NA	NA	NA	NA
X71	1.274575537	1.003790845	-0.246036963	-0.097246574	0.35807071	-0.45314238	0.323951718	1.394233093	0.641728621	1.864151013	-0.43818105	0.517124659	-0.216755651	-0.054921489	1.184409629	0.140139228	0.2081957	-0.074539996	-1.131991449	-1.29748255	0.841109924	1.313936514	-0.467760021	-0.192518929	-0.633767351	1.803899497	0.920289376	1.582759661
X72	-0.43975336	-0.371929172	-0.989494986	-0.724600626	-1.955062997	-0.595939629	2.238550996	2.199225669	-0.46618436	0.738600105	1.19881332	-0.421252937	0.075061238	0.010637391	1.651498631	0.024851667	0.945599281	-0.98534906	0.584597721	-0.749891491	0.405598284	1.5679944	-0.053960177	0.974333365	-1.265380067	0.593650023	1.178656532	-0.56829896
X73	0.35630799	-1.161733082	-0.548429881	-0.978490776	-0.465298523	-0.836084539	-0.573855017	-1.194388262	-0.67132153	-1.232220483	0.964609974	-1.447524598	0.490943519	-0.758791658	0.138941571	1.134607657	1.567530839	-0.450185366	1.429212473	0.115118029	1.399834037	0.105925244	-1.040347366	0.989502699	-0.415944741	0.46571194	-1.148867626	-0.469389469
X74	-0.17170985	1.324786272	1.32819298	0.519062522	0.127273373	0.983313399	-0.635114674	-0.294319062	0.518344061	-0.453182907	-0.243223147	-1.309431272	-0.145177688	-1.179463086	-1.202370876	-0.885022531	-0.924853206	1.235155505	-1.142232189	-0.038443638	0.353817354	1.173128576	0.778082235	-0.166449175	-1.68342808	0.213352804	0.010416832	0.598269075
X75	0.411674455	0.207006495	0.035395931	-0.338225124	0.332080916	0.504529809	0.700766034	0.57549336	-0.07721514	0.056609613	-0.189477894	0.290293489	1.244379019	1.162169539	0.38481155	-0.854463334	0.362116435	-0.856285154	0.732827195	0.179212675	-0.463801225	-0.475417318	-0.722284037	-0.075823623	-0.095240357	1.108595686	1.236688754	-0.304189777
X76	0.592514831	0.940455664	1.388833718	0.73589866	0.204537451	0.669081367	0.335246498	0.778991169	0.519153562	0.307575252	-0.542347109	-0.220542888	-0.444989379	0.705597987	-0.004746245	-0.586687501	-0.045897338	0.88457138	-0.571257129	0.560135171	-0.760826352	0.018930618	-0.056480773	-0.333664711	0.784918535	0.972317182	0.895154725	0.375226419
X78	-0.426331299	0.848291342	1.622849359	0.120678759	-1.7754262	0.460340396	0.979664412	1.163327442	0.975908604	0.399016529	0.444233977	-1.031676673	0.706015201	0.775363357	-0.754544449	-0.46501042	-0.226463379	-0.459198136	0.138929901	1.245360489	-1.18907596	-0.755152553	0.176068557	-0.939854401	-0.698568641	-0.224440597	-0.136396632	-0.800550069
X79	0.827392592	0.461318558	-0.701420043	-0.618154136	1.134852671	1.086759009	0.73206746	0.687162597	-0.600025855	0.384855861	0.646715681	1.087493865	1.501362439	2.086937563	0.915277085	0.040376342	-0.220652972	-0.881882195	1.489568911	1.428577232	0.30410326	0.627335967	-0.644493499	0.455019961	-0.044783044	0.84444346	1.679296547	0.811184521
X80	1.421631912	0.896212859	-0.54623967	-0.363845021	1.450372791	0.591892362	0.72830229	1.204747078	0.831547263	1.941307979	-0.753939912	0.148962272	0.50236627	0.589089168	0.919181784	0.369896825	0.203350914	-0.270444042	0.749516704	-0.148372153	-0.596453572	0.618287006	-0.191796673	0.202018014	0.523773916	-0.170658372	1.653687673	2.338322502
X81	0.189711584	0.405852792	1.396842446	0.904684268	0.779275326	1.102217503	0.524673577	0.548601334	0.961691093	0.504575107	-0.757548524	0.9247633	1.046249011	1.758855199	0.120231168	0.170163681	0.466824201	0.981162602	-0.232217453	1.415867372	-0.044598002	0.174968353	-0.019374309	-0.573589876	1.472995473	0.628915818	0.679484846	-0.12991635
X83	-1.282486238	0.668252239	0.513044107	1.094979125	-0.364698623	0.545771375	-0.918197469	-0.39939914	0.003274507	-0.37093366	-0.243738415	-0.720038299	-1.115260929	-0.889492854	-0.929860694	-0.231163493	-1.230940375	-0.37149244	-0.305299128	-0.711480934	-0.06795039	0.392370672	-0.663921434	-0.421055453	-0.815093765	0.137055874	0.175106815	0.468593312
X84	-0.640332758	0.402316831	2.080343605	1.949437082	0.534372604	1.354421353	0.689485955	0.48807093	0.89735233	0.69056658	0.201544355	-0.334708053	2.32942095	1.25425154	1.819908076	0.239483485	0.342296673	1.845512009	-0.17554021	-0.053461587	1.533244403	0.511384373	1.895518319	-0.156415398	0.891360812	0.021879526	0.313321237	-0.288828715
X85	-0.328168097	1.625786292	1.120744742	1.755939316	-0.883472656	0.689446848	-1.688291946	-1.015710604	0.162430964	-0.183792185	-0.773275758	-1.052704152	-0.07498389	-0.583972097	-1.001104509	-0.671832212	-0.83310814	0.911853691	-1.178959403	-0.252115019	2.065731078	2.279767109	0.510097671	-0.1906368	1.029749992	-0.31231192	0.133879629	-0.135677494
X86	0.351969433	0.810228345	-0.054272859	-0.098140156	0.470329046	0.551468701	0.404160392	0.336193274	0.984740498	0.716627427	-0.273650588	0.395785088	0.379096712	0.496328189	1.142497018	-0.238017175	1.311797037	-0.142925199	0.620085375	1.210731566	0.321848744	-0.185974608	0.822004474	0.444875657	1.918264607	0.061434125	-0.295979176	0.244285966
X87	-0.08434385	0.491860623	-0.331458782	-0.490168658	0.272927307	-0.019428137	-0.009947111	-0.143671121	-0.293794393	-0.099411301	0.645278017	-0.237687806	0.243799432	0.740371982	-0.797039275	0.487604872	-0.453755457	0.153136692	0.532000445	0.264443596	0.187523902	0.331588031	0.226292135	0.292933625	-1.126926823	-0.319736236	-0.624480517	0.508099111
X88	-1.036076242	-1.257200347	-1.060965402	-0.709434603	-0.339875337	-0.767111277	0.062366072	-0.012472237	-0.888574693	-0.437619351	0.866981623	-0.303746052	-0.954605846	-0.363922617	-0.10178188	1.058306107	-0.144608524	-0.912516776	1.899019746	0.905648509	-0.771062358	-0.191508152	-0.811973066	0.586550034	-0.373247851	0.021662403	-0.516989539	-0.153692606
X89	0.993095473	0.694841799	1.062807612	0.928287829	0.568141791	0.483345651	1.802864804	1.69394517	1.852051777	1.879468238	-0.776718984	1.152372762	0.076635288	0.677420431	1.051432354	-0.433793642	1.176393417	1.261379088	-0.439567363	0.207664532	0.712044947	0.020385484	2.030976394	0.053976414	1.285510865	-1.020921491	-0.427458581	-0.018200396
X90	NA	NA	NA	NA	NA	NA	NA	NA	NA	NA	NA	NA	NA	NA	NA	NA	NA	NA	NA	NA	NA	NA	NA	NA	NA	NA	NA	NA
X91	-1.528528639	-0.637170896	0.189153777	-0.220598357	-0.218220784	-0.318943709	0.268765661	0.324337009	0.976232414	0.788399535	-1.148212156	0.115587577	0.895890149	0.023039188	0.152882046	-0.186323595	-0.263391519	0.119806503	-0.195885012	0.171026769	0.86944236	0.296319876	-0.523049315	-1.233226632	-0.406822122	-1.499913134	-0.19700185	0.597175661
X92	0.454373483	1.997084957	2.453278098	0.748420475	0.874357689	0.898378658	1.804158111	1.850250861	2.096712897	2.422890797	0.325337998	1.490538298	1.791269592	1.212765097	1.77808914	0.735435172	2.149889716	1.689750151	0.235987423	0.473054163	1.705109521	1.069704987	1.026135785	0.144029391	1.443209237	-0.954688105	-0.484297736	0.50981551
X93	0.040460099	2.020553443	-0.705651745	-0.585583246	0.676852477	-0.487719511	0.683411503	0.277156704	-0.454136769	0.312137054	0.96891605	0.955749472	1.256327418	0.044776348	1.099921135	0.81710876	0.634460817	-0.250974012	0.897281858	-0.681800063	-0.505918836	1.618288939	-0.275965994	0.988517077	-0.593137133	0.691305214	1.144741379	1.103556007
X94	0.650439925	-0.285464936	0.958617482	0.098968261	-0.103007335	0.567837683	-0.389793145	-0.011680231	0.133419641	-0.214572687	-0.571186638	0.825907989	0.794299207	0.345061634	0.295343905	0.078004248	0.371016048	0.894379372	0.190985208	1.036552116	-0.457354606	0.722258662	0.563721708	0.116057076	-0.158038995	0.329415855	0.635513913	0.780711537
X95	0.00868776	-0.105413812	0.899265866	1.413696201	-0.498665533	0.72732628	0.101035421	0.073906787	0.596646267	0.171953694	-0.194630371	-0.001854453	-0.576690497	-1.210186042	0.106871362	-0.432596978	0.623542737	0.628118069	-0.57928395	0.737990306	0.890624635	0.326162724	1.017916653	-0.434052363	0.773960502	-1.142992788	-0.255339422	-0.641694062
X96	-0.645382181	1.182257027	-0.958940047	-0.901908944	-0.28667774	-1.415352562	0.665546728	0.215216157	-0.946686422	0.54388721	1.235366187	-0.274081342	0.073541623	-1.31094331	1.425527981	0.295792918	0.158556604	-1.042235813	0.231427848	0.612967859	0.125277199	0.724109571	-1.089318196	1.14088192	-0.412445168	-0.376137626	0.346491968	0.038649046
X97	-1.826292015	-0.695199445	-0.527369464	-0.604633923	-0.913840367	-0.260053314	-0.346908291	-0.414965176	0.215942143	-0.445591075	-2.100079353	0.50631797	-0.865486928	-0.010997254	-0.573985365	0.301355315	-0.307065021	-0.921272865	0.073172279	-0.860554176	-1.434610513	0.691994186	-0.379603137	-0.833232506	-0.690629033	-0.802680647	-0.359142912	0.992039795
X98	-0.401432759	-0.632242966	-0.209081301	-0.134788544	0.075011064	0.149461111	-1.150447975	-0.955231119	-0.380581803	-0.903588994	0.036941511	-0.573019894	-0.357586065	-0.427198552	-0.806580428	0.431381164	0.126359656	0.134082695	-0.29339051	-1.153673518	-0.64529672	-0.141444203	0.287585067	-1.099234682	-0.804294362	0.416786049	-0.15158477	0.603665711
X99	NA	NA	NA	NA	NA	NA	NA	NA	NA	NA	NA	NA	NA	NA	NA	NA	NA	NA	NA	NA	NA	NA	NA	NA	NA	NA	NA	NA
X100	0.293533785	-0.371703372	1.291100793	0.922108729	-0.844733561	0.205277925	1.348694938	1.137416823	0.69372648	1.008765532	-0.2845842	0.49702241	0.963697193	0.561410352	0.814654178	-1.968005602	1.230340166	-0.055685627	-0.928788292	1.960962999	-0.36664749	-0.854708164	-0.095670588	-0.433318166	1.82933649	-0.275793284	0.802776333	-1.334087823
X101	1.32420008	-0.600360003	-0.234366489	0.034292478	0.592824213	0.244767489	0.799305462	0.789217821	0.537543588	1.231605598	0.24141035	0.319754712	0.393500229	0.703814094	0.078278394	-1.180906254	0.88765859	-0.159989361	-0.022507382	0.818680937	-0.450117786	-2.250561341	-0.313850758	-0.219066508	-0.332861118	-1.374180121	-0.824579301	-0.232734437
X102	-0.70440017	-0.720895302	-0.523095528	-0.389913796	-0.243281028	-0.284179806	-0.131763598	-0.499500051	-0.609168587	-1.015883266	0.899637833	-0.890613897	-0.150033888	-0.334356849	-0.324594166	0.916248682	0.052945254	-0.332274252	2.007707572	-0.465654682	-0.59713193	-1.319882365	-0.572091276	0.658121632	-0.140052622	-0.540598861	-0.822425186	-0.519596568
X103	NA	NA	NA	NA	NA	NA	NA	NA	NA	NA	NA	NA	NA	NA	NA	NA	NA	NA	NA	NA	NA	NA	NA	NA	NA	NA	NA	NA
X104	-0.284660458	-0.447860515	-0.906098413	-0.839810349	-0.382859642	-1.12830127	0.13448107	-0.272217449	-1.037972106	0.180817712	0.725110801	0.734555902	-0.070682579	-0.732331954	0.554103349	0.238239334	0.402488785	0.436348055	0.350379845	-1.615364115	0.794057989	1.126100238	-0.548986074	0.28625988	-0.419956671	-0.420104913	-0.078880435	1.2284624
X105	-0.158241154	0.689068345	-0.268895239	-0.41651339	-1.134820404	0.220899582	0.410051417	-0.061668714	-0.505997278	-0.034525257	0.770704337	1.565091309	1.223204664	0.72436254	0.70400017	-0.05369195	0.643015769	0.598177719	0.911534224	2.47750415	-0.265270546	-0.565054687	0.817083468	0.620727089	0.334428162	-0.153123838	-0.403971945	-0.430102358
X106	1.051059988	0.064827474	-1.108145017	-1.226050179	1.076869345	-1.271610591	-0.230827974	-0.425652812	-1.015643979	0.026968809	1.549066671	0.553962966	0.129699906	-0.704462273	0.814841122	0.518361004	1.234148027	-1.135993166	1.231167566	0.844648404	0.353644023	1.179022868	-0.754227412	1.126778329	0.330023909	1.174733914	-0.812449928	0.821398439
X107	NA	NA	NA	NA	NA	NA	NA	NA	NA	NA	NA	NA	NA	NA	NA	NA	NA	NA	NA	NA	NA	NA	NA	NA	NA	NA	NA	NA
X108	0.237277543	1.591573873	-0.793126983	-0.835546413	0.589166333	-0.495583779	-0.462441642	-0.202374614	-0.80004718	0.218983384	1.293171227	0.576934005	-0.138589092	0.373768422	0.49272472	0.7231983	-0.04981156	0.37282545	0.935067115	-0.695541521	0.790291084	0.843818973	0.601800908	1.223023184	-0.466848101	1.146363566	-1.065132135	0.996363686
X109	NA	NA	NA	NA	NA	NA	NA	NA	NA	NA	NA	NA	NA	NA	NA	NA	NA	NA	NA	NA	NA	NA	NA	NA	NA	NA	NA	NA
X110	-1.434580083	-0.972120045	-0.689502455	-0.817557178	-0.924763129	-0.910669591	-1.575060655	-1.094520097	-0.650955535	-0.839936835	0.606989672	-0.142359746	-1.784435582	-0.939874978	-0.605291195	1.272085551	-0.970638769	-0.617686095	0.193398653	-1.728137303	-0.374937672	0.551428071	-0.976272095	1.109296208	-1.186932094	-0.826874687	-0.812091422	1.375663627
X111	1.12931981	-0.113866674	-0.394124747	-0.441953903	0.935812936	0.107331386	0.638981354	0.760370741	-0.39687785	0.644013661	0.164119286	0.201737118	1.292211437	-0.175064443	0.937406512	-0.200683593	0.738862391	0.04716791	0.167054187	-0.575199278	0.092325877	0.039835178	-0.590686964	-0.108935689	-0.244758147	-0.06515152	1.278077041	0.259650769
X112	0.62985781	0.173885132	1.426404895	2.536079498	0.083016914	2.306747186	1.459926784	1.484467821	1.720019462	1.538369447	-0.195704421	-0.597779201	1.281783733	1.741231802	0.648048642	-1.535731418	1.703392198	0.241309253	-0.583310928	-1.422133439	-0.382193153	-0.684485359	0.277793367	-0.68587405	-0.374695975	1.410712485	0.19107593	-1.030065691
X113	NA	NA	NA	NA	NA	NA	NA	NA	NA	NA	NA	NA	NA	NA	NA	NA	NA	NA	NA	NA	NA	NA	NA	NA	NA	NA	NA	NA
X114	-0.771202226	1.148337574	0.129360358	0.071346599	-1.069208046	2.253117441	2.379938598	2.268525853	1.359617932	0.810311177	-0.697713582	2.377366899	1.860899398	2.30106055	2.316828489	0.067889396	1.621333026	0.563082432	0.352860834	1.462101698	0.211249213	-0.186688126	0.808032534	-0.256008072	-1.346135593	-0.619674735	0.052100632	-0.421679419
X115	0.204833865	0.423601559	-0.535196297	-0.442109659	1.595758894	0.113847648	1.193301741	0.844656801	0.548411649	1.281353169	0.288364685	0.562910862	0.672553351	0.425988245	1.140507436	0.203170271	1.370338384	0.72598025	0.366202702	-0.333990971	1.417090137	0.18763917	1.15813194	0.189978199	1.256261428	-0.342398801	-1.492240411	0.191332909
X116	-1.002107979	2.392697182	-0.242691381	0.045521734	-0.69638628	-0.798457492	-0.488938064	-0.335604386	0.060395992	0.650666238	-1.173701165	-0.141582259	-1.250635901	-1.43087498	-0.460185292	0.006656659	-0.461640279	0.109346394	-1.74688572	0.101744345	2.083506667	2.049868412	0.050168685	-0.333874944	-0.077157884	-2.259639953	-0.534980934	0.71927431
X117	-0.866968321	-0.711359686	-1.159148917	-0.954161827	0.40377488	-1.083559692	-0.431375533	-0.872108719	-1.165981401	-1.054753386	1.677306053	-1.01593263	0.127730459	-0.635904471	0.295807594	1.713482096	-0.735192567	-0.663237519	1.181935159	-1.035222072	-1.067305612	-0.284850744	-1.00434671	1.35489406	-1.187256875	1.450121705	1.161415807	0.062608032
X118	-0.862837487	0.289136363	-1.879646539	-1.465913671	-0.583770525	-1.732807809	-0.879778927	-1.673309706	-1.874233849	-1.697035693	0.748062909	-0.853854895	-0.175536072	-1.997219482	-0.104558021	1.182447355	-0.815973394	-1.189564798	0.179845133	-0.537896477	0.064665652	0.250828968	-1.400026041	1.687358475	-0.021828902	0.439090744	-2.018404433	1.408964794
X120	-0.372689773	-0.159793123	-1.365831084	-1.725648321	-0.068598583	-1.475031081	-0.399216213	-1.447500237	-1.605898031	-1.338817604	2.121035243	-0.662256566	-1.295230378	-1.074567305	0.227703589	1.742545868	0.353505541	-1.411392035	1.762197755	-0.244270935	-0.289073791	0.951416903	-1.304526719	2.531170827	-0.312568015	-0.904308058	-0.906024606	0.734768468
X121	1.770505802	-0.47054728	1.657169051	1.338754509	1.531826578	1.450292367	0.454128354	0.863227779	0.820937628	0.899508415	-0.664140304	-0.693388852	1.03540387	1.61861806	0.003470032	-0.63253748	1.251115695	0.070012721	-0.534512535	-0.471093377	0.163553609	-0.562548428	0.459916853	-1.740281577	0.572096106	0.544868642	1.96879165	-1.130830201
X122	0.780920669	-0.734300137	0.532617823	0.967407104	-0.647039629	0.031841824	0.054823907	0.293551369	0.2493421	0.075940416	-1.178682161	-0.508789832	-0.403026758	-0.095960742	-0.112631665	-0.876807311	-0.829073497	0.416726556	-0.89951584	0.122921394	0.102642895	-0.1032859	0.308826373	-0.927752886	0.454196051	1.972669557	-0.831493408	-0.802026591
X123	-0.707317846	-1.778035036	0.662023706	0.91162727	-0.479310797	1.575063789	-1.629464629	-0.741757984	0.764489357	-0.971027766	-1.299242545	-0.003374739	0.677069166	0.269960195	-1.390524624	-0.189640669	-1.105368407	1.252675779	-1.181357278	0.685372275	-1.292694857	-1.723353447	0.994793948	-0.649385072	0.476392642	-0.730154666	-0.096902404	-1.351299829
X124	NA	NA	NA	NA	NA	NA	NA	NA	NA	NA	NA	NA	NA	NA	NA	NA	NA	NA	NA	NA	NA	NA	NA	NA	NA	NA	NA	NA
X125	-0.776763248	0.306484414	0.682381524	0.920073193	1.91356058	1.872121986	-1.092926655	-0.703286032	0.339959886	-0.301837765	-1.328419583	-0.144697436	-0.170582472	0.264276584	-1.890483319	-1.474827428	-1.744400819	1.491414484	-0.32579401	-0.259622126	-0.178211654	-1.305858661	0.372043185	-1.075162272	0.351071038	-1.703693621	-2.218439829	-0.31786291
X126	1.74693406	-0.071927329	-0.331777026	-0.291007983	1.189687705	-0.092272252	-0.22836676	-0.30816898	-0.196923537	-0.073235866	0.019770984	1.246113622	-0.908243886	0.674934094	-1.253767127	0.442246011	-1.207849502	-0.095678714	-0.217577855	1.142603569	1.645534754	0.621621326	-0.05920157	-0.226527427	2.591185647	-0.638003606	0.002959232	-0.462839424
X127	-2.012900597	1.165924145	-0.304522597	-0.38129208	-1.03401063	0.16502473	-0.696275579	-0.665573458	0.127128993	-0.853630398	0.179632729	-0.294114973	-0.117890865	-0.018613233	-1.36659481	0.233885817	-1.866244808	-0.267258433	0.033952502	0.413207632	0.526632894	1.704898539	-0.192297349	0.042570934	0.375163195	-1.856145001	-0.400127202	0.223764713
X128	-1.145046466	0.292871207	-1.247714803	-1.313683376	-2.175641993	-1.268158274	0.143634083	-0.468190932	-1.244609562	-1.699631476	1.189407187	1.211097568	-0.517415394	-0.692352365	-0.648065463	2.025113792	-1.018998333	-1.683417177	0.737130455	0.816950246	-0.111671509	-0.03881755	-1.200687896	0.759816009	0.409790647	-1.49107333	-1.560269211	0.003448206
X129	-0.412018951	-0.361269408	-0.252881093	-0.137641018	-1.552198772	-0.276907767	0.693120633	0.843081143	-0.418030359	-0.065897376	-0.039675404	1.466902728	-0.392360536	0.846661001	-0.792033035	0.016322127	-0.501583609	-0.77522114	0.013239668	1.769993562	0.115896695	-1.129950927	-0.270552061	-0.38129394	1.180819799	-0.654250724	-1.536950176	-0.893848322
X130	-1.815948679	-0.885995823	-0.100624388	-0.525593419	-0.885980338	-0.509454404	-0.961573702	-1.194335008	-0.528900898	-1.244946856	-0.001075266	0.357965559	0.719183051	0.135998057	-1.694103473	0.567833047	-1.133300452	-0.994205204	-0.309641377	0.79939325	-0.646619279	0.096312081	-0.779393018	0.365543458	1.219542602	-1.972597646	-0.905686937	0.630067459
X131	-0.296901667	-1.127853661	-1.077934308	-1.042802381	0.554082844	-0.724137147	-0.695703877	-1.138256888	-1.083489172	-0.958557374	1.002696316	0.739307102	-0.844797574	-0.662030145	-0.514227919	1.650439064	-0.644662408	-0.93140822	0.72264902	-1.420847422	-1.594395498	-0.177125081	-0.80373439	0.796657523	-1.011408766	-1.442199076	-1.626862214	1.02418128
X132	0.707660092	1.270026526	-0.286485034	-0.287734381	1.432820714	-0.595603116	-1.535319089	-1.218883413	-0.046571613	-0.554575941	0.089673716	-1.927110591	-0.090605066	-0.343032161	-1.070700418	0.859615459	-0.73811145	-0.411871722	-0.24239485	-1.016175199	-0.56216876	0.995538107	0.540426756	0.397882551	-0.140810104	2.299057067	0.826420861	1.381457347
X133	NA	NA	NA	NA	NA	NA	NA	NA	NA	NA	NA	NA	NA	NA	NA	NA	NA	NA	NA	NA	NA	NA	NA	NA	NA	NA	NA	NA
X134	NA	NA	NA	NA	NA	NA	NA	NA	NA	NA	NA	NA	NA	NA	NA	NA	NA	NA	NA	NA	NA	NA	NA	NA	NA	NA	NA	NA
X136	-0.934597442	-1.393916025	-1.605616594	-1.487474213	0.487486538	-1.548371388	0.037287212	-0.704616573	-1.61175316	-0.576239663	2.573192911	-0.5971515	-0.409487789	-0.779178065	0.142647966	1.049390946	-0.17706388	-1.284430422	1.209028447	-1.098838647	-0.469329953	0.040719946	-1.141963913	1.921493331	-1.72594269	0.205484953	0.968712838	-0.12019217
X137	-1.157931302	-0.287977974	-1.027915977	-1.029435483	0.192696787	-0.778645345	-1.465238274	-1.410864037	-1.727024543	-1.968524164	1.513009093	-0.703275648	-1.73067036	-1.78678589	-1.273704183	1.193749854	-0.808496492	-1.147675782	0.637777597	-1.689547559	-0.560470831	-0.223380566	-0.930716131	1.143226998	-0.651510801	-0.45640532	0.221136204	-0.068983219
X138	-0.825308232	-1.952387274	-1.83229612	-1.659346213	0.506875057	-1.958879652	-1.30624923	-1.834805179	-1.442223089	-1.348409643	0.770908936	-1.040625289	-2.162795747	-1.888307493	-0.689442382	0.573680808	-1.668030581	-1.66996964	-0.136177372	-1.209389362	-1.864914972	-1.469501966	-1.55663154	1.877422944	-1.943150083	0.42301383	0.177946829	1.437675982
X139	-0.234756162	-0.172561832	-2.068195441	-1.948705174	0.491784337	-2.056868611	-1.338705807	-2.081491616	-1.486903443	-1.544271081	0.401400294	-1.524997221	-1.286389305	-1.306525768	0.072215729	1.508317562	-0.703412898	-1.845793504	-0.053509564	-1.160147778	-0.909959877	1.051938785	-1.9870749	1.452128135	-0.891555946	1.703370729	2.290016845	1.598108879
X140	-1.195314537	0.565789967	-1.520419823	-1.513054702	-0.454390749	-1.460587674	-0.681693005	-1.44116358	-1.899839968	-1.639920634	1.22611529	-0.322552309	-0.604023269	-1.4430768	-0.243729371	0.537672027	-0.449912201	-2.049682455	1.152770493	-0.030813446	-0.801072059	0.299735062	-1.771506399	1.344679489	-1.21292707	-0.273819058	-1.453801551	-0.554272885
X141	NA	NA	NA	NA	NA	NA	NA	NA	NA	NA	NA	NA	NA	NA	NA	NA	NA	NA	NA	NA	NA	NA	NA	NA	NA	NA	NA	NA
X142	0.01097315	-1.085676671	0.447881794	1.297503545	-0.431798075	1.115310373	-0.500286083	-0.150055529	0.370545318	-0.279853029	0.031023069	0.230308607	-0.444282971	0.005267464	-1.176599782	-0.810354002	-0.802030447	-0.26528837	-1.135116144	-0.97547066	-0.208523634	-0.773345633	-0.332651342	-1.713580845	-0.000464771	0.192679966	-1.349386099	-0.606903012
X143	NA	NA	NA	NA	NA	NA	NA	NA	NA	NA	NA	NA	NA	NA	NA	NA	NA	NA	NA	NA	NA	NA	NA	NA	NA	NA	NA	NA
X144	0.388048586	0.44345188	0.119402341	0.137368106	-0.363612686	-0.210776971	-0.268614126	0.307573719	-0.210673948	-0.074317631	-0.782254563	-1.185021771	0.125190128	-0.18420641	-0.020398604	-0.483502633	0.153096652	0.684495464	-0.217383206	-0.344339436	0.819281773	-0.6373714	0.190965717	-1.270645932	0.927855882	-0.181102372	-0.700710514	-0.812504571
X145	-1.466246628	-0.729432447	0.005538444	0.627902363	-1.224777403	-0.386624386	-0.878979715	-0.1142162	-0.114307657	0.399746883	-1.820426571	0.903968784	-1.546836553	-0.596617561	-0.394906635	2.055386115	-1.288814619	0.26138893	-1.158618998	-1.842953827	-1.499402571	1.201451605	-0.087382515	-0.139032469	-1.612644662	-0.880168682	-1.01102757	1.721203774
X146	0.757250461	-0.148684706	0.391808604	0.458312242	-0.877365778	-0.204760474	0.056819959	0.225119026	0.132801113	0.496104213	-1.192566943	-0.786049264	-0.945768649	-0.852444907	0.118486554	-0.151226822	-0.121700803	0.716627081	-0.56374987	0.490117353	1.848794929	1.482008026	0.250689267	0.103389216	0.300578951	-0.266776022	0.539934106	-0.940905285
X147	2.43686159	-0.043009731	0.483318473	0.679734596	2.033962943	0.929213205	0.408334125	0.687380133	1.011852796	0.81258296	-0.208129306	0.532293141	0.49629533	1.569209921	0.682063293	-2.089687424	0.662693326	1.9291075	-1.194912068	-1.012546452	0.271201336	-1.001964107	1.234375941	-1.531906351	-0.215914641	0.615682396	1.305577711	-1.065312917
X148	0.891374958	-0.139550457	-0.576288618	-0.798172541	0.313379456	-0.407929631	0.986588208	0.807601812	-0.402260093	0.48995668	0.732036939	0.98899858	0.604592025	0.110122007	1.542359169	1.19798708	1.561019276	-0.339073061	0.861941695	-0.208890914	0.320476401	-0.448109202	0.043311094	0.704532067	0.335308149	0.693857785	1.180308517	-0.60690681
X149	1.176925015	-0.793696058	0.500184842	1.302820019	-0.123090686	0.873943499	0.835759926	0.882874089	0.72588922	0.850518754	-0.851034617	-0.038792256	0.631595652	0.917355866	1.443773289	-1.030239534	0.756212679	2.537477558	-0.671692843	0.423557918	1.227509138	-0.310017039	2.497545935	-0.545922741	1.237594654	0.22318274	0.523503044	-1.335486118
X150	-0.007946081	-0.204980384	1.25121149	1.247228611	2.167806818	0.619802577	1.185882947	1.303317543	2.320384603	1.912524508	-0.536033938	1.166863444	1.593805605	2.107338872	0.892327046	0.554781656	0.486038726	-0.351845756	0.039467333	-1.271699429	-0.668168305	-1.046647038	0.466951982	-1.755912674	-0.009746215	0.841488895	0.059168695	0.222624697
X151	0.964672921	-0.484378383	0.156892016	0.519729724	0.178323176	-0.72212453	0.545275432	0.291492492	0.388326493	0.254706535	0.063711033	0.807382902	1.090251025	0.361470163	0.726415916	0.338649953	0.241454787	0.629833199	-0.006898442	0.983243372	-0.834992423	-1.302570868	1.020802259	-0.014556181	0.01192084	0.099044262	0.004692012	-0.707380387
X152	-0.152091057	0.190773729	-0.819588408	-1.070814701	0.726741238	-0.971016317	-0.219620644	-1.040544661	-0.993616418	-0.351270808	1.395466196	1.192421838	0.195391074	-0.519513025	0.745423854	1.694518379	0.038536124	-1.341496288	0.612903768	-0.055159159	0.623413805	1.307511086	-1.114075836	2.353296586	-0.340575269	1.511199563	-0.664864437	2.242582823
X153	-0.020092418	0.581457333	0.251928075	0.307497767	0.910916563	-0.268826768	0.08998991	0.294954444	0.751466758	0.612213215	-1.117591131	0.106236183	-0.669215407	0.251778851	-0.113652046	0.475922231	0.624212172	-0.169648683	-0.038585168	-0.449869018	1.260908662	1.029628759	0.478582522	0.045083166	0.829894563	1.332177523	-0.26010836	0.451268601
X154	0.03688347	0.355231814	0.628134203	0.15756062	-1.092417587	-0.022404778	-0.510712018	-0.002753205	0.035263429	-0.111888724	-0.288756403	0.727663151	0.196006068	0.017193933	-0.539890073	-1.431465915	-0.712339195	0.322995064	0.114383059	0.315508649	-0.125052967	0.22384879	0.295948863	0.061935596	0.375627705	-0.321776438	-0.092635481	0.161577601
X155	0.292156697	0.312138316	-0.208106026	-0.259132317	0.07801517	-0.11159043	0.259970631	0.606070596	0.125250395	0.042153898	-0.341845311	0.027801904	0.804159742	-0.114133719	0.383427269	0.125954582	0.601192028	-0.022788701	-0.070646224	0.838948566	-0.214985527	0.175357129	-0.002808636	-0.20548068	-0.210105422	0.605101824	1.526617901	0.353248261
X156	2.021648039	0.619523616	2.069095984	1.770898677	-0.344880344	0.569379873	-0.708749515	-0.151859615	0.632283793	-0.248039205	-0.016936486	-1.149786573	-0.305068951	-0.846732772	-0.250791642	0.201431659	-0.154021539	0.647372374	-1.074512024	0.035234369	-0.096685057	-0.219954935	1.482799706	-0.939259566	0.253009737	0.220001428	-0.194087063	-1.104108854
X157	-0.90824099	-0.319102946	0.286523949	1.094137236	0.265025273	-0.316285022	-0.815281987	-0.37303856	-0.08639205	-0.089350263	-1.776517158	-1.449490914	-0.58539407	-0.685036899	-1.146118442	-1.150412432	-0.569413352	-1.357399926	-0.44102944	-0.433412487	-0.004810738	0.257887727	-0.952134482	-1.022905092	-0.628134203	-0.386511511	-0.660083168	0.661325185
X158	-0.153052687	-0.662470439	-1.21041739	-1.118252967	0.004801908	-0.620681575	0.164178605	-0.525637685	-1.250235438	-0.775130189	0.693742964	0.114392316	1.381063732	-0.41193176	0.135320829	0.812913052	0.752001473	-0.852080134	0.319094608	1.413428068	0.511263315	0.18387949	-1.402312015	1.231258472	-0.394071694	0.571925267	-0.631560341	0.066686639
X159	-0.320642942	-0.525463972	1.127928751	1.020844911	-0.243733704	0.345403064	0.189265648	0.269236277	0.199787207	0.21726262	0.14188895	-0.723049171	-0.573837331	-0.732805905	-0.764703376	-0.367553424	-0.675943454	1.244249769	-0.356181586	-0.419551734	-1.145503566	-0.348086781	1.390494532	0.284219128	-0.493549156	0.559121421	0.946242539	-0.840551242
X160	-0.839260841	0.825508623	-1.068269565	-1.16907911	-0.144018162	-1.038779889	-0.075704298	-0.093276706	-1.311801252	-0.529919151	1.70405747	-0.716940338	-0.224142157	-0.522856823	-0.346224536	0.914195585	-0.553539796	-0.417279586	1.486532611	0.703461893	0.571390292	0.756134565	-0.802095189	1.705988521	-0.193662408	-0.350410642	0.615366129	0.553329957
X161	-0.773986365	0.611984148	-0.150068481	0.022002429	0.448057075	-1.272955294	-1.658997398	-1.029284089	-0.4823003	-0.60422803	0.62637387	-1.791603486	-1.311416651	-1.613567106	-1.626604959	-1.108490504	-0.949402632	-0.185014806	-0.220712053	0.617956622	2.418615109	0.730970311	-0.320050913	0.376386955	0.491463632	0.552086421	-0.770279083	0.104400708
X162	NA	NA	NA	NA	NA	NA	NA	NA	NA	NA	NA	NA	NA	NA	NA	NA	NA	NA	NA	NA	NA	NA	NA	NA	NA	NA	NA	NA
X163	-1.2734838	-0.809193615	-0.543454137	-0.585049142	0.782988403	0.28101478	-0.48096919	-0.191222789	-0.31667226	-0.252969632	-0.395907147	0.004493989	-0.233220453	0.503041476	-1.49813574	-0.153463351	-1.28817464	0.398945648	0.27005236	0.382842153	1.017877542	0.541284585	0.649337223	-0.534222948	0.108144932	-1.005031472	-1.536844457	0.282154426
X164	NA	NA	NA	NA	NA	NA	NA	NA	NA	NA	NA	NA	NA	NA	NA	NA	NA	NA	NA	NA	NA	NA	NA	NA	NA	NA	NA	NA
X166	NA	NA	NA	NA	NA	NA	NA	NA	NA	NA	NA	NA	NA	NA	NA	NA	NA	NA	NA	NA	NA	NA	NA	NA	NA	NA	NA	NA
X167	-0.256522655	1.248268638	0.014748215	-0.027564806	-1.097647414	-0.257577631	-1.756506206	-1.425439451	-0.272521946	-0.712510073	-0.303404662	-1.614792949	-1.553827813	-1.708750678	-1.363897872	-0.942073809	-0.861301846	-0.45624285	0.231533581	-0.212008046	1.199938966	1.536310802	-0.176671835	0.063766658	0.516469633	1.094557919	0.131511697	0.120290054
X168	-1.143437731	-0.030657997	-1.432560442	-1.047977584	-1.455296299	-1.528031226	-0.887507338	-1.536692911	-1.473414026	-1.687281864	2.130709973	-0.229769242	-0.508020402	-1.519002168	-0.284431799	1.303216718	-0.116380209	0.161775575	0.629417677	-0.293807548	-0.366001494	0.705023295	-0.686038795	1.531690271	-1.074510076	-0.960827052	0.019166673	0.68402565
X169	-0.998278907	-0.733610264	-0.625069651	-0.740572461	-0.970336894	-0.708692289	-0.868424128	-0.86533069	-0.842889718	-1.190884688	0.185254067	-0.774620012	-0.08067588	-0.668002344	-0.804038865	-1.409976535	-0.304366946	-1.502071142	0.714720023	-1.5870592	-0.946982969	-0.699136204	-1.360170386	-0.194697452	-0.775735312	-0.61660931	-1.688718209	-0.231287563
X170	-0.11803636	1.007598228	0.106952294	0.054817917	0.01107592	0.947660373	0.007350197	0.103868851	-0.031467485	0.265499291	0.06885811	-0.446708105	-0.660080496	-0.694903955	-0.464903487	-1.492672405	-0.208773772	-0.539794507	0.046205688	-0.969302668	-0.862349429	-0.274191292	-0.158306867	-0.948267503	-0.794455744	-0.498993611	-0.523222449	0.357781158
X171	-0.234327979	0.881814309	-1.551969117	-1.310590438	0.952352144	-1.335919681	-1.059555096	-1.356582829	-1.230007414	-1.033252265	1.360155444	0.513714741	-0.382294152	-0.834123263	-1.33283232	1.408393124	-0.832575611	-0.783991084	0.874771446	-0.677130816	-0.444696828	0.389486053	-1.283414156	0.900593165	-1.207699154	-1.507984684	-1.569176456	0.870397499
X172	0.250678123	-1.324062082	-0.545052936	-1.082527934	-1.956065939	-0.601511562	-0.205786399	-0.601376727	-0.70366123	-1.433618094	0.705327515	-1.021267679	-0.824940492	-1.817420201	-0.120084941	-0.275089359	-0.946566156	0.138019116	1.189753622	0.674818861	-0.937386676	-0.089544704	-0.008589108	0.398871414	-0.644690721	-1.203371486	0.469729396	-0.532644355
X173	1.035302418	0.290966269	-0.707620037	-0.711969605	0.872135113	-0.55552216	-0.38190162	-0.694361716	-0.457865132	-0.456596742	0.333396426	0.328855946	-0.589340647	-0.045451882	0.707547954	0.88463902	-0.062150788	-0.535659127	0.607346541	0.289066867	-0.489957444	-0.262221435	-0.778450445	0.638790848	0.382145274	1.247391089	2.317810185	1.043683317
X174	-0.842439563	-0.762056166	-0.913390888	-1.002123389	-0.628266839	-1.092851731	-0.205076524	-0.700768808	-0.938468441	-1.271160114	1.909579289	-0.880170807	-0.676809705	-0.924645468	-0.233575129	0.591240215	-1.374981945	-0.435022983	1.491490811	0.175312724	-1.230308505	-1.174408511	-0.721089882	1.275881317	-1.550499787	0.191256739	0.962863	-0.067383498
X175	-0.298194102	0.374685787	-0.638937287	-0.467262708	-0.827985506	-0.751898853	-1.24912522	-1.360154394	-0.691764036	-1.102260398	-0.501884956	-1.032427518	-0.871338684	-1.012489593	-1.608023241	-0.289835291	-0.934982128	-0.939196603	-1.176435813	-1.220789473	-0.930569728	0.969526658	-1.075754166	-0.206151332	-0.726422357	-0.404180463	0.632630663	0.920085679
X176	0.969178246	-0.443784931	0.44690477	0.694090213	-1.783636559	0.678474838	-0.15275448	-0.045434331	-0.298775813	-0.533605296	0.60953487	0.235252865	-0.893798218	0.257286876	-0.199142461	-0.558974001	0.66535263	0.739665307	-0.401304444	0.374338085	-1.015974921	-0.866384132	0.272422319	0.183000391	-0.51130209	-0.070379197	1.217650273	-0.945478691
X177	1.167047613	-1.194434977	0.475361692	0.437342735	-0.842065467	-0.041295208	-0.380425825	0.090308646	0.596788425	0.321439911	-1.043228743	-0.230647898	-0.744600177	0.963728869	0.277670316	-1.918030816	-0.112781688	-0.808827669	-0.493187889	0.919534129	0.480604495	-0.056451976	-0.616750976	-0.948442927	0.910650944	0.523493424	-0.595492654	-0.635509298
X178	1.694152443	-0.760918444	0.309394727	0.138385675	2.188384882	0.014806078	-1.071183494	-0.749311606	1.054818529	0.514116094	-0.237459844	0.143559108	0.596078477	-0.346955427	0.09196886	-1.687575891	-0.03439487	0.267914282	-0.403921798	-1.348806574	0.551860018	0.06945919	-0.291672394	-0.812449183	1.150736002	0.030140673	-0.060765388	0.003077138
X179	0.632776517	0.011250158	0.22966829	0.503711863	1.355462732	0.113309013	-1.00649646	-0.720411802	-0.133856866	0.310500012	-0.954118293	-0.864880539	-1.444850687	-0.244046062	-0.431319945	-0.4891017	-0.555720769	1.088162068	-1.010623885	-0.621876249	0.539506317	0.341392265	0.287067373	0.229307312	2.269948985	1.026144676	-0.190773693	-0.489119961
X180	-0.440513496	-0.628461915	-0.363877687	-0.074028098	0.415934937	0.001408161	-0.093233178	-0.058043145	0.215008805	-0.137289892	-1.648121187	-1.161059107	-1.148447394	-1.237585625	-0.029097139	-0.191568223	-0.655130476	0.252092477	-0.269733452	-0.907939139	1.893379654	0.739119508	-0.503689999	-0.677977352	-0.740792192	1.789148363	-0.704791014	1.254668226
X181	-0.07444359	-1.590097648	-0.92905355	-0.602897953	-1.163902897	-0.775173175	-0.172870733	-0.581090233	-0.66506831	-0.848799508	1.28480378	-0.790526706	-0.11094716	-0.829138762	-0.007667124	0.826132713	0.404940796	-0.85498168	2.381693836	-0.226042715	-0.292866541	-0.088687151	-0.675442559	0.845662283	-0.195394133	-0.374661212	0.212852018	0.358640911
X182	0.765367723	0.825926375	-0.360932105	-0.519424372	0.403710495	0.144236602	0.331874277	0.180435533	0.318415468	0.000946604	-0.708138525	0.441611063	-0.313368792	-0.073679583	0.195307463	0.448519546	0.536538826	0.662621856	0.140373977	-0.14394366	0.468127973	0.315472785	0.969183144	0.331318377	0.436597924	0.018571261	0.338184749	0.062548459
X183	0.359259186	-1.020132308	0.771042812	1.27134527	-0.318761009	0.173909647	0.230081354	0.96284619	0.84582634	0.493058989	-6.56E-05	0.292495002	-0.986367967	-0.055477041	-0.557391247	-0.896282769	0.033684112	0.779595519	-1.126375591	-0.883542263	-0.822320049	-0.545171354	0.466081292	-1.999673006	-0.98179395	0.720321481	0.831204209	-1.275596296
X184	1.009037012	-1.831549232	1.523322314	2.496512261	1.297521609	0.035616809	-0.282573657	-0.563289304	0.226896423	0.502602128	-1.036411892	-1.13426925	-0.274218415	0.363433733	-0.327058127	0.661999584	-0.744225612	2.096935546	-0.307926119	-0.957291132	0.732669286	0.180677106	2.518828139	-1.310581527	0.687104729	2.508332592	0.697884806	1.770210074
X185	-0.547246877	-0.884765429	-1.35771436	-1.618352399	-1.007390112	-1.708943987	-1.334462317	-1.413824202	-1.526274897	-1.37507274	0.674560469	-1.290858944	-2.061883103	-1.765518994	-0.928936739	-1.193350966	-0.955308912	-1.764016201	0.354812847	-1.199756219	-0.473501656	0.159645063	-1.718448548	0.224802386	-0.530741862	-1.049868608	-0.434564333	0.73621382
X186	-0.468187735	-0.386478392	-0.306391927	0.090778035	0.586848098	-0.341731976	-0.805054335	-0.645851095	-0.14379639	-0.540064455	-0.115334	-0.646537991	-0.12748563	-0.07413686	-0.503602578	-0.02132683	-0.324879982	0.193643445	0.337110524	0.567097117	0.160062628	-0.307647718	0.030364711	-0.236684842	0.034663744	0.924586574	-0.510264619	-0.177615766
X187	0.728525766	-0.061649156	0.021380957	-0.054768755	0.684304816	-0.191200204	-0.002662271	0.193281265	-0.147037718	-0.124935356	-0.216302853	-0.063657179	0.192662727	-0.224386628	0.539459766	0.21033578	0.366892916	-0.18517162	-0.355566324	-1.133212614	0.474395275	1.096617674	-0.340133311	-0.103534947	0.566959084	1.261820901	1.990317987	0.135581501
X188	-1.12718785	-0.588011169	-1.761732624	-1.703804941	0.023350359	-1.819596873	-1.157172095	-1.524795993	-1.726722623	-1.632372199	0.564862176	0.671395385	-1.407608767	-1.381498944	-0.943840802	0.857119963	-1.402072364	-1.586129579	-0.646513367	-1.18909558	-1.61724695	0.914571348	-1.54089506	1.968512268	-2.066275607	-0.839086238	1.260142337	1.817682152
X189	-1.53049848	-2.151686173	-1.527869059	-0.919786273	-1.879508658	-1.453445981	-0.358612051	-1.057276537	-1.270484366	-1.354690771	1.016460732	0.530407158	-0.421188434	-0.641518081	-0.89139867	1.055107176	-1.766801474	-0.827086196	1.415336139	0.28754463	-0.503113452	-0.481952237	-0.971268205	0.905503845	-1.304980068	-1.741823319	0.024430402	-0.33667639
X190	-1.546657455	-0.015800773	-0.873441394	-0.923885611	0.247822312	-0.772474576	-0.551987461	-0.894696866	-1.119710339	-1.160163511	0.963866713	-0.866151257	-1.067374317	-1.31408153	-1.374340145	1.264198725	-1.283410395	0.405310753	1.398445952	-0.758037965	-0.663163286	-0.541870752	-0.517192153	1.049952827	-1.217920434	0.317267125	-0.239895731	0.236136957
X191	0.574988157	-1.260473946	0.836548981	0.950613363	-0.452480641	0.999068642	0.184923156	0.329239965	0.714436486	-0.285112061	-1.122503016	-0.347747959	0.080662398	0.841815568	-0.512169673	-0.695763265	0.300243536	2.513449026	-1.946486855	-0.457507869	-0.850861352	-1.934350764	1.695954575	-1.354568044	-0.832770337	0.826605549	-1.213714594	-2.187353822
X192	-0.485462124	-0.658466998	1.006201827	0.411974284	0.097704935	0.183916493	0.553111154	1.052513112	0.704282114	1.350430835	-1.080122044	0.409854933	-1.059704444	0.658630492	-0.424153721	-0.65613082	-0.127150225	0.923606045	-1.56341824	-0.273055918	-1.367978571	-1.695245684	0.115693747	-1.23828309	-0.164884142	-0.624292772	-1.230375645	-1.117814432
X193	-0.947228035	-0.087728614	-0.62183951	-0.648003023	-0.125559675	-0.503357265	-1.119329873	-0.846380686	-0.824373888	-1.180539557	0.919301883	-0.354455917	-1.247002398	-0.578049618	-1.099804052	-0.325678386	-0.773213827	-0.999113787	1.317305374	-0.456514711	-0.75421203	-1.341208098	-0.831593747	0.577533291	-1.349279878	-0.55121685	-0.949593338	-0.407202776
X194	-1.669007743	-1.236328994	-1.595689469	-1.73243412	0.364873362	-1.232189657	-0.792618411	-1.27996289	-1.533798363	-1.511099949	0.549420367	0.310729495	-1.29099458	-0.747891456	-1.409982547	-0.101202704	-1.290027363	-1.887204515	-0.323810104	0.087878172	-1.722132226	-1.165773746	-1.933743688	0.676250451	-1.596500372	-1.732404238	-1.79280971	0.592685339
X195	-1.219153044	-1.230635364	0.455203828	0.20148561	0.027979056	1.377551176	-0.464471646	-0.093254705	0.890154289	-0.23523072	-2.132477447	-1.435735112	-0.784177928	0.535763534	-1.267680173	-2.165792489	0.097162411	-0.231305515	-1.731021121	-1.097599443	-0.295702157	-0.659519544	0.384886279	-1.642031292	-0.234883891	0.083219992	1.239107813	-1.568946292
X196	0.075842383	-0.516386261	-0.246887936	-0.358312848	1.725916318	-0.188091227	-0.130769661	-0.383946374	-0.080203677	1.179849344	-0.962260846	0.735899193	0.610151227	-0.162881186	0.056977447	-0.136218369	1.08994227	-0.536398696	-0.456153694	-2.123096868	-0.047483882	-1.107063068	-0.149463841	-0.593786402	0.755727387	-0.415228587	-1.482252618	0.201174521
X197	-2.489233086	-0.947578217	-2.223432918	-2.228259077	0.387867248	-2.240430007	-1.570182288	-1.989775617	-2.199782108	-2.042491379	1.297183501	-0.2133385	-1.616769878	-1.45771071	-1.303154634	2.133381013	-2.063270303	-1.688780626	1.162636247	-1.555521128	-0.837696494	-0.454891212	-2.083867879	1.694078352	-1.717902518	-1.486213748	-1.763113348	0.968428133
X198	0.240433604	-1.762070872	-0.270642565	-0.435156216	-1.388957658	0.161557905	-0.450376564	-0.292298783	-0.503914312	-0.898642597	-1.176200884	0.521501181	-0.844306439	1.340257972	-0.546996473	-1.066066142	-0.905508607	-0.061603015	-0.601105137	0.684241589	0.251521754	-1.086442438	0.614198396	-0.505919385	-0.492918177	0.030877862	0.987626216	-1.02497321
X199	-0.727989581	0.026465479	0.821588294	0.197715528	0.828306709	1.035000701	2.020180327	2.50260094	2.5175758	2.429474302	-1.727715654	1.873097094	-0.147913871	1.57689469	1.566735975	-0.504808258	1.393778317	1.625976512	-0.894490971	0.553970552	0.530849654	-0.523764629	2.120921711	-0.967513971	-0.814211327	1.338363991	1.809945681	-1.235891352
X200	0.792063568	-1.187501383	-0.037666992	-0.212672395	0.519111657	1.072667074	2.538172143	2.110664006	1.03568069	2.10534692	0.021752846	0.820504573	0.002073887	0.85671778	0.877870888	-0.654984833	1.022167276	1.743569125	-0.269250418	0.656614953	-0.800922735	-1.860993729	1.814576869	-0.610238573	0.739410195	0.215277188	1.439791236	-0.654862211
X201	1.076688273	1.295824331	1.202973936	1.076550172	0.063909939	1.342483506	-0.336338415	0.025619079	0.76740545	-0.283168222	-1.237551658	-0.90578084	-0.317229443	0.254350985	-0.589895763	-2.064139452	-0.691551908	-0.546583271	-1.683821095	-0.177121798	-0.145076095	-1.223206092	0.002896967	-0.479572235	0.152274233	0.230091307	0.935899051	-1.147694512
X202	0.794389983	-0.04024702	1.823982156	1.566266575	-0.414501137	1.313430037	1.672032148	2.036917295	1.776314865	2.180216299	-0.103382566	1.855499691	1.881580113	1.448747475	1.318068954	-0.039302519	2.723258444	1.269601891	-1.522005415	1.247896608	-0.659254217	-1.950008313	1.419275956	-1.68382534	0.512266474	0.086422069	0.381774944	-1.442681027
X203	1.219100865	0.585420756	0.782791722	0.920188228	1.161769925	0.845842063	-0.43058709	0.030607626	0.581189818	0.164397689	-0.318834851	-0.431568092	0.3045076	0.682712962	-0.197597493	-0.2401415	0.082490304	1.099762986	-1.211530146	0.326570198	1.131966182	0.145128494	1.143402413	-0.217276873	1.652828292	1.009697464	-0.077179664	-0.072308165
X204	0.671220687	1.575480661	0.959516608	1.017006007	0.266377544	0.687580679	1.038321531	1.221637949	0.909335973	1.149711263	-0.20933854	1.900336473	0.607788338	1.773160162	0.80009572	-0.20646409	0.804546732	1.384901856	-0.836599136	1.433237937	0.430993207	-0.611568738	1.501800092	-0.058671042	1.359197064	0.394537004	0.992980134	-0.717346486
X205	1.227756827	-0.870423684	1.25946051	1.429245449	1.008331582	0.702199529	-0.427372701	-0.042474102	0.92729517	0.114415926	-1.255114661	0.61627261	0.446811205	1.027045579	-0.496367087	-0.674928672	-0.129278285	1.313244514	-1.029967567	-0.003860432	-0.93105737	-1.298883181	1.301639834	-1.43929016	1.193025192	-0.057015447	0.976984487	-1.002814085
X206	0.788429971	0.082472412	0.892308072	1.345141379	0.475588135	0.204516449	0.655419417	0.740058691	1.141896939	1.655385794	-1.611729008	0.613950428	0.711493676	1.042220205	0.731747996	-0.815822612	0.514704215	0.393427051	-1.395068139	0.237837583	0.403640583	0.467710461	0.864536368	-1.052912822	0.247716014	0.847369061	1.294578678	1.219985765
X207	0.474963721	-1.192617925	0.784271356	1.0141358	1.012190767	1.022217421	0.798020474	1.08549808	1.299024841	0.828784623	-0.945178748	1.098863499	1.325601179	1.632189388	0.588310956	-1.448986891	0.360428209	0.604260067	-0.989967595	0.027942199	-1.410477214	-0.607708954	0.513853299	-0.529770019	0.550182341	1.154259709	1.41718253	-0.394498759
X208	0.562566208	1.040707251	-0.978936748	-0.434063995	-0.477344558	-0.15683692	1.003943505	0.538938227	-0.269446272	0.294773217	1.041571088	0.82728554	1.164593877	0.020269954	1.229982252	0.865302684	1.290056609	-0.680026445	1.682781727	0.455936947	0.039647266	0.312678184	-1.198500824	0.441178087	-1.115957764	-0.090286851	0.480678247	-0.469247237
X209	1.750332929	0.528733467	1.587930827	1.157579851	-0.721936568	1.67531104	0.69911567	0.768625793	1.150782041	0.911837702	-1.961035873	0.187804286	0.81508657	1.264363182	1.356774728	-1.041742975	0.953761099	0.306485787	-1.331975636	0.847122491	-0.378977854	-0.675806719	-0.048178233	-1.237134217	2.385402493	1.295339575	2.022695412	-0.646939375
X210	-0.271123164	1.457095751	2.512780565	1.881920552	-1.722138853	0.81757031	1.598938219	1.435350987	2.008470189	1.323568829	-0.587530833	1.460182185	1.891166959	1.183289709	1.616096384	-0.893590243	1.314155611	1.650102529	-0.382382904	1.46137823	-0.424786471	-0.368809427	2.028738073	-1.020875303	0.193231917	-0.457192083	0.854276845	-1.108690774
X211	0.807785659	-0.396278083	0.528178412	0.381365515	0.301604845	0.386811708	0.509639552	0.690356525	0.830745321	1.023701268	-1.800520555	0.616779209	0.421967868	0.724493061	0.705588087	-1.177700291	0.012300521	0.932190442	-0.823771708	0.641708071	-0.0736404	-0.299158959	0.691878173	-0.759305117	0.952901964	0.637223529	-0.746429853	-0.096105489
X212	1.816045859	-0.08415987	0.234408656	0.038483243	-1.57327586	1.376000151	0.698639064	0.724095424	0.407441585	0.052567269	-0.332836857	0.53689695	0.678174562	0.425546074	1.247606043	-0.059373751	0.803501722	0.791721958	0.503799287	1.484638812	-1.060129593	-0.181812139	0.791176669	-0.110131725	1.490569746	0.234748163	-0.2173997	-0.511465604
X213	1.344925133	0.008665071	-0.248754851	-0.616298118	0.209298322	0.33476266	0.794485143	0.923808368	0.184340259	0.950116019	0.453543244	1.285902109	0.171920238	0.672773876	1.800506502	0.051978725	0.788419721	-0.341754989	1.517388868	0.908694094	0.316607954	-0.201283323	-0.050824382	0.658098454	1.517915135	-0.548095183	-0.625732934	-0.28384689
X214	0.571328456	-0.08500013	0.68630057	0.402377681	-1.907352657	2.00065129	1.436595713	1.531074746	0.785949206	0.686900826	-0.868319105	1.645743841	1.553491634	1.274420883	0.811027225	-0.245724313	1.520333421	-0.393588133	0.821331542	0.509378027	0.817631072	-0.190176577	0.209259057	-0.906953584	0.608841126	-0.20396898	-0.006323688	-0.7697853
X216	0.549732849	0.693271892	1.04466013	0.890547863	-0.168767612	0.463781261	-0.047050614	0.20754273	0.950324412	0.357999116	-1.217743711	0.169837848	0.130091546	0.751293437	0.286666058	-1.520307186	-0.102731692	0.036360362	-1.235017098	0.944918892	0.01590118	-0.898275246	0.401012819	-1.337955437	1.635576469	-0.235831888	-1.377526341	-1.238705049
X218	1.536504577	-1.014463707	1.004249942	1.448108904	0.101864611	1.471637818	2.426236314	2.4829837	1.605908047	2.377507423	-0.568693488	2.482161135	2.256299724	2.152155596	2.500868224	0.401388242	1.799301932	0.619959163	0.096738085	1.968750677	-0.236478918	-0.627995781	0.276601103	-1.697166616	1.292558899	0.103519651	1.440967534	-1.254815465
X219	0.344743661	-1.30553096	-0.33038195	-1.081443997	0.063494216	0.085831299	0.387215394	-0.095866342	-0.336431634	-0.564701524	0.366080613	-0.669712914	0.96297552	0.062419818	0.309762254	-0.670470032	1.053132032	-1.477048713	0.470573289	0.158438779	-1.227712328	-0.873841178	-1.543749309	0.10888698	-0.085699316	0.776625121	-0.141649257	-0.153351655
X220	-0.16777043	-0.535056308	1.087453098	0.805007827	-1.265467353	0.938233328	0.248992688	0.180728966	0.451561124	0.067316443	-0.636036419	-0.687784544	1.300625117	0.04486894	0.368463844	1.052219751	-0.227136807	1.762252423	0.011168739	0.176227748	0.099208285	-0.98547934	1.083364352	-0.356731463	0.849712226	-0.446950389	0.887484558	-0.860228828
X221	1.010834489	-0.324375604	0.432122631	0.277952893	-1.068736983	0.79764577	0.029536623	0.403525648	0.304732707	0.10106924	0.039731769	-1.049736685	-0.002246685	-0.140306868	-0.310846506	0.439442118	-0.34148756	0.912012111	0.697025133	0.140613538	-0.497851467	-1.087613633	0.875144648	-0.866050146	-0.549632068	0.466165584	0.267151738	-0.391426781
X222	1.40954831	1.01157697	0.23357092	0.451551558	0.4728042	0.290497208	0.559696387	0.43122143	0.237827034	0.312080346	-0.896660148	-0.421533663	0.687818816	0.320687394	0.638684844	-0.093147279	0.91127953	0.346553671	0.537712008	1.001335606	-0.192075645	-0.660845861	0.596582503	-1.267753847	0.068503638	0.718753842	0.491879704	-0.454479422
X223	1.373521833	1.018493838	-0.061774469	-0.041626012	0.618583851	0.200935305	0.194750957	0.240973746	0.078106049	-0.122143996	0.509171182	0.120470722	0.799895891	0.507853093	0.625494139	0.276060516	1.04017721	-0.252254903	1.516320786	0.407319355	-0.715287316	-0.404031367	-0.315038311	0.639454293	0.819813717	1.302400742	2.448867227	-0.231940848
X224	-0.973115952	0.381962562	-1.013445422	-0.699502245	1.420951485	-0.673072686	-0.809720875	-1.311257558	-0.771920651	-1.262500365	1.477733053	0.006343134	-0.357930622	-0.236215074	-1.078941444	1.472383338	-1.158604201	-0.895134282	0.786745609	-0.308877108	-0.194440124	-0.276852249	-0.974907298	1.190270818	0.316097427	-0.91432733	-0.100214917	0.132834978
X225	0.660586799	-0.902660964	1.975967399	2.028893677	-0.625281621	0.158836827	0.608707911	0.922403333	1.615268272	1.137515199	0.088413054	-0.079612228	0.403069722	0.673856981	0.300159849	-1.747471543	0.432149941	0.723479592	-2.115723396	1.26084093	-0.590029647	-2.098631898	0.729234668	-1.533811418	0.862225806	0.607470208	0.453390846	-1.714936468
X226	-0.342052903	0.478013354	0.771400247	0.544867601	-0.578626941	0.681378718	0.968045585	0.976802163	0.490893902	0.36026037	-0.57463506	0.599112431	0.213129173	0.426823418	0.431856855	-1.205031826	0.350903058	-0.502134901	-0.108138007	0.840269024	-1.384673998	-0.946408138	-0.137436337	-0.961687958	-0.918235189	0.777362453	-0.660074517	-0.444432009
X227	0.259582993	-0.808399568	-0.250646799	-1.102219002	-1.990042954	-0.309822807	0.266968049	0.158525576	-0.887131302	-0.120825061	-0.110976614	-0.041580572	0.526332694	0.139948153	0.057675744	-1.343800511	0.041437069	-1.163371819	0.68341963	0.581897507	-1.55741318	-1.24110471	-1.84759212	-0.469140218	-0.669227716	0.548345398	-0.076030777	-0.538503108
X228	0.063458702	0.961455659	1.409056511	1.549610679	-0.136026486	1.237559495	2.224702346	1.863593724	1.603299802	2.054308177	-0.965071175	1.893379034	1.888135777	2.570837711	1.472741823	-0.499844707	1.604990343	1.982442208	-0.621796685	2.049970343	0.090518244	-0.465218356	1.607707326	-1.085097057	0.346226545	-0.383655339	0.555042868	-0.491803912
X229	0.427708479	-0.530812071	0.111835703	0.310630686	-1.850464915	0.567252445	0.420434169	0.680383012	0.298002525	0.334246188	-1.32390678	0.616531725	-0.07452667	0.393842207	0.755522572	-1.097287513	0.413654704	-0.177759465	-1.144723103	0.649080591	-0.975589944	-0.158560368	-0.212111291	-0.52115666	-0.546401584	0.200601811	0.616979374	0.611266733
X230	1.191371631	0.193067134	1.680203343	2.47491775	-0.199612023	1.891288547	0.214956933	0.374675184	0.998524606	0.228657233	-1.094512913	-0.488758624	0.642142476	0.937296904	0.090444676	-0.63636992	-0.176451033	1.638780052	-0.985992362	-0.183050404	-0.4160738	-1.229798451	2.476542433	-1.819146032	0.618543963	0.268550901	1.212156661	-1.600163248
X231	0.148641607	0.54519104	0.598647791	0.631030116	0.425405406	0.022943715	-0.50935584	-0.29066424	0.407479879	0.094030821	-1.126598715	-1.633986146	-0.176070452	0.103529535	-0.335193061	-1.003634819	-0.884361648	1.352445712	-0.422863202	-0.670350189	1.205148298	0.655387309	1.705973445	-0.893488544	0.397619472	1.930303822	-0.065541663	0.607719005
X232	0.299650059	-0.326849369	0.686509725	0.770609164	0.520806302	0.241008456	0.193787331	0.12923004	0.628746649	0.477343839	-1.135047695	-0.215604807	0.605077996	0.4103202	0.048948226	-0.812015513	0.152638686	2.386716479	-0.672770813	-0.318392559	0.839063137	0.04855647	1.110455226	-1.276505491	0.62977843	0.271669284	-0.012636195	-1.021247884
X233	1.984351761	-0.698907572	0.239095924	0.264586098	1.088123581	0.141709524	-0.637648515	-0.67977017	0.307020042	-0.577136891	-0.528358007	-0.216182323	-0.237582712	0.369457667	0.041061141	-1.624305277	0.049360676	-0.292323449	0.984260273	-0.36292261	-0.882214183	-1.543882762	-0.248572337	-0.169031851	0.372232794	1.567734244	1.933480331	0.408040598
X234	1.788831532	-0.812261806	1.359245157	1.034391809	1.438578173	0.778556184	0.263764054	0.267386443	1.201773322	0.740246926	-1.469879145	0.666578356	1.084367173	0.588036119	0.195397271	-1.058204442	0.979130646	-0.274798658	-1.818416703	0.4071976	0.118767342	-0.805521407	0.525271783	-0.83613818	1.835046065	1.264197963	0.8958476	-1.634044443
X235	0.853710133	0.107310351	0.43092157	0.46501684	0.015469105	0.422162365	-0.250744848	-0.165706562	0.194681126	0.008640339	-0.547599768	-1.682313611	-0.558085326	-0.053313057	-0.546037504	-0.428390438	-0.342098411	-1.130758693	0.664910136	-0.685004263	-0.33226646	-0.508395941	-0.364690407	-0.638941896	-0.332712266	-0.528540035	-0.716884361	-0.67708481
X236	0.221838202	0.119491793	-1.493242541	-1.427736596	0.366098072	-1.048778447	-0.198102209	-0.779924199	-1.21116942	-0.506293975	0.575230893	-0.299584348	-0.276434106	-0.87294167	0.31637439	-0.126808565	0.225879228	-1.511447721	0.248729417	0.202284373	-0.522632404	-0.680480392	-1.649556238	0.659138768	-1.71113527	0.863582866	0.502097339	0.124835663
X237	0.909296242	-0.292852429	0.611496467	-0.157379835	-0.569941305	0.559924501	1.638997216	1.694800609	1.31237506	1.215123163	-1.349802598	2.044738339	1.342321186	1.082943051	1.586920351	0.089223091	2.018840644	0.02762908	-0.099565058	0.72035374	-0.282729864	-0.707421957	0.681744754	-0.441665099	-1.335192838	0.23200436	0.457674308	-0.234254249
X238	0.458638639	-1.814428549	-0.499896832	-0.440081314	0.72978257	-1.016373744	-1.009641378	-0.730095356	-0.908144113	-0.784564089	-0.207504304	-1.742115536	-1.406758358	-1.262503332	-0.606005841	-0.339988884	0.253660904	0.058241416	0.055390371	-0.023709381	0.370792018	-0.130218262	-0.708296906	0.528127465	-0.636096178	1.508234983	0.510168844	-0.1368989
X239	1.002130601	0.344934684	0.161406812	0.383388036	-1.335287117	-0.42990918	-0.104086834	-0.203943638	-0.282626439	-0.877070473	-1.38130146	-1.015370531	-0.324936158	0.211012716	0.075531103	-1.212194416	-0.002603883	1.039528521	-1.676977002	-0.231381388	-1.067537122	-1.781723985	-0.023541942	-1.772382959	0.367930871	0.382813129	0.576596663	-1.457791437
X241	0.177388051	-0.143324351	0.142917797	0.298583327	-0.345878295	0.309532371	0.961473002	1.24171758	1.25030523	0.808249943	-0.231781949	0.528974034	-0.014604389	0.605060365	0.362131347	-1.509799748	0.786041328	0.690531117	-1.049460999	0.721827908	-1.85633922	-1.497276598	1.626129758	-0.83617433	0.491029543	-0.41034515	0.466569727	-0.810514345
X242	1.12258328	-1.249772416	-0.081902331	0.118955975	-1.367298401	-0.297504395	0.287586916	0.171095609	-0.293840976	-0.471548545	-0.432840891	-0.862902804	0.454251973	-0.270299134	-0.196351749	-1.726339292	-0.101463114	0.344871075	-0.374475935	-0.612681499	-0.320765686	-0.759759817	0.479585646	-1.262501698	-0.376727944	-0.444936576	0.804648578	-0.796465241
X243	-0.046831314	1.588027473	0.75046902	0.837647653	-0.046670065	-0.21176035	1.521874814	1.354311842	2.339735827	1.797212995	-0.483615161	-0.30983706	0.531664185	0.862821954	1.321700803	-0.714246366	0.819982482	1.483590687	-0.606495298	0.247566103	2.241153118	1.819410734	1.252544926	-0.477575281	0.125452013	-0.914881347	-0.25902414	-1.140593535
X244	NA	NA	NA	NA	NA	NA	NA	NA	NA	NA	NA	NA	NA	NA	NA	NA	NA	NA	NA	NA	NA	NA	NA	NA	NA	NA	NA	NA
X245	0.174679621	-1.276505247	0.213634686	0.497596904	-0.912175361	-0.168289826	-0.518962852	-0.742725432	0.205113151	-0.807208736	-0.227829473	-0.626723015	-0.028937809	-0.521400308	-1.018423142	-0.660678562	-0.644076624	-0.444955895	-1.584335208	0.740470023	0.291710881	-0.969817089	0.198144317	-0.429486323	1.058813589	-1.397290543	-0.061519426	-1.38814165
X246	0.789614473	-0.92197935	0.036669902	0.528871907	-0.585647226	1.026746882	-0.425642153	-0.11622921	0.055629921	-0.627072751	0.178555759	0.096584866	-0.5085955	0.144025662	0.05771813	-1.21448543	0.311547317	0.349832576	-0.843674593	0.077371927	0.935797425	-0.105252562	0.900828992	-1.02737601	0.757247024	1.077970866	0.903127898	-1.026941485
X247	0.594220848	-0.724660707	0.085704073	0.331782053	-0.43197979	0.855844549	1.376925611	1.41805756	1.138441232	1.027237302	-1.35344667	0.400214693	0.833416838	0.780892763	0.661323735	-0.60273354	1.343628545	0.419068439	-0.551960561	0.111702217	-0.437496682	-0.811601179	1.477923009	-1.719694231	-0.727033113	0.405166041	0.725105594	-1.154590888
X248	-1.497656098	0.94116633	-1.522526811	-1.825842674	-0.82114105	-1.521849985	-0.661022051	-0.724743856	-1.335906125	-1.287455478	1.443025646	-0.601472463	-1.439292012	-1.379574687	-0.853447032	-0.090428561	-0.383776004	-1.532724946	1.500118275	-0.744774819	0.38149725	0.466491622	-1.592242805	0.937599263	-1.36827475	0.031875244	-1.368779617	0.477002506
X249	-0.779297471	-1.600431231	0.576474059	0.347403268	0.125978296	-0.181938026	-0.750739173	-0.575226223	-0.413784242	-0.847843241	-0.390353514	-1.282607644	-1.249185679	-0.457857462	-0.989195935	-0.502531371	-0.604293664	-0.521293084	-1.606846675	-1.236915974	1.054449695	-0.972139725	0.128182511	-0.746173695	-0.732101466	1.10488682	-1.416860097	-1.470184
X250	0.994256949	-0.016180511	0.449259666	0.271193689	0.143350036	-0.228548634	0.452449505	0.981890793	0.797500249	1.188170591	-0.530879803	0.66553672	-0.241193194	-0.006617205	-0.150102001	-1.224441151	0.899922957	0.779878969	-1.482283451	1.340566048	0.904047656	-0.519934132	1.587694325	-0.938641538	1.562296772	-0.308418743	-0.978212248	-1.634100516
X251	-0.654573363	0.623982818	-0.847038439	-0.989657069	-1.512114523	-0.766874374	0.9973261	0.885487945	-0.561863754	0.00424031	0.724194993	1.337817233	-0.863615533	-0.091753873	0.477114091	0.830265232	0.547562374	-0.547426786	1.840204412	0.003451164	-0.29035101	0.251762921	-1.287164889	0.681939806	-0.329081722	-0.281212317	-0.799070346	-0.411827306
X252	-0.450006759	-1.203330086	0.883273936	0.996046824	-1.156419415	0.507773106	-0.537963409	-0.205660846	-0.427271691	-0.211391908	-0.796551048	-2.048363811	-1.07123371	-0.763177258	-1.425331452	-1.243269965	-0.537124094	-0.239745221	-1.36086261	-0.643019115	0.240843226	-1.713053905	0.952383717	-0.827852955	0.186710884	-0.617298964	-0.403500253	-1.745103544
X255	-0.705314366	-0.194224498	0.765587317	1.135601078	-1.391331393	1.422027398	0.658409406	0.700625551	1.347922954	0.845603028	-0.390261662	-0.464439589	-0.492384014	0.120493155	-0.343601574	-1.777624388	-1.048520197	-1.077825795	0.078415483	-1.408117955	0.674067335	0.931853632	-0.517555886	-0.851076877	-1.194913162	-1.174104652	-1.057056772	-0.104299191
X257	0.450306094	0.289861289	0.29319543	-0.000431771	-0.370246305	-0.337260524	-0.765336133	-0.394169416	-0.195886851	0.221810651	0.703359722	-1.86259	-0.061562623	-1.086856123	-0.947767839	0.293876738	-0.543295453	0.211690528	-0.072308104	0.192188979	1.238531093	2.487040044	-0.239278659	0.539586576	0.099971723	1.086137568	1.308401363	1.008413647
X259	0.029155957	0.501861404	-0.951039249	-0.914866286	1.101894349	-0.62746537	0.813548326	0.445845935	-0.736381783	0.600986548	0.860896906	0.682334178	0.89240968	0.412651313	0.071829728	1.770785931	0.509508962	-0.21089913	0.756137068	-0.08551969	1.538419203	1.721049252	-0.253121722	0.789889872	-0.368968326	0.801486514	0.402756566	1.037258394
X260	1.980204812	0.96688112	0.577733446	-0.147852738	1.171193009	-0.225208913	0.615133028	0.426965811	1.188388018	1.431953899	-0.382201116	0.023000183	0.087769812	0.235312473	0.634321595	0.767688863	1.081025766	1.602709877	0.170149914	-0.294786354	0.998979574	2.152680206	1.458972909	0.417924625	0.91884808	-0.298416833	0.417643695	0.997179064
X261	0.031974375	-0.573507681	0.441179593	0.412157393	1.092864219	0.633178536	-1.358300002	-1.211238297	0.261734322	-0.943742467	-0.886632289	-1.951744633	-0.542243664	-1.059131106	-1.125613898	-0.638886697	-0.142374272	0.333228538	-1.541331114	-0.362821713	-0.359171054	-0.387579014	0.476004831	-0.429705794	-0.283560219	1.812934518	-0.65412229	-0.891931864
X262	0.430200018	1.393742245	1.514982584	1.821865149	1.071009897	2.334742159	1.301363999	1.006834914	1.444108647	0.799478861	0.378904607	1.58808399	0.739181584	2.292190151	0.753125868	0.10711013	2.156052114	-0.119212621	-0.981668832	0.242374821	-0.424901905	-0.43800466	0.316011053	-1.216348397	-0.435162502	-0.13924659	0.809995076	-1.392057921
X263	0.046574666	0.131795315	0.845443274	0.254220716	-0.073311002	0.462312621	0.074403885	-0.06596737	0.33264375	0.116102445	-0.258696984	-0.384659119	0.169337164	-0.169478691	-0.285123839	0.464677718	-0.607949111	-0.018174543	-1.295494199	0.204455047	-0.447746203	-0.420306377	0.675074436	-0.746560347	0.58765964	-0.574139427	0.156681196	0.678127791
X264	1.146584478	0.889570633	0.645975552	0.659590029	0.480073736	1.016424648	-0.231507262	-0.252218875	0.734329422	-0.338603065	0.190879745	-1.307912061	-0.067955791	-0.231742819	-0.092843629	-0.530409708	0.146258716	-0.932416849	0.449314723	0.609182292	0.355888623	0.103012475	-0.684104399	0.022284729	-0.284453692	0.682144468	1.111542061	-0.026725627
X265	1.375714201	-0.262338558	1.133562339	1.237778755	-0.385457284	1.445248411	0.601428457	0.717444204	0.714211884	0.404837989	0.39945182	-0.571038853	1.64198802	1.162424321	0.222129447	-0.818597447	0.956484229	1.210555531	-1.124696274	1.065762408	0.09588802	-0.841973438	1.030787705	0.188564127	1.247809477	-0.100488031	0.02713507	-1.092540104
X266	0.372067203	0.541194836	-0.780157576	-0.727630686	1.906260814	-0.521004236	-1.297014769	-0.954984495	-0.73416335	-0.379468774	0.785966225	-0.222416193	0.19028398	-0.235671836	-0.446975051	1.13354401	-0.391590296	-0.606583382	1.008689689	-0.840598295	-0.005132482	0.428862044	-0.349511832	0.52743506	0.321178635	0.393691574	0.774236627	1.316718338
X267	0.077500628	-0.809896688	-0.034141417	1.548914178	0.866801889	0.273105585	0.096970731	0.377528469	0.099599844	0.477047724	-1.130043349	-0.989865826	0.097948071	0.780281569	-0.125197959	-1.281307599	-0.296869612	0.990283953	-0.914809879	-0.376711846	-0.347286984	-1.250138281	0.916934883	-0.344858152	0.967692764	0.731734226	0.0868413	-1.543050123
X268	0.680648797	-0.75976678	0.100744747	0.234791761	0.025222219	-0.164340748	0.002459755	0.259232618	0.731378189	-0.571905307	-1.022062757	-0.522586549	0.791304428	0.349003548	0.211958453	-0.626998506	0.938512341	0.47941656	-0.21400275	-0.374771246	-0.4805625	-1.156122047	0.623691221	-1.325419746	0.080185718	0.853308715	0.452468995	-0.489414016
X269	0.422563861	0.367763763	0.818347272	0.560443262	1.312160643	0.738316384	-0.216252636	-0.013287866	0.642811967	0.526956649	-0.409244659	-1.00451086	0.73412451	-0.006428853	-0.302092762	0.000994349	0.772412154	0.487562556	-0.683801463	-1.303134631	0.027195161	-0.220509606	0.223686966	-1.769035944	-0.088817028	0.430294214	0.554379401	-0.223479422
X270	0.983601554	0.478275333	1.637811846	1.085344133	0.017246966	1.635347819	-0.572225198	-0.323421113	0.11124964	-0.190303221	-0.301024259	-1.595614635	-0.033313267	-0.717664757	-0.875335165	-0.871456152	0.085858589	0.110222477	-1.046279411	-0.468052576	-0.305802178	-1.069050891	-0.101112091	-0.708896988	0.348180825	-0.52164492	-0.645909629	-0.337891836
X271	-0.305976633	1.705144629	-0.414565432	-0.163001629	-0.09989276	-0.892976295	-1.089018619	-0.386747554	-0.423302916	-0.372503451	-0.956945336	1.065164076	-0.967181198	-0.846670037	-0.035566298	1.136440369	-0.416743699	0.166443533	-1.261243859	-0.875149785	-0.320772446	1.922382074	0.030416604	0.869869222	0.787887306	-1.154257587	0.032166141	1.699706657
X272	-0.58613686	1.570074881	-0.653680689	-0.72422198	0.691567072	-0.367149075	0.120065239	0.194539593	-0.643940665	0.68950512	0.874401732	0.200465986	0.287854601	0.521801796	1.37053208	0.316428508	1.297895125	-1.179366972	0.707912769	0.525355629	0.665864942	1.593419886	-1.318131347	1.075402987	1.588755308	0.269495097	-0.694814156	0.126817361
X273	-1.040238584	0.412311284	-1.165621672	-0.924270227	0.111045371	-1.305116988	0.933040666	0.120559908	-1.045999537	0.469326957	1.233623198	1.194510182	0.528610612	-0.338310007	1.024463415	2.349679565	-0.017091124	-1.079078505	1.463343606	0.191169893	0.52314661	0.910711668	-1.133194668	1.663745981	0.390521126	-0.937425702	-1.008022072	1.111786355
X274	-0.375706324	0.792070057	0.133908116	0.592471175	0.10058905	0.588692478	0.690929097	0.586509722	-0.052310688	0.193467845	-0.401832659	0.18291545	1.118468012	0.456993538	0.456717988	0.104616959	0.867086147	0.578497391	-0.182008946	-0.609414096	0.087442723	0.158732954	1.154191461	-0.203317683	0.456592304	-0.404631186	0.716505809	0.02654632
X275	0.104569696	0.152390878	0.148517006	-0.0389722	-0.658041675	0.020949025	-0.233325251	0.107878151	0.466950265	0.048544038	-0.153970321	-0.60613439	1.220871246	-0.134761178	-0.021312696	-0.207467503	-0.127702145	0.077423289	-0.253477622	1.033459787	0.718379148	0.372069564	0.053964812	0.020605471	0.739205063	-0.833030134	-0.721681837	-0.033572582
X276	0.547895214	-0.154510671	-0.469158482	-0.152945557	-0.521674019	0.222629096	0.492847971	0.180637698	-0.173069693	-0.119004977	0.288242911	1.077116699	2.056473096	0.810182827	1.030463409	0.303814388	0.180058128	1.051544897	0.082262749	1.602070092	0.598899607	0.286295065	0.910194634	-0.234153522	1.266926146	-0.186942905	0.611242379	0.092317002
X278	0.61050788	2.341744518	-1.268522864	-1.695101825	2.009019835	-1.0666061	1.30422279	1.101634242	-0.813881368	1.004882772	1.048346213	1.726190876	1.210468164	-0.022708407	2.044150408	1.054544586	1.432441797	-0.234862104	1.546248682	0.724470046	0.700295062	1.515330539	0.017411562	1.189725675	1.376846377	1.138865677	0.015325684	1.211580287
X279	0.237570223	-0.182933795	-1.092348504	-1.151989314	-0.30246095	-0.990279174	1.357639638	1.284422436	-1.065886597	-0.258632168	1.609433196	2.125244943	0.511867042	-0.421870722	1.679585562	1.453215069	1.165572004	-0.330423608	1.155242549	2.145614041	-0.445546603	0.071133381	-0.583034558	1.290190028	-0.001943979	-0.70983471	0.503038017	0.257427607
X280	-0.226081475	-0.10153302	1.390788972	1.065552076	-0.72144344	1.909403877	0.803739009	0.499374646	1.291383488	1.316731264	-0.432886775	-0.450552056	1.835117277	0.702354642	0.699892937	0.125429992	-0.105923901	1.383381872	0.401402669	0.719225417	0.647763257	0.550152022	0.778664815	-0.793312822	-0.572773645	-1.878683849	-0.541779705	-0.507430101
X281	-0.103922627	1.209214695	-0.42506058	-0.523405588	0.014997049	0.875829021	0.140346047	0.552749149	0.279151675	0.305136151	-1.443731694	0.772772095	-0.198722028	1.36856236	0.13095922	0.651372683	-1.336207314	-1.271711536	0.044974702	0.916892498	0.327514086	1.61176446	-1.121562986	-0.044376297	0.048596968	-0.661937802	-0.444345177	0.910063659
X283	0.510215559	1.630629643	-0.072021422	0.037409131	-0.204871854	0.141391871	1.42220092	1.65207717	1.556914904	1.707449404	-0.920376319	0.249520247	1.00412162	0.438192327	0.879939468	0.014627091	0.505890079	0.597168243	-0.841239875	1.430133046	1.10153104	1.204570668	0.735967152	0.592814597	0.198439385	0.025854829	0.158247044	-0.903873994
X284	0.529595645	0.52450142	0.623908074	0.577481265	-0.098063568	0.448310295	-0.978864001	-0.506740487	-0.100247473	-0.813023826	-1.00821615	0.615972601	-0.262897685	0.54548684	0.230501046	-0.437208074	-0.206188577	1.426601235	-0.546526002	0.116801784	-0.199661411	0.136595324	1.002635827	-0.242601736	0.91105571	-0.693701877	-1.568089588	-0.184719614
X285	2.204251749	1.708703178	2.334771189	0.722582181	-0.507695933	1.200466455	0.48252474	0.731529841	0.945589044	0.781395306	0.601405978	1.401643092	0.810821254	1.115773295	1.356474888	-0.092544727	1.565773157	0.915808826	-0.524629608	1.981126163	1.492550638	1.391168015	0.228682747	0.9801637	2.115974889	1.606320537	0.043120658	-0.719776036
X287	0.403909017	-0.164190405	1.36212911	0.944911809	-0.437123306	0.821966853	1.344971693	1.522195978	1.36216423	0.318459061	-0.342038957	1.372622531	0.539262703	1.563486789	1.29920131	0.343702782	0.640517528	-0.673502907	-0.676787709	1.073127992	0.285486892	-0.851855332	-0.350494927	-0.190466397	1.22976138	-0.246886522	-0.930142805	-1.329122568
X288	1.403117425	1.380120591	0.405733516	0.399887001	-0.155756593	0.77385358	0.68619958	1.103506203	0.350834046	1.190303054	-0.62421594	1.259638722	0.622137574	1.350966846	1.803078252	0.289535979	1.733866905	-0.38877493	0.181490595	0.285210635	1.10890375	0.782925302	0.347710765	0.039409641	1.536745463	-0.159129352	0.559786607	-0.376983375
X289	NA	NA	NA	NA	NA	NA	NA	NA	NA	NA	NA	NA	NA	NA	NA	NA	NA	NA	NA	NA	NA	NA	NA	NA	NA	NA	NA	NA
X290	NA	NA	NA	NA	NA	NA	NA	NA	NA	NA	NA	NA	NA	NA	NA	NA	NA	NA	NA	NA	NA	NA	NA	NA	NA	NA	NA	NA
X292	-0.558266256	-0.430825113	-0.512230835	-0.314771503	0.989697085	-0.685992364	-1.592625569	-1.091600572	-0.369727799	-1.722580432	0.765037829	-0.45951146	-0.340453632	-0.683058442	-1.256193741	2.320534222	-1.88649913	-0.573315889	-0.06880989	-0.611804518	-0.473521392	0.456755867	-0.413509807	1.480805421	-1.613056764	-0.023522287	-0.050206191	0.730090906
X293	-1.12777752	-0.420679504	0.518054787	0.72413874	1.375215914	1.043073093	-1.017439581	-0.391465163	0.616569237	-0.474982021	-1.901602791	-1.228151698	-0.413230454	-0.336642151	-1.318739418	-0.848236212	-1.365929428	0.92132305	-1.33660238	-1.462209911	0.170140686	-1.518950903	1.242913545	-0.55064797	-0.098611934	-0.104610227	-0.10012757	-0.612687902
X294	-2.023759452	-0.224339306	0.071104126	0.260893363	-0.618618954	0.225340939	-1.154995317	-0.811372658	-0.061342568	-1.365203895	0.22649085	-0.0040021	-1.523078447	-1.253627535	-1.61376171	1.056467639	-1.8213739	-0.164980278	0.730053474	-1.316784513	0.150130322	-0.280650983	0.13724078	-0.332345976	-0.838152124	-1.134027824	0.517825052	-0.218095504
X295	-0.638308411	-0.0911587	-0.564400064	-0.268477466	-1.019372684	-1.054322914	-0.192959862	-0.330657877	-0.722657581	-0.698985938	0.490406509	1.140438815	-0.289705199	-0.103988224	-0.622757839	1.046899116	-0.363051268	-1.175040729	-0.516445781	0.201087142	-0.629936639	0.033737187	-0.904368583	1.282857349	-0.902436257	-1.619307709	-1.490221627	0.737181609
X296	-1.688565078	-0.826355918	-0.687317173	-0.701924463	1.934345463	0.107712206	-1.521613173	-1.352117852	-1.400465815	-1.256716519	0.674544431	-0.738525323	-1.342392031	-1.133176078	-1.933611889	0.672962723	-1.1262779	-1.405016343	0.386055166	-1.63080109	-0.940269116	0.04712285	-0.943024327	1.071560953	-1.861781633	0.488713316	-0.671508868	0.943256656
X297	-2.001964235	-1.965661845	-0.501601718	-0.652569116	0.57747056	-1.00897119	-1.390651775	-1.490387851	-0.76011799	-1.586972731	0.220988792	0.211816574	-1.106916949	-0.723655438	-1.301578029	0.283831986	-1.377171159	-1.479936995	-0.312935608	-1.343728122	-2.358715812	-0.042121038	-1.761500595	0.897320385	-1.415425662	-1.985340462	-0.673576379	2.095245458
X298	-0.303235126	0.303490515	0.365178329	0.48943029	2.342921632	0.24735971	-1.030078529	-0.710058776	0.228334289	-0.84138728	-0.595109113	-0.370885488	-1.663964039	-1.749557628	-1.931286292	1.530816211	-1.862574594	0.332573331	0.504778166	-0.957686682	0.717928962	-0.184516031	0.480253511	0.045246646	-1.132163291	-2.126081351	-0.052915404	-0.864462648
X299	-1.422554513	-1.329364619	-0.183754448	-0.010949231	0.650600907	-0.857181389	-0.606256105	-0.934102353	-0.106316229	-0.924433793	-0.041820877	0.399624883	-0.869373852	-0.441441807	-0.263857044	-0.323585452	-1.345535016	-0.011807491	-0.128636126	0.293238792	-1.468771881	-1.977961925	-0.496551511	-0.107717626	-0.193070775	-1.578586735	-0.588771533	0.793075446
X300	-0.679157664	0.459372356	-0.867512264	-0.459313073	0.249399384	-0.554862378	-0.977462049	-0.762142641	-0.901863505	-0.975807151	0.457841453	-1.358336703	-0.286716595	-0.788210076	-1.273044356	0.808121532	-1.048694786	0.244550895	0.270210812	-0.536375592	1.061548177	1.474804213	-0.359948299	0.198757733	-0.087311086	-0.759562448	-0.739896825	0.20795499
X302	-0.564003319	0.220010154	0.540973215	0.567756158	-0.914250875	2.530278769	1.142022508	1.069832043	0.715495277	0.913591121	-0.606571508	0.746252733	0.677407234	1.038713462	1.057016703	-1.256923923	0.66265728	0.278746498	0.18273736	1.003431327	0.076056371	-0.768964998	0.028674668	-0.506558923	-0.448055808	0.181630199	-0.640241212	-1.355739319
X304	-0.137934946	0.455551284	-0.116600992	-0.557363106	-1.455542081	-0.07062518	0.295468665	0.122806865	-0.47096361	-0.218522934	-0.224633194	0.51261246	0.283449098	0.356530997	0.093692142	0.553125592	0.154382576	0.92398896	0.971081437	-0.108846612	1.419220805	1.152075431	0.970259535	0.876158617	0.415026005	-0.858567736	-0.113785019	-0.248523812
X305	0.736378405	-1.568865411	-0.351416721	-0.195518778	1.07729367	-2.013272154	-1.794482126	-1.69458224	-0.650708987	-1.201497386	1.1121307	-1.726124327	-1.057836802	-1.358916266	-1.121674811	0.080263977	-0.442223532	-0.901412437	0.081984143	-1.344012289	0.019118198	1.048037194	-0.635729853	2.315455114	0.031988881	2.433331023	0.524733611	1.16980381
X306	0.566790316	0.055465227	-0.665324245	-0.36701262	0.314624664	-0.262618202	-0.064865237	0.005598226	-0.245312126	0.500878092	1.292284359	0.258374542	-0.309419091	-0.167942395	0.76238575	0.309184495	0.534228727	-0.570975425	0.102979349	-0.101677437	-0.003832163	0.315721383	0.064030003	1.224697764	0.92307958	1.663672793	1.09681399	0.065122946
X307	-0.634074042	-0.392856382	-2.072786071	-1.89449759	1.217126636	-1.693136798	-1.114544366	-1.443457493	-1.709964929	-0.756123199	0.307840216	0.062255667	-1.340009475	-0.483054607	-0.229588359	-0.407465703	-1.451861673	-0.949503439	-1.133811692	-2.005945313	-0.809794279	0.706736431	-1.615174878	0.690689679	-1.198909443	0.824446403	-1.442100818	2.412407373
X308	-0.287112855	-0.391272502	-1.061369124	-0.415864867	1.254527891	-1.04081599	-0.939509749	-0.663143867	-1.400930793	-0.469962565	-0.542084059	-0.577680077	-0.744190359	-0.105605779	-0.360549067	-0.045115252	-0.553306614	0.191905686	-0.188634341	-0.687357336	-0.022090903	0.282278575	-0.173892776	0.028507094	-0.321843968	0.382900667	-0.68487278	1.490582574
X309	-0.90899768	0.056450376	-0.526339643	-0.902185046	0.266566758	-0.630375925	-0.176081415	-0.236167201	-0.843161208	-0.077860996	1.832457934	-0.187688157	-0.010623472	-0.371267739	-0.249936156	1.084333393	-0.400456117	0.745484676	0.814410364	-0.050665667	0.493794084	0.433007529	-0.007453387	2.0156805	-0.696053188	-0.475125146	-0.154347459	0.681256169
X310	0.141716677	-0.044139568	-0.413819446	-0.429123573	0.234344863	-0.403073003	-0.1604778	-0.424212635	-0.368146887	-0.373616644	0.690046169	0.800121929	-0.307844954	0.078814057	-0.159139102	0.349196309	0.221609248	-1.004714581	2.296987429	-0.567879111	0.53862654	0.41986584	-0.518089016	1.138329395	0.82697209	0.468579542	-0.733010659	0.098014193
X311	-0.537987661	1.194122169	-0.591677875	-0.767963171	-0.158314831	-0.330356992	-0.415682308	-0.624225882	-0.735832285	-0.748297337	0.278811717	0.306541214	0.247183477	-0.17011361	-0.017519613	1.273115893	-0.594818032	-1.005733273	0.277714826	-0.452295897	0.611214828	0.997765898	-0.437940182	0.353319632	0.530201145	0.101506731	-0.649231728	1.285772254
X312	-0.249061833	0.925137791	0.537358763	0.682152038	-0.480890237	0.050439141	-1.1780107	-0.58245896	0.35119032	-0.257809821	-0.364616609	-1.243569171	-1.044804328	-0.606450673	-0.787316124	0.102593447	-0.854304236	0.131832904	-1.790865294	-1.086331062	-0.205174337	0.820011114	0.634853917	-0.827392865	-0.336755833	-0.635582032	0.94618017	0.63177624
X313	-0.849168489	-0.867255072	-0.680816027	-0.487143243	-0.524194523	-0.191111958	-1.115736298	-0.93843888	-1.378271557	-0.999047335	-0.12778595	-0.850870789	-0.141512396	-0.57057608	-0.920845373	1.63438024	-0.553406155	-0.519451229	1.163833367	-0.134359328	0.472794525	0.99703129	-0.548797448	1.471056605	-0.132643608	-0.079779682	0.011657989	-0.166355418
X314	0.388872101	-0.885006137	-1.610812988	-1.660664768	0.640183846	-1.458383666	-0.141179196	-0.703427918	-1.76973408	-0.368192766	0.664678872	-0.698279102	-0.105646013	-0.403614828	0.114272901	0.096620388	0.154467002	-0.695421436	0.142940542	-0.012039274	0.091264154	0.516732379	-1.093510778	0.572841874	0.799197749	0.329456805	-0.490831941	0.99912893
X315	-1.135411767	1.702857459	-1.798835834	-1.376082891	-0.180830129	-0.831444505	-1.249082766	-1.902748053	-1.997066388	-1.636017736	1.131760383	0.148065554	-0.783185995	-0.774854697	-0.805437482	0.990863958	-0.377123381	-2.04993136	-0.230266492	-0.907427786	0.819479233	1.720932367	-2.096093654	0.800182612	-0.53958154	-0.891098784	-0.714756352	0.634919352
X316	-0.426953302	-0.038808266	-1.129091593	-1.163288081	-0.819567646	-1.438923433	-0.636262468	-0.716600067	-0.62259611	-0.234289795	0.427317376	-0.500848394	-0.63746803	-0.483419727	-0.885446157	-0.025116321	-1.038798278	-1.550148361	-0.330705467	-0.754456505	1.412952918	1.339789052	-1.314432182	0.404864394	0.136317571	-0.534679015	-1.341433207	0.784024264
X317	-0.811609957	-0.712792168	-0.172970691	-0.484553925	-0.530145631	-0.426654328	-0.725100472	-0.675281994	-1.220588588	-0.923396666	0.785743156	-0.410768465	-0.208182335	-0.497122898	-0.860789889	0.680108255	-0.903553745	0.185313807	0.093849728	0.26818751	0.654302734	0.509901415	-0.861504283	0.736841598	-0.100126898	-1.025900542	-0.572066224	0.02855535
X318	-0.664927586	-0.416058046	-1.285138214	-0.857715717	-0.901561542	-0.79986532	-0.705206834	-0.721268655	-1.100636224	-1.206686447	-0.856597125	-0.082742785	-0.605894146	-0.559746297	-0.963929123	0.521315015	-0.60167732	-0.319838646	-0.949972838	0.065188875	-0.611300966	0.385237997	-0.820920404	0.159352983	0.50795671	-1.193180424	0.015508754	0.406241823
X319	-0.984925022	-0.470706755	-1.45006907	-0.416715997	-1.760428592	-0.123869994	-0.638498118	-0.990697208	-1.280401548	-1.229491236	-0.03622121	-0.872149504	-0.743632418	-0.58022222	-0.742023502	0.268732035	-1.135605653	-0.932700685	-0.096923957	0.005316039	-0.283536669	0.561261642	-0.698830562	-0.63146301	-0.011645048	-0.542782514	-0.153190985	0.193332852
X321	0.219330862	0.50811709	-1.179448983	-0.786202619	0.071872865	-1.499575755	-0.293886137	-0.386921097	-0.896191802	-0.382595957	0.592491337	-0.07300345	-0.769035885	-1.046242425	-0.487255181	-0.304940174	0.219593003	0.050124819	-0.523893856	-1.057719786	-0.920601548	0.221399976	-0.226525483	0.349846389	-0.699888157	-0.04485981	-1.324059797	0.518524712
X322	-0.374310819	2.214595052	-0.353635082	-0.603921327	0.008618012	-1.285974548	-0.510254827	-0.422916803	-0.497758428	-0.084515421	1.500116462	-2.053473609	-1.019535849	-1.86574466	-0.349432572	0.921655634	-0.063167821	0.087291427	0.309922905	-0.249557441	2.020216008	2.33359008	0.227672385	0.898061877	-0.123173435	0.815355132	0.500165323	0.61478568
X323	-0.41623894	-0.886401987	-1.09726731	-1.051953443	-0.983079825	-1.293545141	0.130380366	-0.197590016	-1.347500329	-0.813656723	0.970637745	-1.258787323	-1.242012864	-1.251684313	0.250221915	0.151766487	-0.116840335	-1.957603756	1.921297423	-1.867099322	-1.80621148	-1.080498393	-1.43810134	0.035582355	-1.647070715	-0.516833459	0.652809835	0.208351551
X324	-0.871937043	-1.096175598	-0.748743535	-1.28466689	-0.305060708	-1.462855716	-0.72043564	-0.96970614	-0.78033608	-0.556288205	-0.023809605	-0.656535624	-1.80672193	-1.482445334	-0.707201079	-0.341341663	-0.751465623	-1.291618951	-0.500270212	-0.672574626	-0.921081273	0.200542658	-1.42173074	0.152106248	-0.503618192	-0.026408976	-0.661942133	0.948298125
X325	-0.334681912	-1.30318989	-0.639718582	-0.044605719	0.938357538	-0.727225189	-0.830339675	-1.073002307	-0.515614759	-0.284569832	-0.442179203	-1.496681833	-0.668237792	-1.67272756	-1.019019079	-0.56368225	-0.60025342	-0.84526226	0.010132758	-1.50557195	-1.356772296	0.013096861	-1.023465389	-0.255032287	-2.03394432	1.090672235	-1.418713789	1.297703036
X326	0.420839232	-0.640313494	0.076311284	0.319117811	1.678063665	0.085284246	0.4661667	0.403489034	0.246879229	0.566894808	0.732393751	-0.623224713	0.450604059	-0.244151863	0.155845335	-0.223281513	0.258495809	0.804657387	-0.076862849	-0.552659333	0.66824792	0.802053031	0.202948672	0.538914117	-0.809437797	0.849856907	1.661428132	1.018184181
X327	-1.494879394	-1.880937347	-1.604175814	-0.23138904	1.071686323	-1.089391855	-0.468197406	-0.972660315	-1.196875608	-0.732304334	0.78617137	-0.638166841	-1.327769793	-1.412783288	-0.509569786	2.074429849	-1.312353589	-0.19387857	0.193330962	-2.225899795	-1.363777857	0.059664792	-0.129129156	1.887493363	-2.246545659	1.366900635	0.303399381	1.945159033
X328	-0.187624365	0.281565971	0.147855667	0.443304863	0.657574407	0.367790768	-0.515673662	-0.446182949	0.009255079	-0.324545139	-0.736030172	-0.756832849	-0.294226667	-1.099329732	-0.888653042	-0.28334745	-0.562641546	0.550827895	0.27268063	-0.83054351	1.141401931	0.337115718	0.369122938	-0.419418614	-0.994602113	1.520962052	1.514266989	0.515184451
X329	-0.10347084	0.56620705	0.318488078	0.126014026	0.214634982	-0.055054487	0.236715936	0.098493666	-0.057003726	0.387827268	0.093672409	-0.199054733	-0.443526604	0.001093001	0.270537124	-0.529387426	0.51203596	0.362682196	-0.60727284	-0.263581471	1.617876935	1.4404202	0.751915531	-0.120709416	-0.4713366	-0.131237212	0.032994032	0.238681455
X330	-1.24849426	0.407588206	0.059527897	0.162659986	-0.449532928	-0.573314472	1.100829556	0.728919181	0.276285378	0.90214693	0.594622889	-0.005625848	0.441835883	0.103442994	0.877900724	0.346148622	0.152973898	0.855002776	1.486232579	0.910180286	1.751872239	0.423068533	0.419037186	0.942174273	-0.827678537	-1.42709275	-0.827931218	-1.299648371
X331	-0.460591001	0.189660518	-0.097181207	-1.884093654	-0.659902689	-0.906592533	1.556879727	1.100789478	0.120251972	1.165869525	1.588676606	1.054881385	-0.238934957	0.073986011	1.64067731	0.273609917	0.479662582	-0.648313304	1.613083765	1.570223947	1.201492313	0.454980678	-0.644534654	0.474554404	-0.869946598	-0.753896702	-0.479142094	-0.158467691
X332	0.022352525	1.413759867	-0.01062931	-1.174349527	-1.209149471	-0.042868005	0.854282329	0.822342209	-0.044160775	1.031168694	2.363691681	1.024936655	1.052606929	0.388711096	1.339814052	1.60581229	1.483585325	0.046423881	1.040589727	0.581729621	0.908269955	0.579876128	-0.589463481	0.337454113	-0.340904655	-0.951917791	-1.325415743	-0.409999216
X333	0.282682986	0.708633948	0.627204722	0.848404403	-1.190891918	1.213991781	1.7375615	1.535334476	1.20364166	1.694191252	-0.279790397	0.39753935	0.304938495	1.446054263	1.200145708	-1.221629979	1.687775896	0.704945147	-0.334078255	0.986110329	1.432642569	-0.39679549	0.893688598	-0.390807198	1.009803833	-1.038202501	-1.954787411	-1.566763621
X334	-0.726484929	0.580549357	0.119651475	0.210143984	-0.236629675	0.131091497	0.444404543	0.414290942	0.250208813	0.307222004	0.87801285	0.329053492	1.009839147	0.56671422	-0.089730095	-0.230202387	1.036880431	0.046162434	0.593263896	0.330597308	-0.572633671	-0.538739839	0.359471393	0.191334432	0.203188614	-1.127946974	-1.909058524	-0.508202218
X335	NA	NA	NA	NA	NA	NA	NA	NA	NA	NA	NA	NA	NA	NA	NA	NA	NA	NA	NA	NA	NA	NA	NA	NA	NA	NA	NA	NA
X336	0.327674024	2.13470289	-1.355111643	-1.553969118	-0.74105121	-0.868261325	0.285405471	0.772036735	0.042795536	0.885377364	0.027371739	1.032476335	0.218462859	-0.215435645	0.889789072	0.69599507	0.936704102	-1.55596899	-0.422608937	-0.01941473	1.511535312	1.548467164	-1.15943992	0.525674757	0.419266754	-0.819102686	-1.052098078	0.701324927
X337	-0.065960558	1.131151754	0.162490881	-0.173336014	-0.140432494	-0.201372666	0.6442876	0.353420795	0.192164085	0.948007374	-0.27613047	0.19533164	0.98295061	0.142738083	0.249694085	-0.103289046	0.693600889	-0.192968686	0.03068652	0.173814609	2.054855512	1.05682003	-0.10521272	-0.267785594	-0.098704655	-0.864770099	-0.608687163	-0.719155547
X338	NA	NA	NA	NA	NA	NA	NA	NA	NA	NA	NA	NA	NA	NA	NA	NA	NA	NA	NA	NA	NA	NA	NA	NA	NA	NA	NA	NA
X339	0.227396009	1.057691747	0.923136769	0.597361364	-0.887717414	1.483352186	1.209637038	1.797527092	2.382998619	1.295224951	-1.102985502	1.30313835	2.094221269	1.637236084	1.500655725	-1.257994411	1.734135703	0.610535848	-1.109274759	2.488142975	0.51143774	-0.684868676	0.237628511	-1.970715762	0.495985941	-0.868732839	-0.747713833	-1.91361437
X340	-1.158995177	-1.935371428	-0.970970615	-0.887990156	0.510970025	-0.662244733	-0.073495765	-0.558133769	-0.661029154	-0.57332495	1.912962614	-0.150188005	-0.741898447	-1.442924153	-0.250868214	0.846619645	-0.36862861	-0.389689615	1.701038328	-0.960020206	0.069847828	-0.854977448	-0.702026021	0.056211012	-1.705081479	-0.409494526	0.509679151	0.43119496
X341	0.586236054	0.395014097	1.065826216	1.273817962	-0.376696792	2.010259271	1.086818854	0.906112669	1.292764608	0.629189	-0.684293177	0.083438156	1.472779127	2.034137474	1.032068613	-0.359466915	-0.458102048	1.090392601	-1.119122121	0.994150741	0.789165731	-0.341793791	2.07438881	-0.712050215	-0.613035975	0.198087493	0.910241155	-0.235275928
X342	-0.086011289	-0.49688503	0.033019655	0.071299281	0.754197257	1.306120739	0.350846693	0.201798206	0.009701895	-0.035675037	0.22691909	-0.294127331	-0.494946061	0.329217095	0.031120682	0.693101976	-1.007141107	-0.105675486	1.074359775	-0.243979962	0.10610135	-0.032413868	0.222076329	0.042632294	-1.079653797	0.545180999	0.623075059	0.13297645
X343	-1.057978316	0.636635291	0.125110967	-0.110399288	-0.397384138	0.37496528	1.131127317	0.6230636	0.276450413	0.503832036	0.567876441	0.869609149	0.628172512	0.675077438	0.719189489	0.017007196	-1.308786279	-0.096568232	1.049313887	1.564318427	-0.703477618	-0.20959951	0.116308625	-0.16930089	-1.252596935	-1.327140552	-1.246392026	0.693386906
X344	-1.031740882	-0.438380119	-0.228659143	-0.675531343	0.27266341	0.121504589	0.3667312	0.223991838	-0.278699764	-0.194124315	2.131589014	0.35845408	0.233788878	-0.082372335	0.142020398	0.610166903	0.736399243	0.140257155	2.090227707	0.388794511	-0.220003173	0.237836702	-0.410013505	0.889572974	-0.834285386	0.09596792	1.111611997	0.218053486
X345	-0.194646895	1.171078272	0.015928457	-0.486453891	-0.907350033	0.091388928	0.082774509	-0.257433634	-0.111490307	0.287135102	1.184573626	0.039025898	-0.04322878	0.057608325	0.575133459	0.959013493	-1.063077965	0.413795046	0.675037875	-0.25089679	0.058921655	0.245830904	0.608519354	0.367786584	0.172365075	-0.837833798	0.538915914	0.439146334
X346	0.697300478	-0.958750382	1.026728695	1.094727771	1.57876562	0.933895827	-0.934412524	-0.333225626	1.288013305	0.463150936	-0.763606397	-0.67040028	-0.857070343	0.350405939	-1.202102841	-1.335470482	-0.325099289	1.686037542	-1.24562674	-0.581240606	-0.40656777	-0.512250153	1.628587301	-0.538463196	0.827305181	0.02890839	-0.402470079	0.014102772
X347	NA	NA	NA	NA	NA	NA	NA	NA	NA	NA	NA	NA	NA	NA	NA	NA	NA	NA	NA	NA	NA	NA	NA	NA	NA	NA	NA	NA
X348	-1.572638787	0.841738088	-1.375925035	-1.550463303	-0.879495455	-0.618003713	-0.228017873	-0.616716559	-1.131550663	-0.719419666	0.364384938	0.028662602	-0.430357913	-0.844860159	-0.460888328	0.668224021	-0.775526861	-1.460850128	-0.265726677	-0.321413908	-0.027105474	1.183621234	-1.056683393	0.345255474	-0.447397709	-0.672013233	-1.143566037	2.170091658
X349	-0.629715996	-1.304400557	-0.088679067	0.146552917	-0.417495972	-0.093722325	-1.088245962	-1.09098286	-0.518186827	-1.644121146	-0.224469222	-1.351790428	-1.33759705	-1.130181702	-1.317127999	-0.164705027	-0.345521739	-0.986966464	-0.061677737	-1.417278186	-0.932565769	-0.042178323	-0.716455505	-0.290569764	-0.794269064	-1.274814932	0.602085416	0.386201525
X350	-0.791435241	0.09985294	-0.90166479	-1.032478128	0.758044953	-1.50395853	-0.698471843	-1.143496617	-1.211393353	-0.74737734	1.573883477	-0.70420416	-0.795978459	-1.303546714	-0.168714449	0.761359379	-1.125203349	-1.293551822	0.42204135	-1.058484717	0.162469344	0.48893419	-1.298686104	1.698658413	-1.003257084	0.445002587	0.005994357	0.999889942
X351	0.553185964	0.370641253	1.67690114	2.188732491	-0.296964158	0.63801156	0.183056565	0.513915078	1.180090022	0.717266342	-0.789404308	0.31446657	0.931949669	0.919461153	0.866095703	-1.14752428	0.505468721	1.027782653	-0.871180971	0.322376798	-0.009770281	0.033733989	1.11213903	-0.961531252	-0.316706249	1.589773319	-0.420565483	-1.223852533
X352	0.208892067	-1.410918644	0.976271976	1.551066752	-1.018756594	0.367244374	-1.239553308	-0.75693627	0.083012276	-1.124689078	-1.271323016	-1.682148588	0.045430258	-0.11831977	-0.886213164	-1.710498299	-0.8718245	0.503678943	-1.648031558	-0.024312985	0.173813876	-1.10373346	0.277746602	-1.130611866	0.478381563	0.171527945	0.044859153	-1.568834817
X353	0.739110257	0.292602364	0.067796194	-0.040101869	0.341266458	-0.289127297	-0.414245195	0.05099754	0.177874757	-0.253904138	-0.34396619	-0.028181493	0.757796447	-0.233020789	-0.314931319	-0.367752514	-0.075194201	-0.506062074	-0.221514516	0.349764941	1.138917227	0.404131601	0.29828093	-0.24048144	-0.505682179	0.139461567	0.606495294	-0.038206456
X354	0.861577263	-0.934253175	0.78581445	0.823840429	0.193900772	1.236163434	0.440820943	1.281972002	1.617878272	0.867618659	-1.610201164	0.386515256	0.818361041	1.429552881	1.110252072	-0.597671956	0.747936846	0.753530761	-1.303947802	0.864256094	0.500192483	-1.068963045	0.790967865	-1.560466693	0.091482667	-1.070567956	-1.145283901	-1.288650088
X360	0.914762111	1.287900604	1.3490859	1.003296552	0.055039309	0.707453892	0.702954598	0.681453393	0.607752416	1.998559281	-0.629294295	-0.584185776	1.214030558	0.76968927	0.125261372	-0.802187408	-0.057055257	1.415670202	-0.650596015	0.28670877	1.493794147	1.014147195	0.859591004	-0.451441695	2.136592429	-0.106949867	0.595818692	-0.956214541
X361	0.686329884	0.984860182	0.575512533	0.659521973	0.390154901	0.529113244	2.260200192	1.707380737	2.075832387	1.710601041	-1.330398609	0.759300292	0.970003529	1.682096445	2.211972661	-0.964294276	1.229840184	2.032060801	-0.041426026	1.166957968	0.368489714	0.095284678	1.262300502	-1.236800848	-1.60277881	-0.023397435	0.111682395	-0.504556086
X362	-0.724526603	-1.168299302	2.052061808	1.159920671	-0.451156887	1.621425859	0.057597535	0.954583171	0.71907384	0.257330331	-0.886880596	-0.023052471	-0.318171116	1.26370539	0.388432709	-1.290624279	-0.10167892	0.192940469	-0.816922642	0.337651776	-0.428548862	-0.822107194	-0.165297261	-1.488225996	-0.542558064	-0.579029728	-0.477012766	-1.187974168
X363	0.840031282	-0.489964761	-0.853723464	-1.08302747	-0.51729838	-0.557190077	0.603596714	0.543006459	-0.531209662	-0.376673262	0.325763547	1.734777313	0.196755484	-0.284503818	1.01939738	1.703263735	1.541109093	-0.71395933	0.664758247	2.034058243	-0.730854251	-0.279875926	-0.466604212	0.254988761	0.413709149	1.835801159	-0.229756331	-0.597953172
X365	1.105735006	1.385551735	0.627504346	0.602674835	0.945100475	1.044528072	1.617521463	2.05771029	0.868058413	1.264667336	-0.956886298	1.105745555	2.170218365	0.740963717	1.625333044	-0.495630253	0.575756337	-0.249857286	-0.523912847	1.323905327	1.278635428	1.376807741	1.018276942	-0.671844564	0.704496574	0.604546731	0.727227547	-0.863774743
X366	0.146737941	0.044978201	-0.686151114	-0.828469251	-0.490657871	-1.190704924	1.394570716	0.151660766	-0.278298801	0.071248498	1.107893235	1.44134532	0.126485085	-0.458000478	0.313647859	0.594985644	0.784557612	-0.528875995	1.002181379	-0.375570531	0.318983367	0.720243519	-0.41669166	0.34540475	1.153958866	-0.427122911	-0.232911903	0.91843743
X367	1.817360367	0.092684664	0.300581295	0.347806374	0.147119297	0.431952424	-0.472385623	-0.02310791	0.154547759	-0.330895607	-0.034441788	-0.456167144	-0.51749943	-0.258160039	-0.675272318	-0.13549607	0.351820637	0.40632356	-0.035170719	-0.132857782	-0.183505353	-0.280075872	0.009384468	-0.280091284	1.65267139	1.965789267	1.271389821	-0.307566729
X368	1.54507942	-0.492996755	0.410192957	0.255232853	0.289915593	0.485632821	0.323469671	0.793839015	0.37222549	1.154068053	-0.458708879	1.454570349	-0.176188628	0.857458196	0.885989414	-0.053004366	1.968431288	0.789685923	-0.501690169	0.735182151	-1.710378458	-1.347013787	-0.011139191	-0.845176233	0.186248293	1.298729516	2.19998283	-0.235367198
X369	-0.078221401	-0.74167992	-0.13730043	-0.32262027	1.743762692	-0.137175885	-0.340200363	-0.45280458	0.020516254	0.097340629	-0.240379668	-0.373597757	-0.853529096	0.154961685	-1.115765697	-0.517067914	-0.389414092	0.359553574	-0.277096222	-1.2678586	-1.207896886	-1.82609375	-0.024979381	0.197810581	0.222759264	-0.743142412	-1.077938715	0.996651633
X370	-1.484513538	1.846600648	-1.682327499	-0.277940085	-0.972346329	-0.506206765	-1.83985212	-1.972446802	-1.737951284	0.576357851	0.189344716	-1.265547041	-1.966567917	-1.91385036	-1.392403534	-0.854312762	-1.966169306	-1.702450043	-0.513764103	-1.897979579	2.034685346	2.24811039	-1.749225209	0.768686135	-1.729628568	-1.499339298	-0.368725704	-0.453773036
X371	NA	NA	NA	NA	NA	NA	NA	NA	NA	NA	NA	NA	NA	NA	NA	NA	NA	NA	NA	NA	NA	NA	NA	NA	NA	NA	NA	NA
X372	NA	NA	NA	NA	NA	NA	NA	NA	NA	NA	NA	NA	NA	NA	NA	NA	NA	NA	NA	NA	NA	NA	NA	NA	NA	NA	NA	NA
X373	0.120005726	0.081199706	-1.146990541	-1.072033684	0.129372163	-1.008056035	-0.269879718	-0.477788413	-0.897365262	-0.606250562	0.913222483	0.740127284	0.389382225	-0.749256826	-0.401633137	1.678618568	0.246831951	-0.876670607	1.014431792	0.506509748	-0.359702437	-0.561181253	-0.83181906	0.720223824	1.065433592	-0.632494022	-1.17683774	0.22308224
X374	NA	NA	NA	NA	NA	NA	NA	NA	NA	NA	NA	NA	NA	NA	NA	NA	NA	NA	NA	NA	NA	NA	NA	NA	NA	NA	NA	NA
X376	0.010171368	-1.359355139	-0.474505463	-0.288883374	-0.252773491	-0.894421863	-0.794042957	-0.745716835	-0.876174143	-1.341582702	0.585422393	-0.987569073	-0.604237745	-0.896968792	-0.168503984	0.348573034	-0.038152729	-0.768963501	0.105925892	-0.797555396	-1.969806714	-1.620456823	-0.99757522	0.417650555	-0.51818666	0.655776497	-1.114597479	-0.076229386
X377	-0.489352703	-0.32257127	-0.082221912	-0.268629941	0.278799968	-1.214400327	0.197194273	-0.443616222	0.018687368	-0.040450458	-0.031307048	-0.45831684	0.018841321	-0.386091644	-0.34853332	0.360362421	0.939987659	0.239886078	0.210750152	-1.173556568	-0.278695094	-0.551509176	0.134281095	0.391531605	0.00452084	0.015917445	-0.329851741	0.902661264
X378	-0.999497214	-0.539483486	-0.522574116	-0.628810144	-1.329132526	-0.733748655	-0.23669106	-0.398928592	-0.909060716	-0.995180873	0.933612019	1.541359152	0.047219184	-0.228162373	-0.220774922	1.565606079	0.84727158	-0.453448963	2.055460114	0.297568841	-1.613206494	-0.737290614	-0.645982051	1.3475484	0.803880112	-0.527528917	-0.318250611	0.266130599
X379	-0.492771134	-0.323944728	-0.944433553	-1.236572854	0.446886018	-1.14584054	-1.525475726	-1.261726616	-1.234497705	-1.15488868	0.017159537	-1.223445672	-1.005143375	-0.960967901	-1.555433637	0.095016593	-0.444595644	-0.997236301	0.391177856	-0.59887565	-0.08037927	0.485797199	-1.408903499	1.232522353	0.945244997	0.913832047	1.551605876	1.368005926
X380	0.57271779	0.480711248	1.819883415	0.923452784	1.51401747	1.490053166	1.319867547	1.680516384	1.729315325	1.784362276	-1.336294771	-0.708855006	1.145694879	1.577546527	0.732807604	-1.528446475	1.644346186	1.233385083	-0.880391341	-0.170546319	1.907189959	0.459872027	1.754227546	-1.363510493	1.059428894	0.606475526	-0.821244747	-0.897857444
X381	1.747845866	-0.198471089	1.298670522	1.854441701	0.078209047	0.724998624	0.306681658	0.158161364	1.302225587	0.93228752	-1.017931919	-0.628994624	0.721589441	1.306278171	-0.950517053	-0.540899417	0.676269867	1.8272312	-1.299380169	1.372769465	1.262345562	0.614282923	1.217650443	-1.116871635	1.813739016	0.843273928	0.67275441	-1.469690061
X382	NA	NA	NA	NA	NA	NA	NA	NA	NA	NA	NA	NA	NA	NA	NA	NA	NA	NA	NA	NA	NA	NA	NA	NA	NA	NA	NA	NA
X383	NA	NA	NA	NA	NA	NA	NA	NA	NA	NA	NA	NA	NA	NA	NA	NA	NA	NA	NA	NA	NA	NA	NA	NA	NA	NA	NA	NA
X384	0.742699571	0.347810695	-1.360337183	-1.309724123	0.957642513	-1.385319017	1.475526298	0.411222073	-0.417146877	1.133538091	0.559188608	1.490844382	0.949986502	-0.515942504	1.180029015	1.197780244	1.056318878	-0.355599402	-0.55867909	1.790562526	0.138354686	1.665337186	-0.561908719	1.257468756	0.061127185	0.929968895	1.781770908	1.34833167
X385	-0.970633229	-0.543016328	0.232185453	0.832554314	0.518551107	0.708730648	-0.838895671	-0.865963345	0.260957015	-1.247835315	-0.498063821	-1.195983463	-1.039374566	-1.078819752	1.067757518	-1.078732223	-1.159063902	0.358590752	-0.246938049	-1.075254723	0.213048316	-0.458304259	0.305547356	-0.538896872	-0.911821341	1.791050716	1.200696925	-1.254083862
X387	-0.32755326	-1.214219078	-0.63389162	0.18628419	0.58902199	-0.426551288	-1.402396932	-1.466694154	-0.73952647	-1.131601948	-0.313236048	-0.984778998	-0.938808031	-1.066919145	-1.470744114	0.261766519	-0.792422705	-0.234186206	0.265216795	-1.135454691	-1.006667497	-0.855305232	0.051047191	0.554050256	-0.412564624	-1.367300813	0.170432699	0.75871927
X390	0.213839173	1.690860029	0.972831444	1.310552344	0.205308184	1.295636515	0.533578168	0.95738898	0.897037015	0.516645929	-0.838440061	-0.015764618	1.517940409	0.944674456	0.068655198	0.557040809	0.465896313	0.877157684	-0.387006694	0.548502997	0.64768372	0.272014349	0.883355404	-0.933563765	1.023201652	0.037521291	0.288289772	-0.506860974
X391	-1.352341186	0.980337273	-0.846431562	-0.712607113	-0.114461836	-0.810961439	-0.626179025	-0.034348593	-0.914401338	-0.30224587	1.751564401	1.636645517	-0.114880539	-0.558664208	1.371035445	-0.145930424	-1.377264651	-1.327649493	0.425294867	0.328647057	-1.017555927	-0.389415795	-1.408004462	0.803376322	-1.453830554	-0.35570639	0.677456454	2.164983906
X392	0.31169888	0.341205511	0.334618433	-0.561463608	-0.075342863	0.090594456	0.703491828	1.091304798	0.067293699	0.175511548	0.036615024	0.818395984	0.172957573	0.482997303	0.141256432	-0.555643792	0.745478246	0.37319298	1.500243068	0.80728685	-0.860294078	-0.322286213	0.386864639	0.288471068	0.423767252	0.31041512	-0.291721049	0.437527622
X393	-0.610768089	0.524256914	-1.128919645	-0.891252041	-0.926207902	-1.278365695	-1.201729959	-1.184698914	-1.295504627	-0.697476375	1.247544352	0.144732537	-0.807757388	-0.517672562	-0.190031497	0.441837609	-1.2635304	-0.803439279	1.778044818	0.033805449	0.023380755	1.406007732	-0.405431582	1.889794762	-0.720769641	-0.91246953	-0.149963633	1.117399918
X394	-0.630712289	-0.371615525	-0.146018071	-0.92495013	0.197399569	-0.163653649	0.054995632	-0.254001033	-1.312523214	-0.551193351	0.819799339	0.846203871	0.12622118	-0.078546577	-0.212356397	0.128653381	0.09755524	-1.054262043	0.740235209	-0.915114552	-1.423617022	-0.928711311	-1.054616799	0.837678322	-0.866810374	0.787279559	-0.985390196	0.998740978
X395	-0.039264452	-0.293467126	0.303268203	-0.006063869	-0.088795968	0.345241202	0.028092297	-0.053658891	0.371754632	0.106407558	0.181447338	-0.688892281	-0.305999416	0.338977739	-0.478161926	1.017096106	-0.258499955	-0.080998999	0.704715057	0.040858203	0.345356206	-0.15072579	-0.231606295	-0.265881529	-0.225634843	-0.76625577	-0.566542107	-0.283333182
X396	-0.465380486	-0.838961846	-0.146236555	-0.007580467	-0.593847048	-0.767404863	-0.85275338	-0.855673648	-0.203888639	-0.392916725	-0.210742635	-0.19900494	-0.645509459	-1.001659906	-1.075969818	1.892820169	-0.749201198	0.035346765	-0.649563958	-0.891808457	-0.402466017	0.222753407	-0.865454475	0.355717338	0.05734011	-0.382076622	-0.204361276	0.374743967
X397	NA	NA	NA	NA	NA	NA	NA	NA	NA	NA	NA	NA	NA	NA	NA	NA	NA	NA	NA	NA	NA	NA	NA	NA	NA	NA	NA	NA
X398	-0.68108875	-1.15649052	-0.45159575	-0.338255576	-0.354336701	-0.055684954	-0.502382504	-0.548526332	-0.32367192	-0.869916787	0.50945886	0.193158506	-0.910340906	0.065241053	-0.62695432	-0.41992892	-0.223781587	-0.626013856	0.076111067	-0.347126531	-1.304823679	-1.195347051	-0.151696072	-0.339613682	-0.5373631	-0.584788597	-1.001434778	0.581832304
X399	1.095614229	0.703579235	0.885097492	0.822526111	0.452775946	0.907127759	0.766727095	0.627292236	0.843688636	0.656825706	0.383077451	0.047942655	0.384361771	0.654623519	0.562938678	-0.290580339	0.226385592	0.834970267	0.230136529	-0.177621919	0.02421446	0.279999899	0.808962334	-0.161374218	0.777306046	0.343433721	0.906572914	-0.351810887
X401	0.040981423	1.237702983	0.559159123	-0.24511951	0.55947718	0.686459945	2.156987745	2.080966635	0.284083835	0.640674235	2.229863174	1.241014984	1.969391911	0.991595714	2.12503187	1.272190635	1.379867728	0.597317564	1.016455134	2.206100484	1.022283247	0.089630136	0.270953175	0.351766739	-0.429641336	0.445799158	0.02007582	-0.333526569
X402	0.863034053	0.720133522	0.619025071	0.471585413	1.308569053	0.679556914	0.228844843	0.043076579	0.539921545	1.218528273	0.663510827	0.498230456	0.746733044	0.458408606	0.872186213	-0.359263475	0.482284061	0.423465252	1.420985857	-0.225905728	1.156638279	0.752797467	0.516519435	0.503225541	1.791716208	0.92325757	1.455381241	0.348476899
X403	1.501066577	0.678389363	2.092906822	2.178417486	-0.281865208	1.381662649	0.544095482	0.754642338	1.378861739	0.227160481	-1.644165594	0.38915084	0.734170158	1.408275817	-0.113275075	-1.150721729	-0.458217248	2.085020483	-1.601810225	1.197499536	0.36906077	-0.75559619	1.153545834	-1.654204219	0.672082421	1.218161823	1.98587975	-1.416313642
X404	-0.135408865	0.48157359	0.392819604	-0.07128248	1.816356368	0.455208067	1.062349832	0.624569645	0.561946152	1.45441945	-0.486054953	-0.120323214	0.690504083	0.393349525	0.384696215	0.484674336	0.364842736	1.055713602	2.385110197	-0.283493355	0.126041993	-0.217042763	0.705103935	-0.394675578	1.658385476	-0.202384241	0.785285108	0.713657422
X405	-0.145910014	-0.137737461	0.446684508	0.495498722	-0.059342382	0.800788015	0.284738016	0.244320261	0.750443142	0.078722845	-0.86678337	1.000036554	0.809647345	0.438376078	0.489935697	-0.399751315	1.135959223	1.397477643	1.090734174	1.263274219	0.040299409	-0.513293255	0.874544553	-0.780949362	0.453743672	-0.043851511	0.416735844	-0.433540116
X406	-0.967842018	1.864997597	0.944560832	0.873845521	0.584420064	0.561371533	0.875636845	0.695256485	0.682993786	1.712626082	-0.588389812	-0.106990407	0.648306746	0.48658426	-0.265938749	0.77083162	-0.189997161	0.785444489	-0.482629982	0.406669928	0.901216373	1.776259088	0.881427504	-0.204884572	0.899424777	0.106988185	0.705538212	0.018206168
X407	0.158439411	-0.88551558	-0.22917912	-0.261242982	-0.819692386	-0.202173931	-0.366226063	-0.694357642	-0.802950024	-0.772863154	0.253769917	-1.000535465	-0.542706753	-0.522412784	-0.98519282	0.598309627	-0.759006965	-0.720740355	0.514269654	-0.429747387	-0.517315413	-0.425425603	-0.479154975	1.126021502	-1.462034481	0.624537478	-0.922925036	0.558974308
X408	-0.919434274	-0.11385279	-0.487125204	-0.633695029	1.419988252	-0.33943965	-0.512252013	-0.450483291	-0.105229795	0.09405806	0.491438062	0.430324054	-0.118094444	-0.57687498	-1.173742163	-0.774730677	-0.442664041	-0.153478379	-1.316094124	-0.908184875	-0.055545357	0.867116927	-0.379460771	-0.630071588	-0.793201721	-0.598797764	-0.885442914	1.96023734
X409	0.328707297	1.301499073	0.834602949	0.755208025	-1.063070915	0.229830342	0.305379947	0.364615154	0.397724062	0.124445319	-0.229532638	-0.80311603	1.656128377	0.326160879	0.385216128	-0.16393785	0.30335231	0.348660494	-0.681371401	0.950929795	1.945684725	1.102583717	0.273150705	-1.088112145	1.290201935	-0.711129125	0.32434113	-1.22573455
X410	NA	NA	NA	NA	NA	NA	NA	NA	NA	NA	NA	NA	NA	NA	NA	NA	NA	NA	NA	NA	NA	NA	NA	NA	NA	NA	NA	NA
X411	0.179763131	1.111646375	0.108604381	0.124722822	-1.030454478	0.427490542	0.91858081	0.962637819	0.241811098	0.70820327	1.360859505	2.20073683	1.489954828	1.062966434	1.322777343	1.501785811	1.124957394	0.319466998	1.588020871	1.49754355	0.673350026	0.05635229	0.340391945	0.594939009	-0.175114076	0.411094547	1.218546983	0.002778901
X412	0.602561922	0.230584937	0.140123036	-0.001781665	-0.607001291	0.089388061	0.20408962	0.195272108	0.138861546	-0.157607461	1.133433118	1.10752509	0.287507251	0.161684991	-0.095065532	-0.00693493	-0.178467022	0.055772354	0.545540021	0.870619313	-0.652838913	-0.98233962	-0.011762029	0.365280246	-0.178837171	-0.853787267	-0.096949543	-0.352600371
X413	-1.443229639	-0.247723138	1.32869	1.534008777	0.785074913	1.033220331	-0.287868891	0.127897173	2.007747965	0.740322815	-1.170176987	-0.373628637	0.063102315	0.323427482	-0.344471774	-1.255532715	-0.213673083	1.581287155	-0.777860666	-0.851481789	0.585168397	-0.162074021	1.497315692	-1.215240768	0.712118923	-0.729315406	0.35005198	-0.3250446
X414	-0.216286613	0.417223436	1.562227027	1.370438968	-0.437287607	1.994696607	1.472819517	1.166112797	1.548089661	0.953872788	-1.248270524	0.735692906	0.598712017	2.073015697	0.584333138	-0.823514165	-0.041839524	1.189485323	-1.045764925	0.953241789	0.201127035	-1.025469299	2.10813939	-1.371851768	0.709586955	0.197006935	-0.155273616	-0.902917552
X415	0.326667201	0.830986473	0.930615659	0.94168425	-0.877149785	1.346256962	0.760152517	1.3476067	1.045851756	0.782676867	-1.25408836	0.525108515	0.028013351	1.440489883	0.379907294	-1.086316151	0.474245821	0.671687403	0.789804465	0.297372891	0.531153234	0.670223102	1.319999093	-0.518980546	-0.241804346	-0.054605127	-0.006395201	-0.712797001
X416	0.80750451	0.833980957	-0.870620349	-1.376986605	-0.758448909	-1.111247442	0.393517981	-0.099265975	-0.63494397	0.61006665	-0.395273473	1.299493343	-0.087700459	-0.28867581	1.549596349	-0.213724895	-1.477487184	-0.939587962	-0.322937249	0.123561266	0.228448445	1.858098455	-0.952809769	0.426317899	-1.670174777	0.042136912	-0.241215271	1.079166341
X417	-0.325892053	-1.701969417	-1.351310402	-1.27764656	1.031104435	-0.867491981	-1.049727026	-1.316407504	-0.666832241	-0.517295946	0.53408267	-0.784940194	-0.637396253	-1.07738659	-1.708746061	-0.653475081	-1.139156625	-1.305928166	-1.014923667	-0.803732679	-0.417416107	-0.168453329	-1.353064224	-0.376776134	-1.010160872	-1.481201264	-0.829370851	1.175408793
X418	-1.204754922	-0.20335733	-1.240853129	-0.730993907	-1.829908553	-1.488110869	-1.303477685	-1.082058193	-1.42503802	-1.805373752	1.029778286	-0.389568981	-0.883774839	-0.583284107	-0.470770031	1.149464224	-0.314299499	-0.635216974	-0.358915508	-0.198877303	-0.755083911	0.740377386	-1.026430791	1.665237807	0.356188096	-1.044446533	-0.942247124	0.1604582
X419	-0.82059629	-0.498953531	-0.18550205	0.048757736	-0.215333583	-0.019517011	-1.371387139	-1.515452307	-0.376522506	-1.000868912	0.298895512	-1.30006572	-0.852938218	-0.949989804	-1.44929221	0.205947731	-0.973820474	0.033175828	0.020300132	-0.057182982	0.099004664	0.455596043	0.110220356	0.987763234	0.227973852	-1.781822765	0.390350599	0.477258457
X420	0.018574561	-0.622962813	-0.628897582	-1.79975311	0.853205583	-0.769339886	-0.61698272	-0.740846509	-0.491600488	-0.53100479	-0.119269333	-0.529768603	-0.657414173	-0.35288525	-0.9571607	0.366812916	0.585068724	-0.477509655	0.223958845	-0.014971968	-0.111280414	0.44983711	-0.720018809	0.467885066	0.965985192	-1.33466806	1.02267088	0.74132045
X421	NA	NA	NA	NA	NA	NA	NA	NA	NA	NA	NA	NA	NA	NA	NA	NA	NA	NA	NA	NA	NA	NA	NA	NA	NA	NA	NA	NA
X422	-1.892511816	-0.686585424	-1.772890478	0.742536998	-0.546051789	-1.536067788	-0.280221674	-0.363184624	-1.760354306	-0.687462498	-0.636782751	-1.571173344	-1.531784993	-1.506979703	0.918281828	-1.559589427	-1.790383037	-1.668075982	-0.593196103	-1.177538887	-0.223074893	-0.534125132	-1.693031212	-0.679308583	-1.675444436	1.876104125	0.558305609	-1.605888058
X423	-0.906447147	-1.20844697	0.335145125	0.48896093	-1.547815129	-0.180653028	-0.728927574	-0.444062885	0.090971996	-0.719276119	-0.091414451	-0.536436287	-1.044344303	-0.349015768	-0.857243083	1.061136978	-1.361852858	0.285486762	0.283157493	0.426939159	-1.378558132	-1.171878587	0.068420424	1.125065259	0.076878875	0.546015197	-0.169006251	0.661560588
X424	-1.566114459	-0.375073225	-0.362216766	-0.390641927	0.496470084	-0.60752938	-1.277101592	-1.005007019	-0.805850584	-0.964189317	0.099871503	0.72736327	-0.769773145	-0.267934849	-0.743232347	0.289731753	-0.648400498	-0.28893044	0.455442909	-0.744351767	-0.727925672	0.093960658	-0.443489481	-0.062898533	0.316594826	0.326053425	-0.708278731	1.497591798
X425	1.794704156	-0.133539742	-0.01566331	-0.645883716	0.360359145	0.416181619	0.214940949	0.22481018	-0.163118234	-0.149514193	-0.35814096	0.859084729	-0.312094136	0.775871723	0.027466724	-0.390569227	1.7162703	0.056040632	1.059332884	0.601223321	-1.064905479	-1.620555845	-0.02625283	0.063607507	0.209846199	0.862537543	-0.13292733	-0.132711464
X426	1.035680559	-1.228890712	-0.309702221	-1.077748389	-0.434687071	-0.038291422	-0.079855935	-0.063175796	-0.252237035	-0.459471369	0.625477744	0.001855649	-0.006795143	0.075326552	0.005070768	-0.776061226	0.49987781	-0.962576673	-0.129398813	0.25777215	-1.302334923	-1.578219674	-0.596608482	-0.078594986	-0.690679598	-1.342294071	-1.654217739	0.004555775
X427	NA	NA	NA	NA	NA	NA	NA	NA	NA	NA	NA	NA	NA	NA	NA	NA	NA	NA	NA	NA	NA	NA	NA	NA	NA	NA	NA	NA
X428	NA	NA	NA	NA	NA	NA	NA	NA	NA	NA	NA	NA	NA	NA	NA	NA	NA	NA	NA	NA	NA	NA	NA	NA	NA	NA	NA	NA
X429	-0.815028911	-1.021063321	-0.942162612	-0.346047551	0.653407559	-1.357687383	-1.758232402	-1.831988665	-1.205290386	-1.527430682	1.60484165	-0.148165449	-1.2697268	-1.252175633	-1.486088075	2.354431992	-0.938628206	-1.185551409	0.548335758	-1.32019301	-1.827954483	0.494201588	-1.207554517	2.174852496	-0.764622496	-0.569933704	-0.833720986	1.78919669
X430	-0.44046579	-0.479252364	-0.846595142	-0.478158344	-0.201153592	-0.757661846	-0.974364368	-1.024277547	-1.171285367	-1.466009652	1.000334948	-1.271465183	-1.639811995	-1.596511988	-0.536351338	0.419856524	-1.444913805	-0.230420512	-0.105180543	-1.175810103	-1.545591058	-0.872122251	-0.293739891	0.838609415	-0.744987784	-0.469468553	-0.244377955	-0.362865186
X431	-0.581688581	0.410611001	-1.109481017	-0.906996175	0.13919707	-1.030538904	-1.081572518	-1.342456825	-1.111877502	-1.323498145	0.172711373	-0.163423152	-0.419128408	-0.869300675	-1.102245362	0.649424643	-0.580031656	-0.241664638	1.208997291	-1.719421121	-0.939834137	1.241831864	-0.887246766	1.441852911	-0.544726244	1.436866593	0.781431666	1.088981793
X432	-0.640505516	-0.168175588	-0.165838069	-0.127231217	0.738653178	-0.342347587	-0.348691844	-0.278222263	0.160532367	-0.180050676	0.107763597	0.024055102	0.133460066	-0.084465059	-0.468417133	0.860855144	-0.068217479	-0.835080281	0.801334149	-0.336741015	-0.45291264	-0.392198492	-0.102496893	-0.109746407	-0.108345408	1.023513972	-0.866170066	0.512414591
