probe	rsid	chr	pos
5260070	1:935492	1	935492
5570309	18:186741	18	186741
2710358	18:661647	18	661647
1190142	18:2916054	18	2916054
510224	18:2917223	18	2917223
6860202	3:53286932	3	53286932
2900110	3:56686329	3	56686329
6370672	3:56728899	3	56728899
6250435	3:56787451	3	56787451
4900338	7:156449456	7	156449456
4590612	7:156667051	7	156667051
1580427	6:24689311	6	24689311
3450201	6:24909729	6	24909729
5550066	6:25098265	6	25098265
6450022	6:25277419	6	25277419
5080020	6:90022921	6	90022921
6480209	6:90092802	6	90092802
1260288	6:91311127	6	91311127
360017	6:149980727	6	149980727
6580612	6:150154500	6	150154500
6220487	6:150023868	6	150023868
1240725	17:33570441	17	33570441
2710373	17:74002056	17	74002056
1340750	17:74035444	17	74035444
5490324	17:7161628	17	7161628
2360131	17:7156447	17	7156447
1170022	17:7150552	17	7150552
4180491	17:7162451	17	7162451
7650639	17:7363088	17	7363088
3180600	17:45964861	17	45964861
6620075	17:46097153	17	46097153
430445	17:46152559	17	46152559
130446	17:46201916	17	46201916
3460097	17:46581184	17	46581184
6860164	12:10114620	12	10114620
7320348	12:10251020	12	10251020
6590451	12:10283711	12	10283711
7510132	12:10303535	12	10303535
3130593	12:10303535	12	10303535
20673	19:583450	19	583450
6020661	12:82755254	12	82755254
510064	12:51138862	12	51138862
7510392	12:51138862	12	51138862
1850379	12:51454786	12	51454786
4150575	12:51491561	12	51491561
780427	12:51468512	12	51468512
6760291	12:120943441	12	120943441
4560528	12:121039432	12	121039432
110441	12:121177778	12	121177778
2060605	12:121660787	12	121660787
6550382	12:121680460	12	121680460
2000020	12:121680460	12	121680460
7160400	1:165599858	1	165599858
1820044	1:165667781	1	165667781
1500246	1:231134867	1	231134867
6590475	1:100818728	1	100818728
4290390	1:101187219	1	101187219
3450452	1:10271688	1	10271688
7040707	1:10271688	1	10271688
50224	1:10486123	1	10486123
6100010	1:151838092	1	151838092
2320653	1:53392908	1	53392908
1010730	1:53432786	1	53432786
4780411	1:53791998	1	53791998
4070242	2:3473727	2	3473727
6620278	2:3497870	2	3497870
2690608	2:3622912	2	3622912
6330647	2:3622912	2	3622912
4540241	5:139689454	5	139689454
4290075	5:139981123	5	139981123
380189	5:140005377	5	140005377
1940646	5:89826193	5	89826193
4860379	5:92976340	5	92976340
4210403	5:36685798	5	36685798
1570154	7:23272144	7	23272144
3610619	7:23550893	7	23550893
1820286	7:23746585	7	23746585
580403	7:24796693	7	24796693
3120519	7:105752691	7	105752691
1940647	7:106957161	7	106957161
3780270	7:106958469	7	106958469
2750608	7:66193117	7	66193117
6380612	7:66783479	7	66783479
1470762	7:70144848	7	70144848
6370538	7:73091122	7	73091122
1940068	7:73149302	7	73149302
6110592	7:73149302	7	73149302
2810326	7:73267473	7	73267473
1980400	7:73481549	7	73481549
4250609	7:144532104	7	144532104
70601	7:148238713	7	148238713
7400102	22:26816558	22	26816558
5130487	22:26826110	22	26826110
2570441	22:26904965	22	26904965
3390301	22:29495079	22	29495079
5310445	22:29485708	22	29485708
2510523	20:391025	20	391025
3780717	20:631139	20	631139
2230491	22:42126301	22	42126301
4640102	22:41976939	22	41976939
1340326	22:41954919	22	41954919
2640132	22:42190309	22	42190309
2070523	22:42423110	22	42423110
6020632	22:42475568	22	42475568
6580132	22:42581248	22	42581248
3130598	22:42906950	22	42906950
4590441	22:43029809	22	43029809
3610072	22:43123873	22	43123873
6510735	4:169343044	4	169343044
5810750	4:169861819	4	169861819
4760674	4:170506703	4	170506703
1050132	4:10475771	4	10475771
450114	4:15617551	4	15617551
610768	4:16170210	4	16170210
6900450	4:17518920	4	17518920
3290292	4:17599837	4	17599837
3930541	10:124086665	10	124086665
6650324	10:124064829	10	124064829
6220372	10:18945443	10	18945443
2340564	10:18941614	10	18941614
1710753	10:18941614	10	18941614
5960021	10:22835923	10	22835923
1410037	10:22833063	10	22833063
2030270	10:98357561	10	98357561
7400719	10:99205731	10	99205731
2230528	10:99243326	10	99243326
4260689	10:70235027	10	70235027
360500	10:70825604	10	70825604
7550484	10:70825604	10	70825604
4010187	13:96610811	13	96610811
990128	13:97863296	13	97863296
2450546	13:97863296	13	97863296
3120170	13:36898619	13	36898619
7400279	13:37022701	13	37022701
5700424	13:37598113	13	37598113
5420376	13:40218606	13	40218606
3180315	16:58028860	16	58028860
4150176	16:58202089	16	58202089
6520382	16:58551360	16	58551360
3610440	16:79510377	16	79510377
6400025	16:81038766	16	81038766
6550373	16:81056441	16	81056441
2480424	16:81971403	16	81971403
4010086	16:83999653	16	83999653
3390020	16:84092382	16	84092382
5310114	16:84092382	16	84092382
2470128	16:84158248	16	84158248
5270747	16:84165620	16	84165620
1230192	16:28988269	16	28988269
1470014	16:2877634	16	2877634
4920162	16:2930344	16	2930344
3460132	16:3010510	16	3010510
3440754	16:3107949	16	3107949
1400274	16:3107949	16	3107949
5340053	9:88607988	9	88607988
4180364	9:88721401	9	88721401
5700220	9:90160010	9	90160010
5570187	9:91451163	9	91451163
6280082	9:91998121	9	91998121
4880408	9:92020865	9	92020865
6660398	9:137813818	9	137813818
3170722	9:27032385	9	27032385
940630	9:27338480	9	27338480
510347	9:27599607	9	27599607
7570022	9:27599607	9	27599607
2510026	9:27558918	9	27558918
3780370	9:27541041	9	27541041
3990411	9:27558238	9	27558238
1300632	9:32457189	9	32457189
4760703	9:32455262	9	32455262
5720131	9:117423075	9	117423075
1500180	9:120478131	9	120478131
5690228	9:123151125	9	123151125
4260017	9:123166919	9	123166919
1260136	9:123368911	9	123368911
2320722	8:142204326	8	142204326
7150753	8:142339763	8	142339763
1470706	8:143782614	8	143782614
4890270	8:143928233	8	143928233
6200161	22:17597713	22	17597713
4010427	22:17677699	22	17677699
6860543	22:18075263	22	18075263
7200452	22:18197053	22	18197053
5690382	8:22324682	8	22324682
3870301	8:22405228	8	22405228
2900224	8:23309475	8	23309475
620682	8:23406985	8	23406985
5420538	8:95960886	8	95960886
6660630	8:95968413	8	95968413
6480202	8:96072196	8	96072196
2190634	8:96194737	8	96194737
4610411	8:97258719	8	97258719
5050037	8:97258719	8	97258719
2690026	8:97825208	8	97825208
4210280	8:97825208	8	97825208
2640377	8:97825208	8	97825208
770132	8:98276570	8	98276570
7400487	8:56788951	8	56788951
1510026	14:76034474	14	76034474
5810347	14:76136329	14	76136329
4070068	14:76625442	14	76625442
4480195	14:76619167	14	76619167
1690367	14:76621567	14	76621567
580465	14:77182302	14	77182302
5290626	14:77486062	14	77486062
7050204	14:77567665	14	77567665
380379	14:77582337	14	77582337
2680523	14:55260847	14	55260847
1300349	14:55489229	14	55489229
110328	14:55512273	14	55512273
2350754	14:55730404	14	55730404
2370402	14:24413307	14	24413307
1260672	14:24422795	14	24422795
7320682	14:24569734	14	24569734
1740364	2:74070186	2	74070186
430242	2:74146869	2	74146869
6620689	2:74388889	2	74388889
6380537	2:74685443	2	74685443
2750309	2:74690378	2	74690378
3520440	2:208477852	2	208477852
1940019	2:208468811	2	208468811
5360731	2:208382602	2	208382602
1410398	2:208514343	2	208514343
2060112	2:208514343	2	208514343
4830731	2:105620400	2	105620400
4810326	3:3173016	3	3173016
3780554	3:3176301	3	3176301
7610097	3:4410619	3	4410619
5490626	3:4403818	3	4403818
3420347	2:234204113	2	234204113
2760491	2:234204113	2	234204113
2230730	2:45769170	2	45769170
4010477	2:46762034	2	46762034
1450072	2:46752409	2	46752409
5090731	2:46857085	2	46857085
6370379	2:46989869	2	46989869
6290605	2:47771677	2	47771677
870148	2:48021379	2	48021379
5670114	2:20101717	2	20101717
5420300	2:20091890	2	20091890
7560296	2:152090213	2	152090213
6980072	18:59801496	18	59801496
160537	18:61034420	18	61034420
4810368	18:19484180	18	19484180
4290377	18:20879217	18	20879217
360187	18:21053204	18	21053204
4210019	18:21053204	18	21053204
5090097	20:44025692	20	44025692
5050279	20:60692839	20	60692839
7050576	20:31348445	20	31348445
2070619	4:424368	4	424368
7210767	4:843184	4	843184
7510356	4:961373	4	961373
7510538	4:1205667	4	1205667
4900088	4:1205667	4	1205667
270068	20:4132664	20	4132664
2710341	20:4667829	20	4667829
3170162	20:4667829	20	4667829
5390095	20:4757797	20	4757797
1980059	20:4743133	20	4743133
1110541	20:5077077	20	5077077
510673	20:5143210	20	5143210
7160066	20:5800572	20	5800572
2360020	11:61609004	11	61609004
3460161	11:61690707	11	61690707
5420600	11:61726871	11	61726871
5220240	11:61768639	11	61768639
6770270	11:62098387	11	62098387
2570692	11:125469975	11	125469975
2850575	11:4180178	11	4180178
6560075	11:4411241	11	4411241
2370328	11:4618570	11	4618570
3870136	11:65705108	11	65705108
1500047	11:66091041	11	66091041
4250008	11:108200142	11	108200142
6110301	11:108369173	11	108369173
7100180	11:110299701	11	110299701
4850196	11:111644401	11	111644401
5080685	11:111666128	11	111666128
3840440	11:16699145	11	16699145
3990161	11:16779861	11	16779861
5490458	11:17230389	11	17230389
5270379	11:17106467	11	17106467
60427	11:17101166	11	17101166
5670187	11:17410283	11	17410283
1010176	11:75224900	11	75224900
7650017	11:75295368	11	75295368
1570220	11:75547716	11	75547716
2230408	15:52497993	15	52497993
6620356	15:52843442	15	52843442
2140368	15:52836425	15	52836425
2680044	15:55506356	15	55506356
2030739	15:55631869	15	55631869
5560433	5:438809	5	438809
4040438	15:90308633	15	90308633
5810612	15:90358119	15	90358119
4880433	15:90640998	15	90640998
5080280	15:90732942	15	90732942
4900440	15:90778651	15	90778651
2630452	15:90796772	15	90796772
6520646	15:91009484	15	91009484
3870706	15:91373498	15	91373498
4120689	15:91366755	15	91366755
5810685	15:39668870	15	39668870
2470753	15:72978531	15	72978531
1690678	21:44766202	21	44766202
4920164	21:44766202	21	44766202
5220427	21:45210932	21	45210932
5870576	21:45565473	21	45565473
2760242	21:32901454	21	32901454
160593	21:33657716	21	33657716
4730215	19:33377053	19	33377053
4890364	19:33463058	19	33463058
730458	19:33643243	19	33643243
4230431	19:33820665	19	33820665
5670400	19:33915360	19	33915360
2340328	19:34694581	19	34694581
4560671	19:2737474	19	2737474
3890167	19:2738352	19	2738352
240731	19:2756183	19	2756183
1230458	19:3053326	19	3053326
6180176	19:3072335	19	3072335
4730168	19:39417652	19	39417652
6450553	19:39924129	19	39924129
6760576	19:39925056	19	39925056
2970390	6:618286	6	618286
3190112	6:2838046	6	2838046
5910152	6:2887047	6	2887047
1230156	6:2884555	6	2884555
4220504	6:2952336	6	2952336
1940048	19:51247499	19	51247499
2850630	19:51305287	19	51305287
3450010	19:9314803	19	9314803
2940647	19:9434872	19	9434872
2810605	19:9546351	19	9546351
1580592	19:45787082	19	45787082
3840056	19:45909050	19	45909050
1450356	19:45909934	19	45909934
6350196	19:45993131	19	45993131
2320356	19:46030154	19	46030154
4730681	19:46039786	19	46039786
2970040	3:160806859	3	160806859
3440156	3:167586056	3	167586056
520240	3:167571317	3	167571317
4280524	3:189830335	3	189830335
70603	3:191118835	3	191118835
2030687	3:192611033	3	192611033
4260379	3:41225545	3	41225545
3800671	3:41225545	3	41225545
4610703	3:41960006	3	41960006
3140092	3:42159351	3	42159351
4570707	3:42109324	3	42109324
2690709	3:42529750	3	42529750
540056	3:136056861	3	136056861
7570026	3:136044493	3	136044493
60523	3:136516270	3	136516270
3390221	3:71829242	3	71829242
4850670	3:71829242	3	71829242
2030551	3:71829242	3	71829242
1030463	3:71829242	3	71829242
840554	3:72447890	3	72447890
7000746	3:11883827	3	11883827
360753	3:12691412	3	12691412
2320215	3:13358171	3	13358171
2000646	3:118930386	3	118930386
6550288	3:119246477	3	119246477
3850161	3:119205217	3	119205217
5390239	3:119290996	3	119290996
5550369	3:119303180	3	119303180
770307	10:1134335	10	1134335
1510072	10:3193412	10	3193412
5810671	7:1098414	7	1098414
7100092	7:1114023	7	1114023
870379	7:1209027	7	1209027
6100040	7:1521875	7	1521875
2630370	7:1927668	7	1927668
2680202	3:50332697	3	50332697
2810491	6:28909465	6	28909465
1990441	6:28896914	6	28896914
2190437	6:109692484	6	109692484
7210484	6:43188940	6	43188940
50193	6:43304007	6	43304007
6330538	6:43608386	6	43608386
5900240	6:160204127	6	160204127
6660369	6:10535591	6	10535591
5870452	6:10723449	6	10723449
4640735	6:74104557	6	74104557
2370639	6:74135016	6	74135016
5130605	6:74192422	6	74192422
3360504	6:74228049	6	74228049
3180026	6:32809848	6	32809848
6450692	6:32825348	6	32825348
1050360	6:33049565	6	33049565
2510161	6:33246518	6	33246518
2650082	6:33282002	6	33282002
5860253	6:135909796	6	135909796
4900240	17:37439496	17	37439496
5860048	17:37677074	17	37677074
610333	17:37817482	17	37817482
2000441	17:37829571	17	37829571
650692	8:591462	8	591462
5670717	8:603117	8	603117
5050093	8:1947417	8	1947417
830719	8:6635450	8	6635450
4920040	8:6727988	8	6727988
2640441	8:8149691	8	8149691
1190634	17:78080202	17	78080202
2490452	17:78062331	17	78062331
1340538	17:78184679	17	78184679
7400743	17:78302532	17	78302532
3400270	17:78362300	17	78362300
6400349	17:78939857	17	78939857
4760356	17:3958282	17	3958282
2630333	17:3920432	17	3920432
6280332	17:4676420	17	4676420
6580717	17:4676420	17	4676420
1660484	17:4673609	17	4673609
3780041	17:27457449	17	27457449
5690113	17:27588806	17	27588806
5340450	17:27917771	17	27917771
1010647	17:27898828	17	27898828
130368	17:66538239	17	66538239
2810373	17:66566063	17	66566063
60719	17:68140040	17	68140040
1300725	17:9818190	17	9818190
3450563	17:10583589	17	10583589
6580129	17:10594329	17	10594329
60202	17:12895929	17	12895929
1770730	17:49043348	17	49043348
1820504	17:49230308	17	49230308
7560673	17:49221166	17	49221166
3940736	17:49310660	17	49310660
5550431	17:53471191	17	53471191
2100347	12:6798632	12	6798632
7320181	12:6853766	12	6853766
380551	12:6987172	12	6987172
10392	12:7008616	12	7008616
10523	12:7011825	12	7011825
6520402	12:65562208	12	65562208
2000392	12:48077073	12	48077073
6560411	9:257754	9	257754
7000397	9:706608	9	706608
3140156	12:112910219	12	112910219
2070736	12:112442288	12	112442288
1090390	12:113374748	12	113374748
7040035	12:113374748	12	113374748
3450180	12:113357193	12	113357193
1070767	12:113357193	12	113357193
990768	12:113378081	12	113378081
10360	12:113378081	12	113378081
1570156	12:113411806	12	113411806
3930446	12:113568797	12	113568797
6520112	12:96337997	12	96337997
1430524	12:96441877	12	96441877
1170338	12:125261593	12	125261593
160437	12:125510104	12	125510104
4480110	1:160033143	1	160033143
4060095	1:160580015	1	160580015
2030767	1:160675269	1	160675269
4280497	1:160700655	1	160700655
3060059	1:222729673	1	222729673
3990767	1:224321637	1	224321637
6040292	1:224321492	1	224321492
5560398	1:224423114	1	224423114
5220632	1:224421166	1	224421166
6400332	1:224619822	1	224619822
2350189	1:89471892	1	89471892
2190148	1:89517810	1	89517810
1940162	1:89551669	1	89551669
4890324	1:90022799	1	90022799
50201	1:90233439	1	90233439
2650100	1:90281599	1	90281599
2100722	1:171674241	1	171674241
3870520	1:171700047	1	171700047
6520408	1:171763522	1	171763522
2510463	1:171794638	1	171794638
780021	1:241804070	1	241804070
3140500	1:241801595	1	241801595
3710440	1:115259599	1	115259599
6250546	1:16530049	1	16530049
5670471	1:16549532	1	16549532
6100050	1:16796944	1	16796944
2190373	1:17725358	1	17725358
6330754	1:154544651	1	154544651
5490433	1:154556040	1	154556040
1340022	1:154914797	1	154914797
3130152	1:206676383	1	206676383
5890253	1:63988904	1	63988904
2070291	1:63864386	1	63864386
7100561	1:36789356	1	36789356
5570131	1:37972258	1	37972258
2690270	1:38010751	1	38010751
1510017	1:3692240	1	3692240
2000132	1:3698528	1	3698528
6650288	1:3764611	1	3764611
6280019	1:6051266	1	6051266
5550348	1:6283062	1	6283062
5870148	1:146717699	1	146717699
6100397	1:192113244	1	192113244
3400019	1:192751781	1	192751781
6980274	1:193073782	1	193073782
1240414	1:193073782	1	193073782
4760020	1:45494750	1	45494750
5670037	1:45802670	1	45802670
3930386	2:120048729	2	120048729
940753	2:121016751	2	121016751
1090327	2:122484976	2	122484976
5130440	2:127882182	2	127882182
650553	2:127882182	2	127882182
6280411	1:27056643	1	27056643
540274	1:27083093	1	27083093
6980039	1:27686314	1	27686314
5080471	1:27825153	1	27825153
2000373	5:134461481	5	134461481
2000162	5:134792886	5	134792886
7550035	5:134792886	5	134792886
4560164	5:176916516	5	176916516
520332	5:177029836	5	177029836
3990608	5:109212616	5	109212616
6960349	5:112350707	5	112350707
7200437	5:52420146	5	52420146
580369	5:52994810	5	52994810
2140605	5:53597285	5	53597285
2760730	7:29186576	7	29186576
3190246	7:29186256	7	29186256
1030239	7:30154691	7	30154691
3290722	7:30206227	7	30206227
7050139	7:30206227	7	30206227
520750	11:64078943	11	64078943
2630056	11:64085063	11	64085063
4860711	11:64123838	11	64123838
770593	7:117828003	7	117828003
1240050	7:120570985	7	120570985
380736	7:120904817	7	120904817
670274	7:120904817	7	120904817
7510551	7:120635931	7	120635931
3890431	7:150786061	7	150786061
6220164	7:150785753	7	150785753
3310136	7:5936956	7	5936956
50427	7:12284475	7	12284475
1740154	7:12284475	7	12284475
730592	7:12582098	7	12582098
7560615	7:12730362	7	12730362
1260730	7:100385376	7	100385376
3130612	7:100467700	7	100467700
4850487	7:100468398	7	100468398
3780291	7:100895934	7	100895934
6420242	7:100895934	7	100895934
6940402	7:101896725	7	101896725
7570673	7:48134719	7	48134719
2340072	7:139719439	7	139719439
1780647	7:140377964	7	140377964
4150687	7:140408569	7	140408569
5690328	7:140706031	7	140706031
1050082	7:141398588	7	141398588
1260228	7:141879947	7	141879947
7100437	22:21278298	22	21278298
1230242	22:21958872	22	21958872
3520475	22:21983853	22	21983853
2570026	22:22123189	22	22123189
3180682	22:23654993	22	23654993
3370288	22:39266451	22	39266451
3120221	22:39418613	22	39418613
1500747	22:39529029	22	39529029
4040397	22:39662550	22	39662550
5390615	22:39662550	22	39662550
3450528	22:39662550	22	39662550
70026	22:39845898	22	39845898
5670100	22:30986350	22	30986350
2940630	22:31037162	22	31037162
3870408	22:31086280	22	31086280
2850553	22:31273284	22	31273284
50164	22:31359571	22	31359571
3060543	22:31377027	22	31377027
6400148	22:31526744	22	31526744
2140020	22:31593602	22	31593602
3390048	22:31675185	22	31675185
4120561	22:31559255	22	31559255
1010347	19:36586809	19	36586809
5290500	19:36612914	19	36612914
2470142	19:36826337	19	36826337
1450309	22:46646162	22	46646162
6040017	22:46646162	22	46646162
6380112	22:46980774	22	46980774
3140064	22:50026314	22	50026314
6280053	4:95128033	4	95128033
3390367	4:99364621	4	99364621
5720161	4:99993350	4	99993350
4280671	4:100862882	4	100862882
6580475	4:100970266	4	100970266
520114	4:152681952	4	152681952
1110300	4:153581081	4	153581081
2230433	4:153570947	4	153570947
10753	4:153701130	4	153701130
6590632	4:56217015	4	56217015
4150561	4:57214366	4	57214366
5220068	4:57851807	4	57851807
1070451	4:122620565	4	122620565
6220142	4:122722368	4	122722368
3520070	4:122720999	4	122720999
5570435	4:123658169	4	123658169
4670519	4:183812301	4	183812301
5090440	4:184387264	4	184387264
7160025	4:184434148	4	184434148
6960382	4:184434148	4	184434148
1450246	4:185251371	4	185251371
580722	4:185251371	4	185251371
2260215	4:185251371	4	185251371
2120678	4:185652871	4	185652871
1030431	4:185791618	4	185791618
1110370	4:186094944	4	186094944
4150037	4:76559039	4	76559039
5130176	4:76858401	4	76858401
620639	4:76858401	4	76858401
4810435	4:77096606	4	77096606
6180047	4:77342159	4	77342159
4730619	4:78638153	4	78638153
4830504	4:37824325	4	37824325
2060593	4:3392315	4	3392315
4070215	4:3389811	4	3389811
2650521	4:3509153	4	3509153
670731	4:5019932	4	5019932
6590224	4:6259825	4	6259825
5340162	10:118695141	10	118695141
2340008	10:119141869	10	119141869
460487	3:101378927	3	101378927
2070575	3:105072927	3	105072927
6100347	10:129841245	10	129841245
6480494	10:131445027	10	131445027
1010379	10:133759974	10	133759974
5420747	10:133729749	10	133729749
50309	10:133984715	10	133984715
6660673	10:28899323	10	28899323
430050	10:29113445	10	29113445
1470215	10:30781996	10	30781996
5490612	10:32232287	10	32232287
5720424	10:33701628	10	33701628
4200435	10:33697653	10	33697653
1300554	10:102046380	10	102046380
2760463	10:102050242	10	102050242
6620181	10:102740271	10	102740271
7560717	10:102746503	10	102746503
3060184	10:102746503	10	102746503
6940521	10:102745062	10	102745062
830528	10:73908581	10	73908581
4830577	10:75234194	10	75234194
1240358	13:111139386	13	111139386
160403	13:111300957	13	111300957
6900674	13:111577545	13	111577545
1010082	13:111553839	13	111553839
7400133	10:11221366	10	11221366
5220612	10:11784088	10	11784088
870014	10:11895097	10	11895097
1110767	10:11892162	10	11892162
6250075	10:12178438	10	12178438
3990553	10:12875491	10	12875491
5260215	10:13163104	10	13163104
270619	13:27999457	13	27999457
6370484	13:28196033	13	28196033
1580601	13:31231806	13	31231806
6510170	10:91090551	10	91090551
1500280	10:91153699	10	91153699
2000148	10:91152593	10	91152593
4890327	10:91186842	10	91186842
3440377	10:92721319	10	92721319
1300059	10:94096701	10	94096701
6220441	10:60047077	10	60047077
650326	10:60203775	10	60203775
6510554	13:72513420	13	72513420
5560500	13:77434283	13	77434283
940670	6:52299262	6	52299262
1050209	13:44446161	13	44446161
2360184	13:45931369	13	45931369
4640193	13:45970108	13	45970108
1710474	16:53125819	16	53125819
4280669	16:53533227	16	53533227
4120367	16:55617127	16	55617127
1400672	16:56458487	16	56458487
2060546	16:72147242	16	72147242
7100484	16:72152652	16	72152652
1570743	16:21665864	16	21665864
6620196	16:21673889	16	21673889
2140228	16:22345191	16	22345191
2190121	16:23562001	16	23562001
5130468	16:23658976	16	23658976
4490373	16:23864590	16	23864590
2190411	16:23864590	16	23864590
5090563	16:23864590	16	23864590
4670520	16:67181999	16	67181999
3310546	16:67232684	16	67232684
5550576	16:67035519	16	67035519
50129	16:67206375	16	67206375
940369	16:87741662	16	87741662
4180176	16:87741662	16	87741662
380373	16:88039360	16	88039360
4880017	16:88758518	16	88758518
4280348	16:88742585	16	88742585
1450082	16:88925567	16	88925567
4180494	16:30482803	16	30482803
7560762	16:30700858	16	30700858
540524	16:4526292	16	4526292
2510689	16:4853816	16	4853816
7160433	16:4899247	16	4899247
6400630	16:5075226	16	5075226
2030730	16:1364365	16	1364365
2060088	16:1519674	16	1519674
6960730	16:1842820	16	1842820
4900333	16:1881145	16	1881145
650563	16:1883378	16	1883378
1710332	16:1886673	16	1886673
1300608	16:2014954	16	2014954
4810139	9:77557916	9	77557916
1980180	9:77707300	9	77707300
6380463	9:77705927	9	77705927
3940392	9:79318471	9	79318471
110634	17:39946683	17	39946683
2570551	17:39944506	17	39944506
3400408	17:39992584	17	39992584
3930681	17:40270957	17	40270957
1780450	9:132399000	9	132399000
6180056	9:132566666	9	132566666
5270435	9:132681784	9	132681784
6270037	9:134619317	9	134619317
5090176	9:95909533	9	95909533
7380706	9:95908978	9	95908978
4640427	9:97118092	9	97118092
6020224	9:97417256	9	97417256
2510768	9:98787257	9	98787257
5130113	9:139684421	9	139684421
5390411	9:139744807	9	139744807
1340427	9:139828624	9	139828624
4180445	9:139885539	9	139885539
6100609	9:139987350	9	139987350
1780661	9:140003427	9	140003427
2940528	9:34627333	9	34627333
50553	9:34627333	9	34627333
5690750	9:34649442	9	34649442
2760148	9:34649442	9	34649442
2470196	9:35025837	9	35025837
2450093	9:35000289	9	35000289
5860463	9:127027412	9	127027412
2340477	9:15304782	9	15304782
7610168	9:17440987	9	17440987
940722	9:111663793	9	111663793
2940687	9:111904404	9	111904404
1050356	9:113817452	9	113817452
6450440	9:114370555	9	114370555
2570332	9:114361707	9	114361707
1050500	8:145014424	8	145014424
3130349	8:145630986	8	145630986
4570193	8:16405213	8	16405213
4060132	8:16016012	8	16016012
2570520	8:16406312	8	16406312
3800017	8:17670230	8	17670230
4150520	8:90846982	8	90846982
2070309	8:90846982	8	90846982
5550537	8:92145172	8	92145172
1440017	11:257030	11	257030
1230767	11:306920	11	306920
6590324	11:480950	11	480950
1690209	11:495283	11	495283
1770753	11:554047	11	554047
4390273	11:493130	11	493130
6400176	11:584591	11	584591
4180050	12:56825311	12	56825311
3870113	12:56865338	12	56865338
2750039	12:56915547	12	56915547
6200390	12:57163316	12	57163316
940164	8:131469236	8	131469236
3420128	8:42016405	8	42016405
6380338	8:42181975	8	42181975
6590037	8:42364354	8	42364354
6130433	8:42447748	8	42447748
1570497	8:27220310	8	27220310
2810632	8:27220310	8	27220310
2000288	8:27617427	8	27617427
160446	8:28909523	8	28909523
6100577	8:105346996	8	105346996
450452	8:105425293	8	105425293
3940376	8:67688474	8	67688474
940129	14:73345445	14	73345445
6350608	14:74178800	14	74178800
1820097	14:74380981	14	74380981
5220333	14:95981610	14	95981610
5700301	14:96852071	14	96852071
5890608	14:96852071	14	96852071
6900722	14:50788213	14	50788213
5310717	14:51164674	14	51164674
3440491	14:88470978	14	88470978
4150066	14:103987305	14	103987305
4150484	14:103991478	14	103991478
2100341	14:104378852	14	104378852
1410192	14:104394440	14	104394440
6180187	14:104394440	14	104394440
5550673	14:105228216	14	105228216
5820170	14:105218333	14	105218333
870349	1:180413890	1	180413890
2480487	1:181011913	1	181011913
4050161	1:180958946	1	180958946
2900451	1:181023708	1	181023708
5700196	14:59868764	14	59868764
4210470	14:60468220	14	60468220
3930731	14:60632246	14	60632246
2060564	14:61312414	14	61312414
4010452	14:61278684	14	61278684
360142	14:24808168	14	24808168
6590735	14:24869512	14	24869512
6620291	14:24900231	14	24900231
4640639	14:24923007	14	24923007
5490315	14:24910876	14	24910876
3310639	14:24910973	14	24910973
1770368	14:31045181	14	31045181
5670487	14:21677258	14	21677258
670609	14:21930929	14	21930929
6770082	14:21960408	14	21960408
6860524	14:21970366	14	21970366
4220181	14:23045995	14	23045995
2260632	2:70133410	2	70133410
3120075	2:70429234	2	70429234
5310358	2:70436818	2	70436818
3890671	2:70524142	2	70524142
110075	2:202314410	2	202314410
2140156	2:202660241	2	202660241
3140632	2:203477868	2	203477868
3120292	2:203488449	2	203488449
7050328	2:97552614	2	97552614
5390561	2:99227812	2	99227812
3940538	2:99854284	2	99854284
2970088	2:99865548	2	99865548
1710736	2:225775245	2	225775245
1500341	2:228320192	2	228320192
5870184	2:231035589	2	231035589
4010131	2:37444773	2	37444773
2070669	2:37862717	2	37862717
2120053	2:38298139	2	38298139
2140519	2:39209047	2	39209047
6450288	2:40698811	2	40698811
2140678	2:173390343	2	173390343
4670059	2:173935026	2	173935026
3840367	2:85626524	2	85626524
5360241	2:85767735	2	85767735
5910128	2:85808573	2	85808573
2630195	2:85737997	2	85737997
3440338	2:85887642	2	85887642
840634	1:43013510	1	43013510
1770546	2:216176807	2	216176807
2640491	2:218933960	2	218933960
6110717	2:111903527	2	111903527
7320386	2:113280880	2	113280880
6420731	2:113457915	2	113457915
6040291	2:240954079	2	240954079
2760102	2:241461372	2	241461372
4210347	2:241483962	2	241483962
5290672	2:54387281	2	54387281
2230161	2:55271581	2	55271581
7610392	2:55459373	2	55459373
730164	2:190446541	2	190446541
6960242	2:190556676	2	190556676
7650341	2:190664638	2	190664638
1440615	2:26715509	2	26715509
6220026	2:27151643	2	27151643
5050040	2:27390169	2	27390169
3800025	2:27400850	2	27400850
2680386	2:158271512	2	158271512
2650538	2:160142675	2	160142675
7560594	2:160568988	2	160568988
4640630	2:160593775	2	160593775
2570202	2:9985670	2	9985670
3940343	2:9985670	2	9985670
7000382	2:11300869	2	11300869
1440437	2:134893133	2	134893133
1980639	2:135491932	2	135491932
7550521	18:48360856	18	48360856
6200408	18:48409695	18	48409695
1440100	18:51684802	18	51684802
2510672	18:52935941	18	52935941
940386	18:54281790	18	54281790
2230148	18:54686616	18	54686616
5220706	5:127455008	5	127455008
4220041	5:127453735	5	127453735
3440204	5:128006227	5	128006227
2140154	18:71947422	18	71947422
3390017	18:72170359	18	72170359
2120280	18:72260234	18	72260234
3780681	18:74844698	18	74844698
4830204	18:74723459	18	74723459
540747	18:29664528	18	29664528
6420520	20:44749251	20	44749251
3370138	20:44729409	20	44729409
3180253	20:44991482	20	44991482
2640392	20:62328375	20	62328375
5910767	20:62337622	20	62337622
4480519	20:33734012	20	33734012
290181	20:33756830	20	33756830
20450	20:33866029	20	33866029
1850681	20:33865852	20	33865852
7210273	20:33880146	20	33880146
7040307	20:33926103	20	33926103
620075	20:33926268	20	33926268
160669	20:34148488	20	34148488
6200259	20:34136791	20	34136791
940041	18:9318621	18	9318621
1190546	18:9538562	18	9538562
2060286	18:9710554	18	9710554
6590341	18:9710153	18	9710153
1430114	18:10525518	18	10525518
5550220	20:2630597	20	2630597
5910154	20:2633296	20	2633296
2360246	20:2979141	20	2979141
3830180	20:2979141	20	2979141
5550204	20:3206068	20	3206068
520367	20:42362645	20	42362645
4180673	20:55036547	20	55036547
3420372	20:56010615	20	56010615
3140750	20:56010615	20	56010615
5220377	20:25038484	20	25038484
2710615	20:25278963	20	25278963
4540326	20:25566485	20	25566485
7100615	20:25278963	20	25278963
5810196	7:97880226	7	97880226
2810674	7:99481344	7	99481344
5720735	20:10618574	20	10618574
7050288	20:13731813	20	13731813
6040279	20:13696439	20	13696439
5810170	11:60164302	11	60164302
840689	11:60164302	11	60164302
6220397	11:121164050	11	121164050
6840678	11:122522375	11	122522375
1940524	11:122527120	11	122527120
5720278	11:62647399	11	62647399
7570025	11:128773802	11	128773802
4260278	11:130029661	11	130029661
6040653	11:5617896	11	5617896
5860243	11:6226115	11	6226115
4890328	11:117061961	11	117061961
2490372	4:84145532	4	84145532
4830113	4:84145486	4	84145486
5720128	4:84154662	4	84154662
630619	4:84204846	4	84204846
4150397	4:84372998	4	84372998
4290243	4:86680172	4	86680172
7100349	4:88073178	4	88073178
5090014	11:82994954	11	82994954
7560092	11:85348795	11	85348795
780440	11:86073135	11	86073135
1470148	11:86165147	11	86165147
4610520	15:59841550	15	59841550
770730	15:60682348	15	60682348
1660687	15:60721744	15	60721744
6580168	15:98504875	15	98504875
2760735	15:99645862	15	99645862
6620577	15:99789934	15	99789934
3140537	15:99925274	15	99925274
540619	11:845077	11	845077
110661	11:845077	11	845077
4180068	11:1874221	11	1874221
6420403	11:1874221	11	1874221
3120452	15:31209518	15	31209518
4210692	11:64799048	11	64799048
4120626	11:64809133	11	64809133
2680064	11:64917749	11	64917749
4920537	11:65069275	11	65069275
4610672	11:36413934	11	36413934
6280050	11:43877934	11	43877934
4860070	11:44087989	11	44087989
7150280	15:67819115	15	67819115
6330278	15:67909279	15	67909279
1820019	15:68608450	15	68608450
1030433	15:68468695	15	68468695
4610209	15:68503216	15	68503216
2340689	15:68545603	15	68545603
1690746	15:68594861	15	68594861
4890437	11:10876353	11	10876353
2450131	10:81000889	10	81000889
2900072	10:81121696	10	81121696
5900735	10:81916055	10	81916055
6220278	10:82280137	10	82280137
2340414	10:82273079	10	82273079
4920327	10:86069981	10	86069981
2190224	10:86075653	10	86075653
4010181	11:71880618	11	71880618
5560221	11:72499035	11	72499035
4150408	11:72953954	11	72953954
5560520	11:73112421	11	73112421
4220086	15:49172317	15	49172317
1820270	15:50357743	15	50357743
4210332	15:85193015	15	85193015
5670594	15:85305142	15	85305142
2570088	15:85248216	15	85248216
2060341	15:86121453	15	86121453
650050	15:86308808	15	86308808
3940440	15:86121453	15	86121453
6760192	15:41556395	15	41556395
6180598	15:41680233	15	41680233
1450678	15:41817367	15	41817367
1300747	15:42091212	15	42091212
2350722	15:41907905	15	41907905
6400647	15:42191909	15	42191909
870110	15:75313967	15	75313967
1340349	15:75898996	15	75898996
2340040	15:75903248	15	75903248
4880168	21:46295350	21	46295350
6250053	21:46294986	21	46294986
7330097	21:46459432	21	46459432
6270278	21:30287067	21	30287067
3520156	21:30341891	21	30341891
150315	21:30520085	21	30520085
1010170	21:30830393	21	30830393
6270743	21:42689637	21	42689637
1690066	21:42795027	21	42795027
6770209	21:43356683	21	43356683
3780435	21:34883618	21	34883618
4610070	21:35030075	21	35030075
6400195	21:35385707	21	35385707
3400278	19:35679694	19	35679694
1470332	19:35673243	19	35673243
4920228	19:35918542	19	35918542
7320148	19:58005536	19	58005536
430368	19:58141300	19	58141300
1400279	19:58303850	19	58303850
1050626	19:58303850	19	58303850
4390349	19:58440982	19	58440982
4150414	19:1219274	19	1219274
1110377	19:1241087	19	1241087
6100630	19:1377173	19	1377173
6520113	19:1472007	19	1472007
6940427	19:38132334	19	38132334
6400711	19:38116793	19	38116793
1240730	19:38755406	19	38755406
630470	19:38814725	19	38814725
3870390	19:13317980	19	13317980
2600168	19:13871411	19	13871411
5560370	19:13870227	19	13870227
4250735	19:14136812	19	14136812
6180408	19:50059982	19	50059982
150397	19:50167726	19	50167726
1500470	19:50335872	19	50335872
2060193	19:19786099	19	19786099
4250427	19:21779759	19	21779759
5270709	19:21777082	19	21777082
1820114	19:55121225	19	55121225
1510170	19:55506604	19	55506604
1300187	19:55558568	19	55558568
2350379	19:55669872	19	55669872
4890598	19:55824586	19	55824586
5490671	19:7686407	19	7686407
5260360	19:7688798	19	7688798
7610593	19:7747445	19	7747445
830152	19:7764436	19	7764436
1170196	19:7779162	19	7779162
3610148	19:7871837	19	7871837
360475	19:44153100	19	44153100
2750465	19:44259361	19	44259361
3610730	19:44281898	19	44281898
6480554	19:44302624	19	44302624
3460626	19:4182939	19	4182939
2120097	19:4385659	19	4385659
2120689	19:4383072	19	4383072
1980192	9:102879336	9	102879336
6770044	9:103141037	9	103141037
2060152	9:104149942	9	104149942
630603	9:104183969	9	104183969
3400632	9:104348150	9	104348150
4230603	19:40853492	19	40853492
6380093	19:40871790	19	40871790
3370474	19:40962382	19	40962382
3800307	19:41094838	19	41094838
4290315	19:41126447	19	41126447
6280674	19:17178119	19	17178119
650307	19:17171689	19	17171689
1400358	19:17173487	19	17173487
3460253	19:17337025	19	17337025
1010692	19:17361116	19	17361116
5960114	19:17413160	19	17413160
5820424	19:17512913	19	17512913
4900674	19:17505859	19	17505859
6940458	19:52077069	19	52077069
6650064	19:52127777	19	52127777
1400593	19:52130638	19	52130638
2350156	19:52215296	19	52215296
1030270	19:52255196	19	52255196
4810204	19:52401444	19	52401444
20670	19:52430739	19	52430739
1240286	19:52434706	19	52434706
1980521	19:10706973	19	10706973
5340653	19:11109468	19	11109468
4250403	19:46987858	19	46987858
2750184	19:47059346	19	47059346
1990008	19:47129302	19	47129302
2230189	19:47154484	19	47154484
6370661	19:47408167	19	47408167
3120228	19:47446691	19	47446691
4390255	19:47756290	19	47756290
1300369	19:47774772	19	47774772
150050	3:153973887	3	153973887
2970279	3:156254213	3	156254213
2810523	3:156258005	3	156258005
2140538	3:184593361	3	184593361
2940349	3:185350706	3	185350706
770746	3:185814642	3	185814642
1450519	3:185798025	3	185798025
6350521	3:185957955	3	185957955
150400	3:36958995	3	36958995
4150438	3:37025661	3	37025661
1190167	3:131082104	3	131082104
2680725	3:132067226	3	132067226
2900722	3:132233712	3	132233712
510215	3:62305073	3	62305073
6650079	3:62305073	3	62305073
1990615	8:79575804	8	79575804
5420487	8:79575804	8	79575804
7210327	3:172512670	3	172512670
7650020	3:172512670	3	172512670
4120598	3:195961685	3	195961685
7150433	3:196044894	3	196044894
5220678	3:196344390	3	196344390
1710161	3:44762830	3	44762830
6450687	3:45044878	3	45044878
4260441	3:45087031	3	45087031
5260367	3:45187671	3	45187671
5960044	3:45187671	3	45187671
60215	3:45187671	3	45187671
150463	3:45188628	3	45188628
4280767	3:45557707	3	45557707
2030400	3:15562801	3	15562801
6510279	3:16328356	3	16328356
6250397	3:16301564	3	16301564
7380465	3:16301564	3	16301564
1260497	3:16414198	3	16414198
670711	3:16924440	3	16924440
5700735	3:122083140	3	122083140
4150692	3:122477795	3	122477795
6420142	3:122449657	3	122449657
2370128	3:122439935	3	122439935
7000328	3:122417016	3	122417016
6760474	3:122984244	3	122984244
2650114	3:124610238	3	124610238
2490411	3:124610238	3	124610238
5340132	3:52338852	3	52338852
7150253	3:52295895	3	52295895
5360086	3:52256697	3	52256697
2600619	3:9829226	3	9829226
870500	3:9852762	3	9852762
6660195	3:9885109	3	9885109
3450228	3:9956279	3	9956279
2940561	3:10048601	3	10048601
1500132	3:112289372	3	112289372
940168	3:112737787	3	112737787
3850291	12:428693	12	428693
6860278	12:719663	12	719663
1570424	12:934408	12	934408
5560746	12:1604490	12	1604490
5810221	12:1901434	12	1901434
5820240	14:65458925	14	65458925
4640220	14:65541381	14	65541381
2680577	14:65542607	14	65542607
3180133	14:65569597	14	65569597
4260497	14:65542607	14	65542607
2190612	14:67975822	14	67975822
2490068	14:67979845	14	67979845
5890241	14:68214788	14	68214788
7000202	3:48938762	3	48938762
70707	3:49044767	3	49044767
5310050	3:49200137	3	49200137
5420709	6:26370748	6	26370748
3130600	6:26431340	6	26431340
5270689	6:26538543	6	26538543
2470131	6:41195030	6	41195030
1690670	6:41195440	6	41195440
2070564	6:41941169	6	41941169
3370671	6:41865407	6	41865407
5340471	6:154522740	6	154522740
2340626	6:155635637	6	155635637
7610091	6:157864969	6	157864969
4050673	6:29997986	6	29997986
4890112	6:29964829	6	29964829
4060255	6:29973187	6	29973187
6020463	6:30181320	6	30181320
5130768	6:30226304	6	30226304
830739	6:30224358	6	30224358
1030747	6:30537339	6	30537339
3930609	6:116783619	6	116783619
7210170	6:116783619	6	116783619
6590646	6:116783619	6	116783619
3990538	6:116783619	6	116783619
3060471	6:46116102	6	46116102
3390438	6:46653789	6	46653789
3140646	6:47561578	6	47561578
5360521	6:166755979	6	166755979
1990563	6:166755480	6	166755480
5360424	6:166882049	6	166882049
2850100	6:167413539	6	167413539
2320286	6:14947430	6	14947430
6590731	6:15667990	6	15667990
5080154	6:16712658	6	16712658
520601	6:16715404	6	16715404
840014	6:18157463	6	18157463
4220112	6:18257985	6	18257985
70630	6:18429858	6	18429858
3180184	2:63548557	2	63548557
2070367	2:64906295	2	64906295
1110039	2:65335769	2	65335769
770441	6:83773049	6	83773049
6420368	6:83890405	6	83890405
7320110	6:34708901	6	34708901
1240102	6:34704613	6	34704613
3940026	6:138726183	6	138726183
3940050	6:139018132	6	139018132
2000504	6:139072232	6	139072232
6020681	6:139350182	6	139350182
1980022	6:142429331	6	142429331
1240487	6:5115596	6	5115596
2230241	6:6331245	6	6331245
6840408	6:6589477	6	6589477
6020719	6:57086412	6	57086412
3870561	6:31847636	6	31847636
1820538	6:31919917	6	31919917
5560541	6:31876042	6	31876042
4150482	6:32047268	6	32047268
3140445	6:130006984	6	130006984
770128	6:130194876	6	130194876
4780619	6:131460928	6	131460928
5340504	6:131468158	6	131468158
6980300	17:34892731	17	34892731
6020372	17:35414006	17	35414006
6940328	17:35995638	17	35995638
1770044	17:75211870	17	75211870
4290209	17:76123463	17	76123463
1690719	17:76168971	17	76168971
2650064	17:38782343	17	38782343
5560682	17:38957002	17	38957002
3310471	17:39026585	17	39026585
4780307	2:198882952	2	198882952
2100356	2:198914072	2	198914072
270605	17:79980756	17	79980756
5890678	17:5132316	17	5132316
240110	17:5284770	17	5284770
3800678	17:5284719	17	5284719
730543	17:5323269	17	5323269
5130670	17:6537547	17	6537547
6760270	17:6558205	17	6558205
1260239	17:43473307	17	43473307
7330070	17:43511598	17	43511598
240152	17:43924231	17	43924231
7050152	17:29646032	17	29646032
5900360	17:30659006	17	30659006
1400474	17:31142749	17	31142749
4780196	17:72476020	17	72476020
3120091	17:72539474	17	72539474
4540228	17:72709210	17	72709210
2450452	17:72767435	17	72767435
4390301	17:16333633	17	16333633
1090075	17:17115633	17	17115633
1030551	17:17154605	17	17154605
3520601	17:56367633	17	56367633
1770070	17:56438624	17	56438624
6420551	12:4597481	12	4597481
4150196	12:4579519	12	4579519
6270382	12:4579519	12	4579519
6250487	12:6245698	12	6245698
360463	17:2207326	17	2207326
1570110	20:35945238	20	35945238
5670577	12:58146719	12	58146719
650348	12:58167788	12	58167788
870056	12:58166403	12	58166403
5090632	17:25976524	17	25976524
7200356	17:26704592	17	26704592
6110035	17:61779927	17	61779927
4210600	17:61793818	17	61793818
1580327	17:61934664	17	61934664
430747	17:62406971	17	62406971
1990176	17:62485729	17	62485729
2490315	12:40541197	12	40541197
3520291	12:40524180	12	40524180
1990639	12:42812946	12	42812946
2810730	12:42854205	12	42854205
1430706	12:42724580	12	42724580
2570373	12:42698690	12	42698690
540487	12:44105036	12	44105036
5390754	12:109890080	12	109890080
5420025	12:109904436	12	109904436
2690088	17:48237895	17	48237895
5900035	12:12619126	12	12619126
3940379	12:12983112	12	12983112
4040672	12:12978616	12	12978616
360689	12:13176310	12	13176310
650669	12:92827016	12	92827016
5810689	11:32900433	11	32900433
6760386	11:33102251	11	33102251
5220224	12:122692820	12	122692820
4900332	12:8210697	12	8210697
840068	12:8210637	12	8210637
7050519	12:8670978	12	8670978
5690753	12:8696661	12	8696661
2570154	12:8800566	12	8800566
1070286	12:9088853	12	9088853
4010279	12:70742601	12	70742601
870468	12:70592368	12	70592368
1770661	12:72188894	12	72188894
240019	12:72225183	12	72225183
4890731	12:118467553	12	118467553
3610167	12:118501598	12	118501598
2630687	12:102085487	12	102085487
2260600	12:102090246	12	102090246
2490670	12:102119014	12	102119014
990136	12:102827441	12	102827441
5310142	12:56070668	12	56070668
110326	12:56115585	12	56115585
2480068	12:56070668	12	56070668
4570142	12:132609257	12	132609257
3360370	11:93495975	11	93495975
2470463	11:93498833	11	93498833
2850349	11:93535839	11	93535839
1940343	11:93914990	11	93914990
2900035	1:219258729	1	219258729
4730224	1:219326734	1	219326734
2850184	1:85037573	1	85037573
5490068	1:85494461	1	85494461
110148	1:85732941	1	85732941
1340037	1:85727044	1	85727044
2810040	1:168166616	1	168166616
6040129	1:168172265	1	168172265
6590296	1:169136833	1	169136833
6940358	1:169666987	1	169666987
460743	1:233468562	1	233468562
3290411	1:233468562	1	233468562
2360598	1:234511503	1	234511503
2230201	1:234634340	1	234634340
1260520	1:235496427	1	235496427
1030360	1:235485348	1	235485348
4210491	1:235554749	1	235554749
3290703	1:235554749	1	235554749
5570594	1:109327114	1	109327114
1070762	1:109818530	1	109818530
5860148	1:153600124	1	153600124
5130497	1:153605909	1	153605909
840356	1:205304806	1	205304806
1260347	1:58992071	1	58992071
4860435	1:58950155	1	58950155
6270138	1:59035283	1	59035283
6510367	1:60140439	1	60140439
4390647	1:60140439	1	60140439
2650164	1:60140439	1	60140439
7040270	1:33723211	1	33723211
6760202	15:64411495	15	64411495
940577	15:64643691	15	64643691
3310332	15:65092537	15	65092537
4260152	1:161189344	1	161189344
1090301	1:161334658	1	161334658
7200079	1:161496900	1	161496900
6650341	1:161661489	1	161661489
5130112	1:227922918	1	227922918
2970433	1:93466960	1	93466960
4210309	1:93678968	1	93678968
4890706	1:93811569	1	93811569
1990446	1:175126644	1	175126644
3610164	1:113112746	1	113112746
1430279	1:113083439	1	113083439
4120487	1:20834610	1	20834610
6400097	1:20834610	1	20834610
5090372	1:20944889	1	20944889
2490259	1:20917108	1	20917108
2120451	1:207976666	1	207976666
1570441	1:68813000	1	68813000
4250711	1:68796821	1	68796821
1580019	19:12684732	19	12684732
3830192	19:12718351	19	12718351
6330068	19:12731874	19	12731874
2810653	1:40214944	1	40214944
5390181	1:40219280	1	40219280
2690634	1:40246535	1	40246535
7210092	1:40359485	1	40359485
7200041	1:40562993	1	40562993
4640066	1:7909373	1	7909373
6290228	1:7917361	1	7917361
6860048	1:7917361	1	7917361
2230601	1:7917361	1	7917361
610193	1:8021973	1	8021973
7100639	1:8061916	1	8061916
3370121	1:150839686	1	150839686
6380154	1:150918937	1	150918937
4480192	1:151103153	1	151103153
1300279	1:200619031	1	200619031
7210138	1:200600820	1	200600820
6280209	1:200672699	1	200672699
5270142	1:50566266	1	50566266
3780068	1:28564252	1	28564252
3990497	1:28910773	1	28910773
4810014	1:2121118	1	2121118
7330653	1:2121118	1	2121118
1570564	1:2110848	1	2110848
5910301	1:2336210	1	2336210
240086	1:120255370	1	120255370
290156	1:183457396	1	183457396
6270706	1:183509238	1	183509238
3870112	1:184051573	1	184051573
130445	1:43827190	1	43827190
6560133	19:48977019	19	48977019
1170066	19:49092551	19	49092551
540193	1:25688276	1	25688276
580326	5:159879978	5	159879978
5340603	5:81268294	5	81268294
20050	5:81258955	5	81258955
380703	5:143551887	5	143551887
1070402	5:179177271	5	179177271
5860477	5:179127919	5	179127919
7550411	5:179335060	5	179335060
2850537	5:179335060	5	179335060
1740392	5:115411582	5	115411582
5340521	5:118732187	5	118732187
4220088	5:118791832	5	118791832
6100239	5:56237155	5	56237155
6480315	5:56519612	5	56519612
1090692	5:56519612	5	56519612
7570541	5:57790337	5	57790337
6480079	5:57790337	5	57790337
3450093	5:6609139	5	6609139
4730292	5:6727188	5	6727188
3990465	5:7860404	5	7860404
580053	5:7860404	5	7860404
5340487	5:7893121	5	7893121
430142	5:132444128	5	132444128
5090368	5:132444128	5	132444128
2140711	5:132444128	5	132444128
5820068	3:150307263	3	150307263
2470215	5:149882183	5	149882183
130364	5:150103698	5	150103698
2490598	5:150535013	5	150535013
4280273	5:150653612	5	150653612
1500131	5:173301427	5	173301427
380370	5:175804013	5	175804013
4780561	5:175805667	5	175805667
7510315	5:175819951	5	175819951
1110095	5:175808846	5	175808846
6560136	5:95995733	5	95995733
3990112	5:96114550	5	96114550
2260731	5:96322136	5	96322136
2690544	5:96275186	5	96275186
2120450	5:96232700	5	96232700
4120152	5:96506490	5	96506490
4230017	5:100103288	5	100103288
6020470	5:100263195	5	100263195
1090768	5:41851458	5	41851458
7330523	5:43039793	5	43039793
3130154	5:34012492	5	34012492
520544	5:34012492	5	34012492
2970672	7:91875310	7	91875310
1580025	7:93679466	7	93679466
1510746	7:93623458	7	93623458
6770379	13:20426381	13	20426381
1580128	13:20745288	13	20745288
5260095	13:20745288	13	20745288
3610537	13:21191878	13	21191878
5670288	13:21147044	13	21147044
1400682	13:22064560	13	22064560
4210102	3:47459679	3	47459679
6580500	7:154720259	7	154720259
1820332	7:155092225	7	155092225
670082	7:2772431	7	2772431
4070259	7:2862542	7	2862542
1410075	7:5272177	7	5272177
7650047	7:5261560	7	5261560
4120154	7:6061915	7	6061915
6960056	7:6063283	7	6063283
1070242	7:6097868	7	6097868
2680020	7:6485196	7	6485196
1500102	7:6524843	7	6524843
6200743	7:99745585	7	99745585
2190541	7:99786964	7	99786964
4250192	7:44602589	7	44602589
5220682	7:44611077	7	44611077
7150541	7:44810985	7	44810985
1850035	7:44839616	7	44839616
3130358	7:45116468	7	45116468
6280725	7:45120704	7	45120704
4670414	7:134850725	7	134850725
7150259	7:134850725	7	134850725
7150367	7:134939047	7	134939047
3800097	7:137879848	7	137879848
6510196	7:137881690	7	137881690
3710243	7:138741951	7	138741951
2480136	7:27548750	7	27548750
3520463	7:28277107	7	28277107
4290619	7:28724502	7	28724502
6200577	7:28724374	7	28724374
3870324	7:29188870	7	29188870
5870487	7:111059886	7	111059886
780463	7:115891641	7	115891641
580148	7:73820024	7	73820024
6270634	7:75622912	7	75622912
6350600	7:76131695	7	76131695
2340301	7:76944127	7	76944127
3140364	7:77146332	7	77146332
4480368	7:77324425	7	77324425
3310538	7:80320633	7	80320633
1010592	7:80304072	7	80304072
2490333	7:149472112	7	149472112
6180088	7:149612718	7	149612718
4490608	7:150034184	7	150034184
3830047	7:150009679	7	150009679
2940646	7:150070630	7	150070630
1190040	7:150379649	7	150379649
3170091	7:150461004	7	150461004
4880626	7:150271129	7	150271129
6330615	7:150307529	7	150307529
6420671	7:150260147	7	150260147
5360079	7:150439500	7	150439500
4670491	7:150476888	7	150476888
6620681	7:150476888	7	150476888
5720682	7:150476888	7	150476888
5420440	7:150479586	7	150479586
4890136	7:16663706	7	16663706
990343	7:21520212	7	21520212
7000192	6:31229678	6	31229678
1430288	6:31353639	6	31353639
3170064	6:31480671	6	31480671
2640301	6:31536796	6	31536796
650112	6:31555392	6	31555392
7100546	7:102119322	7	102119322
6350333	7:102106306	7	102106306
3940615	7:105147150	7	105147150
6510189	7:65512301	7	65512301
6620598	7:65609453	7	65609453
5900692	7:142926165	7	142926165
7050484	7:143131854	7	143131854
4230719	22:19776019	22	19776019
6940243	22:19935643	22	19935643
290053	22:20079973	22	20079973
4590154	22:20127554	22	20127554
6770672	22:20899316	22	20899316
110382	22:37618637	22	37618637
6760750	22:37970959	22	37970959
6280086	22:37971048	22	37971048
130382	22:38051999	22	38051999
3180273	22:38071511	22	38071511
4390446	22:38085523	22	38085523
5220019	22:38144235	22	38144235
2900246	22:38109115	22	38109115
5570110	22:38136676	22	38136676
630278	22:38204089	22	38204089
7560164	22:38207556	22	38207556
2340598	22:38240368	22	38240368
7040243	22:38454827	22	38454827
3060561	22:29904354	22	29904354
3440167	22:29904354	22	29904354
6380563	22:30214036	22	30214036
7550768	22:30134793	22	30134793
460039	22:30151687	22	30151687
1500136	22:30426069	22	30426069
3440477	22:43338090	22	43338090
1230019	22:43549260	22	43549260
6860753	22:43549260	22	43549260
5080458	22:44386281	22	44386281
3370719	22:44422638	22	44422638
1820386	22:44422638	22	44422638
2760441	22:44845407	22	44845407
2510102	22:45622014	22	45622014
5290382	22:45766689	22	45766689
150021	22:24148787	22	24148787
4490671	22:24266954	22	24266954
2360593	22:24334948	22	24334948
7400537	22:24334948	22	24334948
6020209	22:24891355	22	24891355
7210685	22:40828375	22	40828375
5870646	22:41604399	22	41604399
450670	22:41635204	22	41635204
4040114	22:41779073	22	41779073
4890408	22:42058846	22	42058846
2360706	22:35724659	22	35724659
7560048	6:119178035	6	119178035
630014	6:119474351	6	119474351
130121	6:122720806	6	122720806
6380048	6:125281126	6	125281126
6560390	22:50314573	22	50314573
270736	22:50627704	22	50627704
7510537	22:50976073	22	50976073
7650128	22:50964153	22	50964153
3130307	22:50964153	22	50964153
20452	22:50964153	22	50964153
5130037	22:50974100	22	50974100
6380348	22:51011936	22	51011936
4920546	22:51063477	22	51063477
5290678	4:102271461	4	102271461
3120543	4:103327149	4	103327149
7400626	4:103540762	4	103540762
4230168	4:103625590	4	103625590
6980592	4:103701818	4	103701818
460630	4:106293180	4	106293180
3940411	4:107216896	4	107216896
1820528	4:108535335	4	108535335
130187	4:108535335	4	108535335
4860681	4:156604173	4	156604173
990131	4:156604003	4	156604003
3460014	4:158900674	4	158900674
2650605	4:158898539	4	158898539
1340026	4:159129407	4	159129407
4120615	4:160092305	4	160092305
380201	4:68419485	4	68419485
3870458	4:68419485	4	68419485
1770187	4:125632581	4	125632581
4070050	4:130249270	4	130249270
4250288	4:186333483	4	186333483
2650598	4:187122009	4	187122009
10685	4:80846967	4	80846967
7040431	4:81091389	4	81091389
5560180	4:83765050	4	83765050
3840100	4:83800428	4	83800428
6520451	4:38807853	4	38807853
4640095	4:39602234	4	39602234
5910397	4:39478832	4	39478832
3710189	4:39478832	4	39478832
4780050	4:39516658	4	39516658
6900301	4:39569149	4	39569149
2650408	4:40128158	4	40128158
5910026	4:1341553	4	1341553
4210653	4:1341553	4	1341553
4060112	4:1685979	4	1685979
7160184	4:2814614	4	2814614
5900685	4:2928577	4	2928577
6580487	4:88287993	4	88287993
6280008	4:88286409	4	88286409
3460070	4:88772772	4	88772772
70161	4:88772535	4	88772535
5360273	4:90756550	4	90756550
5960564	4:90754292	4	90754292
4760209	4:146572227	4	146572227
2690296	4:147176097	4	147176097
3310025	4:48913257	4	48913257
4150110	4:53575667	4	53575667
7050609	10:111662938	10	111662938
5390161	10:112262843	10	112262843
6400707	10:114174954	10	114174954
620577	10:114159452	10	114159452
7040286	10:114159452	10	114159452
6940445	10:114111543	10	114111543
540402	10:114188625	10	114188625
5290465	10:115439394	10	115439394
4590167	4:113085630	4	113085630
6420594	4:113196906	4	113196906
1110364	4:114709536	4	114709536
5690181	4:175147698	4	175147698
7050026	4:177239322	4	177239322
130064	4:178361051	4	178361051
270445	4:76408064	4	76408064
4560592	4:20194553	4	20194553
1470551	4:25863538	4	25863538
7320041	10:125763134	10	125763134
7610561	10:126084299	10	126084299
2230091	10:126182864	10	126182864
6380079	10:126304770	10	126304770
1410427	10:126619111	10	126619111
1470632	10:127475085	10	127475085
1980164	10:127563509	10	127563509
1820722	10:26691591	10	26691591
430192	10:26973725	10	26973725
3120086	10:26973883	10	26973883
20521	10:27364894	10	27364894
580470	10:27364894	10	27364894
2570131	10:100189138	10	100189138
1570139	10:100221120	10	100221120
2360392	10:101478721	10	101478721
240097	10:102000701	10	102000701
2900041	10:71785323	10	71785323
3140553	10:71931012	10	71931012
3800463	10:73093352	10	73093352
6620292	10:73508791	10	73508791
4610273	13:100518580	13	100518580
2070044	13:100238848	13	100238848
4760377	13:101171539	13	101171539
2850382	13:101373056	13	101373056
4050451	13:103315948	13	103315948
4810438	4:6614954	4	6614954
6550709	4:7051065	4	7051065
2690187	4:7939008	4	7939008
1980204	4:8355472	4	8355472
4540010	4:8368433	4	8368433
3930546	4:9929738	4	9929738
2100367	10:120828295	10	120828295
5050112	10:121621290	10	121621290
2450435	10:134168741	10	134168741
5050634	10:135063876	10	135063876
2630356	10:135079788	10	135079788
5670093	10:135176091	10	135176091
830315	10:135197419	10	135197419
4850538	10:135197419	10	135197419
3420088	10:135229239	10	135229239
5570639	10:44014299	10	44014299
5670095	10:44018320	10	44018320
670279	10:44016826	10	44016826
6110053	10:44023085	10	44023085
3870193	10:104221539	10	104221539
4280561	10:104270781	10	104270781
1850524	10:104623053	10	104623053
2900068	10:76047464	10	76047464
6200437	10:76459977	10	76459977
2760202	10:76431808	10	76431808
3130450	10:75928933	10	75928933
7550161	10:75928933	10	75928933
1030241	10:75928933	10	75928933
3780674	10:77197170	10	77197170
650743	10:77140864	10	77140864
7210367	10:79291868	10	79291868
5550452	10:79312437	10	79312437
2680424	10:79322102	10	79322102
6270100	13:113927208	13	113927208
1410020	13:114131954	13	114131954
1580706	13:114515105	13	114515105
5360619	13:115008038	13	115008038
3170561	13:115008388	13	115008388
4880521	13:115008038	13	115008038
70041	13:115064423	13	115064423
5860187	10:13341185	10	13341185
7550670	10:13329212	10	13329212
6040603	10:14738027	10	14738027
1190075	10:15145855	10	15145855
5860066	10:15205723	10	15205723
3930382	10:15201886	10	15201886
3060661	10:15902303	10	15902303
6130382	10:16555862	10	16555862
5310280	12:29926776	12	29926776
3930343	13:31312178	13	31312178
4640673	13:31905641	13	31905641
1440452	13:33070506	13	33070506
990020	13:33074674	13	33074674
6040192	13:33074674	13	33074674
870167	13:33376884	13	33376884
5130750	10:94522438	10	94522438
3170273	10:95194377	10	95194377
4670592	10:95194377	10	95194377
6510707	10:95193790	10	95193790
7510709	10:95277729	10	95277729
3180097	10:95278683	10	95278683
4480546	10:64564892	10	64564892
6960523	10:65012750	10	65012750
7000224	10:69643342	10	69643342
2510292	13:79183874	13	79183874
3180563	13:95253920	13	95253920
1710132	13:48694613	13	48694613
780500	13:50008301	13	50008301
6100521	13:50101526	13	50101526
1430735	10:5464706	10	5464706
2470259	10:5938544	10	5938544
1570300	13:24852053	13	24852053
160026	13:25808286	13	25808286
1690259	10:89417645	10	89417645
7150059	10:90658059	10	90658059
6480059	10:90754909	10	90754909
3420026	10:90751380	10	90751380
460438	10:90772272	10	90772272
5360148	10:91005952	10	91005952
1190504	13:52731004	13	52731004
1510091	13:53009048	13	53009048
1050672	13:53046836	13	53046836
7040711	13:53046836	13	53046836
6370368	13:61022774	13	61022774
3290379	12:107302183	12	107302183
4850414	13:42572649	13	42572649
5670470	13:42392341	13	42392341
6420398	13:42879230	13	42879230
1450333	13:42851334	13	42851334
5700725	13:43550243	13	43550243
2190707	13:43597706	13	43597706
3170446	16:56485554	16	56485554
2510731	16:56531185	16	56531185
870671	16:56535059	16	56535059
1410246	16:56506126	16	56506126
4610189	16:56905250	16	56905250
4570458	16:56905250	16	56905250
6510427	16:57315367	16	57315367
2030376	16:74565232	16	74565232
5340167	16:74596189	16	74596189
4560541	16:74713054	16	74713054
2100333	16:75182354	16	75182354
3710592	16:75185764	16	75185764
6200494	16:75344787	16	75344787
6370019	16:75496907	16	75496907
1710204	16:75590113	16	75590113
5310674	16:77233338	16	77233338
4120768	16:77758766	16	77758766
6450189	16:78312497	16	78312497
3460564	16:23862213	16	23862213
6840615	16:23862213	16	23862213
10630	16:27412414	16	27412414
6330377	16:67471926	16	67471926
2970050	16:67699948	16	67699948
1510630	16:68020492	16	68020492
6480037	16:68177036	16	68177036
6380364	16:68317061	16	68317061
4810274	16:89601472	16	89601472
5900332	16:89691142	16	89691142
1850309	16:89967514	16	89967514
4760433	16:89786121	16	89786121
4210066	16:90025320	16	90025320
6350075	16:90033438	16	90033438
6860291	16:90103246	16	90103246
5820647	16:31054040	16	31054040
1710070	16:31330161	16	31330161
650626	16:8728999	16	8728999
6580291	16:8756935	16	8756935
3180450	16:9207529	16	9207529
4540072	16:11428538	16	11428538
3180672	16:11704903	16	11704903
7160246	16:731725	16	731725
6900431	16:792190	16	792190
1230228	16:856328	16	856328
2320088	16:1004554	16	1004554
670639	16:48375777	16	48375777
3800603	16:69968892	16	69968892
2710546	16:70548219	16	70548219
5570615	16:71318001	16	71318001
6520075	16:19517021	16	19517021
6480600	16:20695371	16	20695371
6980048	16:58849571	16	58849571
5690053	16:66598583	16	66598583
5080367	16:66637281	16	66637281
7510097	16:66630552	16	66630552
4850736	16:66600479	16	66600479
6020746	16:66646591	16	66646591
3890551	16:66646591	16	66646591
4010243	16:66860993	16	66860993
5550035	16:84209498	16	84209498
6380131	16:84208032	16	84208032
2940707	16:84211969	16	84211969
3360563	16:84506170	16	84506170
2000767	16:84690467	16	84690467
4180079	16:84839954	16	84839954
5360154	16:85057415	16	85057415
5870301	16:85099251	16	85099251
2630553	16:85812631	16	85812631
50681	16:86566596	16	86566596
7380327	16:87402261	16	87402261
160291	16:29860685	16	29860685
3360646	16:29850705	16	29850705
4280291	16:30089908	16	30089908
3870601	16:30018720	16	30018720
4730450	16:3194657	16	3194657
7100300	16:3330179	16	3330179
1820689	16:3290929	16	3290929
20451	16:3291467	16	3291467
6330315	16:3319193	16	3319193
4230575	16:3373351	16	3373351
4590451	16:3515279	16	3515279
6980477	16:3670799	16	3670799
2230129	16:3634746	16	3634746
450376	16:2138584	16	2138584
3710215	16:2259393	16	2259393
6200243	16:2263146	16	2263146
2100079	16:2301520	16	2301520
6840767	9:86096262	9	86096262
3390129	9:86256431	9	86256431
7160674	9:86271703	9	86271703
150647	9:135119472	9	135119472
4490687	9:136029645	9	136029645
2600452	9:136281886	9	136281886
6590661	9:136205775	9	136205775
3710324	9:136268084	9	136268084
6510689	9:99249548	9	99249548
3140520	9:100337953	9	100337953
4920451	9:100665624	9	100665624
3440446	9:100669736	9	100669736
3370010	1:212441128	1	212441128
380356	1:212534377	1	212534377
160296	1:212702656	1	212702656
6860113	9:140157701	9	140157701
630181	9:140301523	9	140301523
3140193	9:140349874	9	140349874
4200204	9:140508031	9	140508031
2030438	9:35752252	9	35752252
460519	9:127984860	9	127984860
2470634	9:128474451	9	128474451
650619	9:129176730	9	129176730
990280	9:129657280	9	129657280
5870326	9:130166857	9	130166857
5390347	9:130185385	9	130185385
6370594	9:4667712	9	4667712
3940189	9:5045916	9	5045916
2490100	9:107540809	9	107540809
7040349	9:107537681	9	107537681
4730541	9:108149675	9	108149675
2260315	9:108149850	9	108149850
7550243	9:108447753	9	108447753
3140280	9:111755008	9	111755008
5260309	9:71749551	9	71749551
3120615	9:71766257	9	71766257
2470093	9:71782869	9	71782869
6650037	9:131219877	9	131219877
770692	9:131588888	9	131588888
7330259	9:131788129	9	131788129
3120437	9:131873222	9	131873222
6040114	9:131909736	9	131909736
4540086	9:92322847	9	92322847
110685	9:93557698	9	93557698
2570471	9:94700062	9	94700062
4120722	9:95216613	9	95216613
6250196	9:95199416	9	95199416
5270619	9:95740896	9	95740896
1770168	9:95795859	9	95795859
3830605	9:139261991	9	139261991
3710685	9:139266405	9	139266405
60706	9:139279981	9	139279981
3370255	9:139323311	9	139323311
2600343	9:139327143	9	139327143
3370661	9:33022000	9	33022000
3460386	9:33146528	9	33146528
2060195	9:33255483	9	33255483
2510324	9:34353879	9	34353879
2750035	9:34340521	9	34340521
430139	1:76196912	1	76196912
5390553	9:123593159	9	123593159
7650474	9:123633948	9	123633948
1340241	9:123762321	9	123762321
1440630	9:123809890	9	123809890
2370482	9:124061902	9	124061902
1070324	9:124252503	9	124252503
5890195	9:125022292	9	125022292
5910195	9:125002218	9	125002218
460204	9:19114165	9	19114165
2600291	9:21801530	9	21801530
7560180	9:114930722	9	114930722
1340128	9:115140276	9	115140276
3170095	9:115867018	9	115867018
7560706	9:115887853	9	115887853
3180382	9:115958855	9	115958855
3190338	9:116139260	9	116139260
3120162	9:116152990	9	116152990
3310523	8:144394845	8	144394845
4220239	8:144387780	8	144387780
5870390	8:144416901	8	144416901
610148	8:144643169	8	144643169
520639	8:144682311	8	144682311
2900347	8:144767432	8	144767432
1190110	8:145642886	8	145642886
5700348	8:145642886	8	145642886
2810687	8:145747597	8	145747597
3060477	8:146017782	8	146017782
1050709	8:146017782	8	146017782
20707	8:146045454	8	146045454
5310309	8:146200945	8	146200945
2030482	8:17925331	8	17925331
3310441	8:19691603	8	19691603
6020243	8:20028464	8	20028464
3170451	8:21957933	8	21957933
5870164	8:134050012	8	134050012
1990753	8:134050012	8	134050012
1230070	8:134291750	8	134291750
450253	8:141986395	8	141986395
3290187	8:52743043	8	52743043
6370164	8:29946440	8	29946440
1570538	8:30484054	8	30484054
5220762	8:30535660	8	30535660
5720433	8:31030275	8	31030275
2260309	14:20814865	14	20814865
150176	14:20909816	14	20909816
6840075	14:20933999	14	20933999
2940685	1:22968425	1	22968425
1660520	1:23060951	1	23060951
1010519	1:23061958	1	23061958
3870484	1:23429122	1	23429122
5340338	1:23847464	1	23847464
4730162	8:109455863	8	109455863
4050711	8:71555260	8	71555260
7050433	8:74206582	8	74206582
1850156	8:8540189	8	8540189
4260243	8:8612786	8	8612786
6220722	8:10193583	8	10193583
240309	8:11699408	8	11699408
3610709	8:82044397	8	82044397
7330296	8:82044397	8	82044397
1240228	8:82044397	8	82044397
7380707	8:82644442	8	82644442
940324	8:82712929	8	82712929
6580376	8:82785286	8	82785286
1500681	8:86088106	8	86088106
5290187	8:124453662	8	124453662
2810167	8:124454579	8	124454579
3170300	8:125802018	8	125802018
2070010	8:38260433	8	38260433
1440446	8:38845716	8	38845716
110711	8:38841810	8	38841810
1190703	8:39860716	8	39860716
7330333	8:24188844	8	24188844
1690192	8:24261526	8	24261526
2470184	8:24238839	8	24238839
3310682	8:25303443	8	25303443
2940398	8:25411192	8	25411192
4590619	8:26358145	8	26358145
6420373	8:99127477	8	99127477
2680553	8:101192524	8	101192524
5360379	8:61452046	8	61452046
3940678	8:61505331	8	61505331
2510338	8:64012965	8	64012965
6770348	8:66523271	8	66523271
6620315	14:74459620	14	74459620
7100274	14:74626544	14	74626544
3130079	14:75479582	14	75479582
5910148	14:75549370	14	75549370
7570139	5:147578119	5	147578119
2710653	5:147563463	5	147563463
7570326	5:148120217	5	148120217
2940706	14:99908808	14	99908808
50543	14:100058986	14	100058986
6550754	14:100561406	14	100561406
2710463	14:100845457	14	100845457
4860224	14:100837230	14	100837230
3710068	14:100837230	14	100837230
2260370	14:100875777	14	100875777
4780671	14:53163864	14	53163864
5260014	14:54874556	14	54874556
2710176	14:90346398	14	90346398
990112	14:90561735	14	90561735
2680164	14:90745422	14	90745422
1660477	14:91094774	14	91094774
6220438	14:91496078	14	91496078
150195	14:91714384	14	91714384
110092	14:105638931	14	105638931
1660270	14:64855041	14	64855041
2030368	14:64906591	14	64906591
4010397	14:65174586	14	65174586
6370612	14:65375978	14	65375978
6860553	14:35530236	14	35530236
4260561	14:35517610	14	35517610
5270138	14:35597149	14	35597149
1820072	14:35602273	14	35602273
6590041	14:21154383	14	21154383
130681	14:21259771	14	21259771
1090307	14:21203950	14	21203950
4010296	14:21203950	14	21203950
7320274	14:21539684	14	21539684
5080364	14:69382690	14	69382690
3890397	14:70830750	14	70830750
6200768	2:68417717	2	68417717
4810020	2:68601391	2	68601391
2350053	2:69642970	2	69642970
4920156	2:69625157	2	69625157
7380221	2:201160699	2	201160699
4390390	2:201742345	2	201742345
7320326	2:201742345	2	201742345
5700086	5:64858580	5	64858580
4050066	5:64965757	5	64965757
5080110	14:94567032	14	94567032
460379	14:94567032	14	94567032
6020097	14:94854873	14	94854873
1450603	14:45692315	14	45692315
10253	14:50081803	14	50081803
4210750	2:96848207	2	96848207
5720360	2:96888164	2	96888164
7200301	2:97325364	2	97325364
160554	2:97190497	2	97190497
3440367	2:223766127	2	223766127
3400612	2:224729674	2	224729674
1050020	2:32489851	2	32489851
3290044	2:32903548	2	32903548
6200053	2:36780952	2	36780952
360608	2:36781187	2	36781187
5810086	2:170439091	2	170439091
1440477	2:171673475	2	171673475
2370300	2:172403369	2	172403369
4880561	14:77947056	14	77947056
6840753	14:78023519	14	78023519
830189	14:78140329	14	78140329
780379	14:78370455	14	78370455
2470056	14:102414767	14	102414767
3130494	14:102675350	14	102675350
4200703	14:103438905	14	103438905
2060315	14:103576443	14	103576443
5670468	14:103799654	14	103799654
1710735	14:59843913	14	59843913
4490010	14:59657089	14	59657089
1300719	14:59868764	14	59868764
6480747	14:24660228	14	24660228
4120438	14:24736961	14	24736961
1470017	14:24760255	14	24760255
4010072	7:42944146	7	42944146
2140470	7:42943811	7	42943811
4480327	7:42974827	7	42974827
3930653	7:43810695	7	43810695
2940022	7:43805932	7	43805932
5260632	7:43972161	7	43972161
6590292	7:44094935	7	44094935
2140671	7:44094935	7	44094935
580435	7:44134204	7	44134204
4290273	7:44538713	7	44538713
7150661	2:75040084	2	75040084
6060730	2:75040084	2	75040084
2120286	2:75185856	2	75185856
2680541	2:75876190	2	75876190
5570671	2:209033138	2	209033138
5080561	2:215676905	2	215676905
2510224	2:110306085	2	110306085
1300192	2:235334764	2	235334764
2120452	2:238405074	2	238405074
520598	2:48716822	2	48716822
3940242	2:48723667	2	48723667
60309	2:53986698	2	53986698
7200768	2:182323766	2	182323766
1260020	2:24287598	2	24287598
3800050	2:25097644	2	25097644
770504	2:25880344	2	25880344
5690553	2:26515055	2	26515055
7610309	2:152090213	2	152090213
2630209	2:152589308	2	152589308
1240360	14:23299915	14	23299915
5090070	14:23317223	14	23317223
3850520	14:23419167	14	23419167
2940767	14:23586018	14	23586018
5290408	2:71291087	2	71291087
4220187	2:71682950	2	71682950
1260193	2:73320840	2	73320840
4880671	2:74058894	2	74058894
1440343	7:129845202	7	129845202
2030386	7:130273974	7	130273974
2350215	7:133559973	7	133559973
4260139	7:134130720	7	134130720
2650021	2:206610502	2	206610502
110056	2:206610502	2	206610502
1410402	2:206610502	2	206610502
5810411	2:101877409	2	101877409
4200240	2:231385874	2	231385874
5090647	2:232013304	2	232013304
1500491	2:232727163	2	232727163
110139	2:42329329	2	42329329
6180246	2:42607288	2	42607288
6380064	2:44133774	2	44133774
3940653	2:44554724	2	44554724
5310204	2:44530623	2	44530623
290088	2:175529967	2	175529967
4900068	2:176880946	2	176880946
4780647	2:85824039	2	85824039
5260403	2:86076702	2	86076702
3890382	2:86074512	2	86074512
3190059	2:86398206	2	86398206
5340100	2:86437551	2	86437551
5820097	2:219141458	2	219141458
780465	2:219260651	2	219260651
7050138	2:219289643	2	219289643
7040735	2:219658609	2	219658609
1090451	2:113993344	2	113993344
2940743	2:113993344	2	113993344
3290682	2:114494371	2	114494371
1300762	2:120016461	2	120016461
6940619	2:242395554	2	242395554
5960703	2:242189231	2	242189231
7330678	2:242394142	2	242394142
780224	2:242758179	2	242758179
6550020	2:58338453	2	58338453
4260609	2:61372298	2	61372298
3400142	22:36598711	22	36598711
3370066	22:36663248	22	36663248
1510458	22:36677400	22	36677400
6620136	22:36677982	22	36677982
160181	22:36888816	22	36888816
2320707	22:37171611	22	37171611
6480692	22:37259605	22	37259605
1940041	22:37259605	22	37259605
2230288	22:37438728	22	37438728
4570379	22:37438728	22	37438728
3870291	2:191282424	2	191282424
1430026	2:191282424	2	191282424
3520201	2:191471847	2	191471847
7320370	2:192016879	2	192016879
7320678	2:192575111	2	192575111
5960332	2:196528101	2	196528101
2490719	2:197004439	2	197004439
3360468	2:27604279	2	27604279
5690274	2:136638216	2	136638216
6840711	2:136672678	2	136672678
6840286	2:138761167	2	138761167
7040142	2:143790029	2	143790029
3870647	2:9600024	2	9600024
5420762	2:9644304	2	9644304
6900025	2:128599445	2	128599445
5910095	2:131089135	2	131089135
6560041	2:131078267	2	131078267
3890709	18:46269693	18	46269693
4220767	18:46269693	18	46269693
2000593	18:47036699	18	47036699
1770376	18:61639238	18	61639238
3400672	18:61613918	18	61613918
990719	18:21619931	18	21619931
3310142	18:21619931	18	21619931
7650243	18:21748296	18	21748296
450202	4:140105688	4	140105688
1510019	4:140588391	4	140588391
4040482	4:141262661	4	141262661
3440133	4:141932779	4	141932779
5260639	4:142154551	4	142154551
870408	4:142661443	4	142661443
2100678	20:44412567	20	44412567
5690519	20:44607661	20	44607661
1570014	20:60843204	20	60843204
4180717	20:60821550	20	60821550
2690338	20:60953396	20	60953396
2070403	20:60982499	20	60982499
1510154	20:61472596	20	61472596
7400689	20:61569523	20	61569523
4180315	20:32398295	20	32398295
3400577	20:32557842	20	32557842
7200315	18:55215573	18	55215573
3440376	18:55215573	18	55215573
1570273	18:55706887	18	55706887
1770386	18:56395323	18	56395323
2120209	18:76937552	18	76937552
2320673	18:32826661	18	32826661
3180189	18:32951022	18	32951022
7380553	18:32915176	18	32915176
3990382	18:33300419	18	33300419
4280129	18:33759017	18	33759017
3140110	18:34355579	18	34355579
2690541	18:34361762	18	34361762
1090438	20:45836396	20	45836396
4050128	20:46403937	20	46403937
7200242	20:46351920	20	46351920
6330487	20:46403937	20	46403937
3610554	20:47652338	20	47652338
5130674	20:47648856	20	47648856
7000634	20:47795420	20	47795420
1440754	20:62711459	20	62711459
4570500	20:34261126	20	34261126
6180184	20:34270266	20	34270266
2810328	20:34239382	20	34239382
5050437	20:34548865	20	34548865
240546	20:34537160	20	34537160
4560170	20:34539466	20	34539466
360053	18:11886867	18	11886867
2340241	18:11981208	18	11981208
5690246	18:12650900	18	12650900
1980088	4:41940132	4	41940132
5890338	4:44702720	4	44702720
1230731	4:47891953	4	47891953
360445	20:3184571	20	3184571
6350086	20:3196390	20	3196390
6520243	20:3521275	20	3521275
610056	20:3786831	20	3786831
4760338	20:3787390	20	3787390
6900020	20:3850968	20	3850968
3130474	20:3882141	20	3882141
1990438	20:3906078	20	3906078
3710553	20:4132664	20	4132664
2810082	20:42838550	20	42838550
7380139	20:43167661	20	43167661
7380709	20:43516156	20	43516156
1340521	20:43530234	20	43530234
1190445	20:43589041	20	43589041
7050136	20:56942082	20	56942082
4670021	20:57278450	20	57278450
6250017	20:57564695	20	57564695
4390288	20:57564695	20	57564695
4220259	20:57567543	20	57567543
1770519	20:30516266	20	30516266
2900370	20:16562460	20	16562460
3610592	20:16545368	20	16545368
6270288	20:16710791	20	16710791
6900612	20:17629162	20	17629162
3190634	20:17629162	20	17629162
3890408	20:17607788	20	17607788
630100	20:17914792	20	17914792
5960736	20:17958772	20	17958772
460292	20:18168935	20	18168935
4730392	18:3257215	18	3257215
3130332	18:3597864	18	3597864
3450615	18:5243540	18	5243540
270292	20:1350709	20	1350709
7320328	20:1420757	20	1420757
5900441	20:1419199	20	1419199
6510195	20:1552430	20	1552430
940280	20:36335697	20	36335697
1580435	20:36780752	20	36780752
2940446	20:36780752	20	36780752
5560575	20:36758858	20	36758858
5490333	20:37424958	20	37424958
20192	20:37639209	20	37639209
6100615	20:23093456	20	23093456
6450543	20:23631602	20	23631602
2320253	10:105154089	10	105154089
1440241	10:105180910	10	105180910
7320021	11:118958127	11	118958127
6520364	11:119014474	11	119014474
1690324	11:118967758	11	118967758
2450192	11:118986659	11	118986659
2710446	20:6018711	20	6018711
2850259	20:7986095	20	7986095
1570079	20:8169891	20	8169891
4290026	20:9504468	20	9504468
3400397	11:62380119	11	62380119
460397	11:62426978	11	62426978
6900224	11:62742192	11	62742192
2100608	11:126070064	11	126070064
1240309	11:126069841	11	126069841
2260220	11:66121232	11	66121232
2370301	11:66256660	11	66256660
4830484	11:47306630	11	47306630
5810398	11:47379407	11	47379407
1230450	11:113206085	11	113206085
1030259	11:18338202	11	18338202
4760521	11:18311701	11	18311701
3420719	11:18388464	11	18388464
6060470	11:18484786	11	18484786
110291	11:18433005	11	18433005
6350561	11:18726345	11	18726345
5550524	11:19182348	11	19182348
3870253	10:44913271	10	44913271
4560020	10:44907344	10	44907344
540564	10:45459633	10	45459633
10639	10:45459102	10	45459102
3170482	10:45917542	10	45917542
2810121	11:77623782	11	77623782
2940632	11:77738014	11	77738014
4850632	11:77853896	11	77853896
2970296	11:77847971	11	77847971
5860592	11:78285875	11	78285875
520474	11:79119239	11	79119239
1660300	11:82587612	11	82587612
7570184	15:57297779	15	57297779
6380241	15:91494460	15	91494460
6250605	15:91512267	15	91512267
6130193	11:60636227	11	60636227
1690370	11:60707243	11	60707243
520376	11:61221735	11	61221735
6220739	11:123286102	11	123286102
1260451	11:123949440	11	123949440
5080592	11:123942686	11	123942686
2510593	11:63383853	11	63383853
940669	11:63941110	11	63941110
360673	11:130780015	11	130780015
2140176	11:134137444	11	134137444
5360121	11:134137444	11	134137444
730671	11:134142520	11	134142520
670113	11:6634189	11	6634189
1740050	11:6758224	11	6758224
830047	11:67330068	11	67330068
780487	11:67347287	11	67347287
2970356	11:67796756	11	67796756
1070538	11:67793509	11	67793509
70672	11:67811963	11	67811963
2850273	11:68218290	11	68218290
6420239	15:22922576	15	22922576
4200343	15:22922576	15	22922576
4670020	15:22990854	15	22990854
1190288	15:23086929	15	23086929
60184	15:23932467	15	23932467
6760195	13:50101526	13	50101526
620450	13:51466675	13	51466675
1820341	13:52069594	13	52069594
1660195	13:52342206	13	52342206
7510259	13:52514730	13	52514730
2360326	11:116913570	11	116913570
1580465	11:118173783	11	118173783
3890228	11:118168617	11	118168617
3840736	11:30315071	11	30315071
2600070	11:87908346	11	87908346
5270367	11:88091952	11	88091952
2640768	11:88093710	11	88093710
4900747	11:93230802	11	93230802
610519	15:63360847	15	63360847
5560246	15:63340227	15	63340227
460373	15:63408179	15	63408179
1570669	15:63407390	15	63407390
1010315	15:101110356	15	101110356
5890524	15:101119708	15	101119708
510551	15:101599113	15	101599113
3060128	15:101732683	15	101732683
2710025	15:102192418	15	102192418
4900373	11:2321095	11	2321095
6770008	11:2324440	11	2324440
770575	11:2325581	11	2325581
2340441	11:2923826	11	2923826
7400053	11:2942593	11	2942593
4810128	11:2929659	11	2929659
3800634	15:34327821	15	34327821
270017	15:36870688	15	36870688
5810068	11:65405600	11	65405600
3830433	11:65542739	11	65542739
6100180	11:65650515	11	65650515
6580408	11:65645831	11	65645831
6110008	11:65644027	11	65644027
3390379	11:44087989	11	44087989
6760070	11:44117122	11	44117122
6620682	11:44117122	11	44117122
2030170	11:104918695	11	104918695
1580296	11:107091855	11	107091855
3190685	11:107711635	11	107711635
5720445	11:107711635	11	107711635
2070605	11:107992312	11	107992312
2940754	11:108283161	11	108283161
6840605	11:108124299	11	108124299
1430347	16:68317061	16	68317061
4490324	16:68522397	16	68522397
5900286	16:68569459	16	68569459
4200162	16:69311039	16	69311039
6280482	16:69376686	16	69376686
2350524	15:69424143	15	69424143
7150519	11:13315205	11	13315205
5090309	11:13656086	11	13656086
3130661	11:16699145	11	16699145
3290170	11:73633779	11	73633779
6580059	11:73695845	11	73695845
7210093	11:74110353	11	74110353
3940681	11:74530032	11	74530032
4280296	11:74559908	11	74559908
4920398	15:51013595	15	51013595
270343	15:51142733	15	51142733
5570364	15:51980311	15	51980311
3990605	15:89084884	15	89084884
4900086	15:89444180	15	89444180
5560075	15:89455768	15	89455768
2970201	15:89723378	15	89723378
6900475	15:89723378	15	89723378
2710204	15:42640894	15	42640894
4230717	15:42772781	15	42772781
4810370	15:43259081	15	43259081
4780743	15:76608686	15	76608686
7320747	15:77798709	15	77798709
7510025	15:77359514	15	77359514
6840240	15:78735438	15	78735438
1500390	21:47599280	21	47599280
6450154	21:47643442	21	47643442
110270	21:47712185	21	47712185
6380187	21:47691729	21	47691729
1110349	21:47691729	21	47691729
2900403	21:47691729	21	47691729
1510014	21:47714607	21	47714607
2640161	21:48048960	21	48048960
1470392	21:48039367	21	48039367
3850615	21:48039367	21	48039367
380068	11:688091	11	688091
6770228	11:780827	11	780827
10592	11:827955	11	827955
1940132	11:831122	11	831122
6550259	11:831122	11	831122
6200017	11:838842	11	838842
830259	16:11990323	16	11990323
130347	16:15820863	16	15820863
6520497	16:15980247	16	15980247
6770576	21:19163707	21	19163707
6940025	21:26971388	21	26971388
3610743	11:64528750	11	64528750
4760593	11:33737733	11	33737733
1170554	11:34140501	11	34140501
1770500	11:34468936	11	34468936
1240446	11:34475749	11	34475749
4150739	11:95565288	11	95565288
7210154	11:102195124	11	102195124
7150152	15:65974936	15	65974936
6940348	15:66590731	15	66590731
3180288	11:8939887	11	8939887
6270112	11:8939887	11	8939887
7550608	11:8845543	11	8845543
2630044	11:9067400	11	9067400
3830403	11:9481601	11	9481601
6200753	11:9657422	11	9657422
3370575	11:71185357	11	71185357
3940292	15:45640627	15	45640627
7400619	15:45652889	15	45652889
6770707	15:45981317	15	45981317
1450008	15:81600451	15	81600451
3190433	15:81604388	15	81604388
4230360	15:83380848	15	83380848
4040019	15:83502787	15	83502787
240653	15:83756393	15	83756393
3460296	15:83728710	15	83728710
1010168	21:40654840	21	40654840
5570195	21:40591381	21	40591381
6220300	21:40716885	21	40716885
7650615	9:37419497	9	37419497
6480064	9:37501844	9	37501844
4040504	9:37488461	9	37488461
5310241	9:37587742	9	37587742
7610446	9:37871448	9	37871448
6130196	9:37733925	9	37733925
5890706	9:38058578	9	38058578
3190730	15:40328292	15	40328292
2060451	15:40596561	15	40596561
6020398	15:40683702	15	40683702
1340431	15:40962325	15	40962325
5960014	15:40778717	15	40778717
5820333	15:40792856	15	40792856
5340435	15:74326557	15	74326557
1230091	15:74338939	15	74338939
4010041	15:75170082	15	75170082
5570242	21:45731513	21	45731513
3400164	21:45757631	21	45757631
1010600	21:45885275	21	45885275
6280626	21:34113480	21	34113480
450397	21:34631133	21	34631133
5670719	21:34669381	21	34669381
7550181	21:34704320	21	34704320
2570291	21:34821109	21	34821109
3460307	21:34809693	21	34809693
3930703	21:44295629	21	44295629
4890240	21:44324842	21	44324842
4050192	21:44323720	21	44323720
2100537	21:44447347	21	44447347
1230047	21:44473062	21	44473062
6380709	21:37369086	21	37369086
5560543	21:37526162	21	37526162
1450451	21:37540494	21	37540494
6330400	21:38348663	21	38348663
5810630	21:38445879	21	38445879
4250095	19:36168914	19	36168914
4060608	19:36238507	19	36238507
5670139	19:36230174	19	36230174
4050059	19:36238455	19	36238455
5570546	19:36289898	19	36289898
7160148	19:58661549	19	58661549
2370021	19:58708507	19	58708507
6220600	19:58826535	19	58826535
4730187	19:58951693	19	58951693
1030053	19:59079096	19	59079096
7650497	19:850733	19	850733
1240152	19:859368	19	859368
2320187	19:887434	19	887434
3180446	19:887226	19	887226
5820598	19:871222	19	871222
7400554	19:984682	19	984682
2640168	19:1006572	19	1006572
3420333	19:1015961	19	1015961
2230242	19:1060637	19	1060637
2570100	19:1005834	19	1005834
4850280	19:1085252	19	1085252
2600382	19:1100792	19	1100792
6520128	19:1097373	19	1097373
7000132	9:130714930	9	130714930
1230497	19:37660286	19	37660286
5960674	19:12876964	19	12876964
6550064	19:12876964	19	12876964
6200315	19:12987881	19	12987881
2360167	19:13044544	19	13044544
7550110	19:49459104	19	49459104
2360689	19:49617238	19	49617238
870437	19:49664517	19	49664517
5910202	19:49949096	19	49949096
2060128	19:19186705	19	19186705
7400243	19:19425141	19	19425141
1170605	19:19740729	19	19740729
6650408	19:19740729	19	19740729
1070044	19:19721061	19	19721061
1820450	19:54553697	19	54553697
150762	19:54553697	19	54553697
1500678	19:54614270	19	54614270
1450348	19:54666357	19	54666357
3800470	19:54705207	19	54705207
5890497	19:54700585	19	54700585
2470017	19:54732682	19	54732682
6200370	19:54800500	19	54800500
2470162	19:54819909	19	54819909
5890095	19:54816509	19	54816509
620136	19:54816509	19	54816509
610113	19:6668972	19	6668972
2510356	19:6898487	19	6898487
7320324	19:6998233	19	6998233
3780673	19:6998233	19	6998233
6130725	19:7486109	19	7486109
7570008	19:44022669	19	44022669
1660504	19:35270543	19	35270543
4920520	19:57092369	19	57092369
3800037	19:57843920	19	57843920
4590121	19:57865149	19	57865149
2900358	19:3528948	19	3528948
3710039	19:3761652	19	3761652
1230292	8:118535398	8	118535398
840678	8:120613283	8	120613283
1410341	8:120787042	8	120787042
3890372	8:120864840	8	120864840
1660110	19:40170103	19	40170103
1580110	19:40696120	19	40696120
7150678	19:16248944	19	16248944
3850692	19:16441910	19	16441910
3940685	19:51640330	19	51640330
3800386	19:51640330	19	51640330
1770601	19:51640330	19	51640330
7050050	19:51719479	19	51719479
5050707	19:10223296	19	10223296
3930379	19:10222195	19	10222195
2190377	19:10223427	19	10223427
110349	19:46302145	19	46302145
7610072	19:2018080	19	2018080
940152	19:2042886	19	2042886
4210612	19:2100360	19	2100360
6100719	19:2127272	19	2127272
2490142	19:2279190	19	2279190
2750431	19:38987866	19	38987866
160189	19:38987866	19	38987866
5360553	19:39337442	19	39337442
2360608	19:39301274	19	39301274
2750148	19:14828737	19	14828737
3870300	19:14830568	19	14830568
2140136	19:14885873	19	14885873
7610184	19:50370066	19	50370066
540670	19:50401048	19	50401048
3290576	19:50477700	19	50477700
1410598	19:50468923	19	50468923
3290259	19:50846561	19	50846561
2100296	19:50846561	19	50846561
6180064	19:50899566	19	50899566
1430411	19:28312200	19	28312200
6370377	19:30186111	19	30186111
6580709	19:30200936	19	30200936
3060397	8:33380685	8	33380685
5670735	19:8512940	19	8512940
1470196	19:8516677	19	8516677
4890707	19:45381917	19	45381917
730414	19:45442962	19	45442962
3800403	19:45448036	19	45448036
3360291	19:4830628	19	4830628
2370270	19:4947426	19	4947426
540717	19:5696962	19	5696962
1010047	19:41299864	19	41299864
1400408	19:41306362	19	41306362
6770474	19:41697653	19	41697653
6480703	19:41725790	19	41725790
4640403	19:41725790	19	41725790
1470132	19:41929915	19	41929915
1190307	19:42092815	19	42092815
6180608	19:17619544	19	17619544
150148	19:17850305	19	17850305
4120703	19:17835831	19	17835831
2000300	19:18284336	19	18284336
6370278	19:18279816	19	18279816
3850754	19:18402142	19	18402142
3520537	19:52825032	19	52825032
3130370	19:53141625	19	53141625
780471	19:53454789	19	53454789
3870707	19:53494421	19	53494421
6980474	19:53569251	19	53569251
1400438	19:53585275	19	53585275
6060066	19:53649381	19	53649381
1990672	19:48611620	19	48611620
6180377	19:48711022	19	48711022
3800452	19:48831426	19	48831426
6180678	19:48836208	19	48836208
6560079	3:151585256	3	151585256
2710020	3:151597869	3	151597869
240646	3:153978289	3	153978289
510747	14:92519504	14	92519504
1300452	14:93238304	14	93238304
6760717	14:93287176	14	93287176
3290209	14:93690301	14	93690301
6100576	14:93693831	14	93693831
2650167	3:183960252	3	183960252
1030674	3:31678512	3	31678512
2480037	3:32279939	3	32279939
4250048	3:32461239	3	32461239
2140239	3:32455767	3	32455767
1340634	3:33064549	3	33064549
5700646	3:33148001	3	33148001
5220767	3:57950151	3	57950151
2690402	3:58219417	3	58219417
4540725	3:58380465	3	58380465
5870221	3:167736891	3	167736891
1820451	3:167725454	3	167725454
1510743	3:170584064	3	170584064
1510682	3:193422775	3	193422775
3060341	3:195479748	3	195479748
3400097	3:195431255	3	195431255
6200382	3:139392368	3	139392368
6250121	3:87304561	3	87304561
3370687	3:88098956	3	88098956
1300398	3:88273071	3	88273071
5890100	3:93605126	3	93605126
2810280	3:14530721	3	14530721
7150132	14:39568182	14	39568182
1690161	3:120049292	3	120049292
3130768	3:121384081	3	121384081
4490403	3:121498038	3	121498038
6770600	3:121673675	3	121673675
4210465	3:121717577	3	121717577
110372	3:122032834	3	122032834
3610300	3:122131777	3	122131777
3140707	3:122283095	3	122283095
60670	3:158431070	3	158431070
3440195	3:158398281	3	158398281
2340681	3:158481191	3	158481191
1010132	3:158481191	3	158481191
5910689	3:160086055	3	160086055
1710630	3:186639993	3	186639993
1580324	3:38039302	3	38039302
4920669	3:38296817	3	38296817
2060044	3:38435023	3	38435023
2650110	3:39125293	3	39125293
580240	3:39149574	3	39149574
1820746	3:132447257	3	132447257
4480224	3:133547692	3	133547692
6250382	3:134205071	3	134205071
2690064	3:134195885	3	134195885
5310722	3:134584777	3	134584777
2490053	3:66287056	3	66287056
4060692	3:67696816	3	67696816
3420360	3:69385017	3	69385017
1510608	3:178741462	3	178741462
3140543	3:178741462	3	178741462
5220358	3:179272481	3	179272481
290315	3:196604855	3	196604855
2680703	3:196668275	3	196668275
1820025	3:196670092	3	196670092
5910189	3:196668275	3	196668275
580743	3:196674916	3	196674916
6580671	2:88454959	2	88454959
3180719	2:88463237	2	88463237
870735	2:95901265	2	95901265
510128	3:143551893	3	143551893
3890609	3:146250397	3	146250397
1240242	3:98310872	3	98310872
830661	3:98675888	3	98675888
60132	3:98675888	3	98675888
520224	3:99793757	3	99793757
4810524	3:19987539	3	19987539
2470113	3:19983631	3	19983631
3710075	3:124847398	3	124847398
5690041	3:125352479	3	125352479
3890681	3:125800141	3	125800141
940373	3:125799434	3	125799434
4050768	3:126243419	3	126243419
6840301	3:52468940	3	52468940
540240	3:52491447	3	52491447
3850414	3:52823126	3	52823126
5270681	3:52905236	3	52905236
1780152	3:53103262	3	53103262
2650433	3:53131830	3	53131830
6650543	3:10202657	3	10202657
3930750	3:10254162	3	10254162
2690753	3:10316760	3	10316760
2490204	3:113801826	3	113801826
6290435	3:48772714	3	48772714
5860020	3:9423083	3	9423083
4570767	3:9758664	3	9758664
4150193	3:107747924	3	107747924
1440639	16:107275	16	107275
4150563	16:134441	16	134441
2640528	16:189971	16	189971
270129	16:420907	16	420907
2320079	16:447561	16	447561
380148	16:461762	16	461762
5260646	16:686337	16	686337
4860367	3:48507667	3	48507667
7210438	3:48488192	3	48488192
7320468	3:48730116	3	48730116
1240477	6:107093752	6	107093752
3190681	6:107101998	6	107101998
6380327	6:107497166	6	107497166
4060575	6:108400302	6	108400302
3440086	6:42940673	6	42940673
6420296	6:43150520	6	43150520
4050181	6:158571706	6	158571706
6900215	6:158590119	6	158590119
4200440	6:158649763	6	158649763
2600682	6:159065172	6	159065172
2650678	6:159363964	6	159363964
3890326	6:160076945	6	160076945
3420373	6:160224203	6	160224203
3780181	6:30773314	6	30773314
1190367	6:30751136	6	30751136
1500753	6:30882203	6	30882203
5290717	6:116969773	6	116969773
2360370	6:116992558	6	116992558
5700747	6:117791260	6	117791260
2000564	6:119080379	6	119080379
2230010	6:119080379	6	119080379
5890703	6:49430082	6	49430082
2350630	6:49459978	6	49459978
4050687	6:170336502	6	170336502
7610121	6:170676013	6	170676013
4010546	6:170891856	6	170891856
6480440	6:24399680	6	24399680
6200369	2:28992293	2	28992293
6520369	2:30666904	2	30666904
2120148	2:30670973	2	30670973
7040546	2:30666904	2	30666904
6510204	6:88178413	6	88178413
6370768	6:36356322	6	36356322
5900561	6:36348800	6	36348800
670603	6:144357756	6	144357756
4570451	6:3023384	6	3023384
450292	6:3157354	6	3157354
3840537	6:53443269	6	53443269
4730670	6:53443926	6	53443926
4260736	6:31594181	6	31594181
3450156	6:31604010	6	31604010
2260132	6:125596957	6	125596957
630091	6:126135893	6	126135893
540215	6:126744087	6	126744087
6200669	6:26158993	6	26158993
290730	6:26158993	6	26158993
7210333	6:26221173	6	26221173
4610091	6:96051383	6	96051383
6770619	6:38679065	6	38679065
4210138	6:39080864	6	39080864
2350168	2:167235607	2	167235607
3370092	2:169065468	2	169065468
5690064	2:169220410	2	169220410
6110343	17:34361416	17	34361416
2490324	17:34900836	17	34900836
3450747	17:34892731	17	34892731
520278	17:74268619	17	74268619
6420164	17:74571927	17	74571927
3990403	17:74705892	17	74705892
5220070	6:29672529	6	29672529
4010037	6:110735630	6	110735630
6520246	6:110737247	6	110737247
2480072	6:110797214	6	110797214
3930452	6:111151084	6	111151084
50050	6:111207805	6	111207805
430196	6:44081718	6	44081718
540139	6:44216289	6	44216289
4780491	6:11581893	6	11581893
2940367	6:13329380	6	13329380
3940133	6:82539917	6	82539917
7560039	6:33250476	6	33250476
3120707	6:33357231	6	33357231
6180133	6:33599979	6	33599979
6520692	6:33648661	6	33648661
4780446	6:33724794	6	33724794
6110674	18:43678024	18	43678024
2320735	18:44410749	18	44410749
6370477	18:44640412	18	44640412
5820491	6:136817488	6	136817488
4040017	6:137204016	6	137204016
5290719	17:38133792	17	38133792
6220386	17:79271126	17	79271126
1470154	17:79525660	17	79525660
3310097	17:79605285	17	79605285
940300	17:79630334	17	79630334
1850450	17:4801887	17	4801887
1580521	17:4847443	17	4847443
3440070	17:4865928	17	4865928
4040343	17:5018244	17	5018244
3890670	17:43117581	17	43117581
2810468	17:28164263	17	28164263
1050427	17:29160700	17	29160700
7510634	17:72442416	17	72442416
3930053	17:13988508	17	13988508
5050148	17:15447075	17	15447075
2060040	17:15811808	17	15811808
2000209	17:15879910	17	15879910
3180543	17:54947988	17	54947988
4810377	6:7253731	6	7253731
110451	6:7278046	6	7278046
5050053	6:7910435	6	7910435
4850398	6:7910435	6	7910435
4050072	20:48751062	20	48751062
4390703	20:49209846	20	49209846
6020201	6:71372667	6	71372667
160114	6:71591389	6	71591389
3060520	6:32449411	6	32449411
6860189	6:32735311	6	32735311
3450338	6:32796793	6	32796793
3940477	6:32796793	6	32796793
2650156	6:32796793	6	32796793
3420632	6:32811530	6	32811530
7210326	6:32819517	6	32819517
4780358	6:132794775	6	132794775
5310754	6:133030492	6	133030492
2690239	6:133071969	6	133071969
7100161	6:133075441	6	133075441
160333	6:133200185	6	133200185
7160612	17:76793600	17	76793600
430390	17:77071002	17	77071002
6590373	17:80352303	17	80352303
3840370	17:80374899	17	80374899
6560767	17:80402045	17	80402045
2360491	17:80410808	17	80410808
2600646	17:80571886	17	80571886
4010021	17:80680449	17	80680449
5090543	17:80822829	17	80822829
7610440	17:6678180	17	6678180
1050189	17:6978006	17	6978006
4860753	17:7016239	17	7016239
3800576	17:7016239	17	7016239
5260138	17:44820425	17	44820425
2600288	17:45007213	17	45007213
3310646	17:45776330	17	45776330
3460431	17:33324382	17	33324382
1980209	20:18477870	20	18477870
2640500	20:18520532	20	18520532
1570414	20:20047928	20	20047928
270309	20:20017643	20	20017643
1940612	20:21366260	20	21366260
730020	17:73110279	17	73110279
1430402	17:73230856	17	73230856
1570102	17:73243570	17	73243570
1050367	17:73228173	17	73228173
1580129	17:73261415	17	73261415
1110243	17:73261415	17	73261415
380014	17:73308346	17	73308346
7380725	17:73304710	17	73304710
7380059	17:17804725	17	17804725
3780239	17:17979965	17	17979965
7560014	17:18244613	17	18244613
5910215	17:56673602	17	56673602
7610129	17:56637337	17	56637337
510544	17:56643109	17	56643109
4730564	17:57130785	17	57130785
2000220	17:58172447	17	58172447
4640064	12:6493351	12	6493351
7320484	12:6554628	12	6554628
6650639	12:6584679	12	6584679
4780689	12:6602422	12	6602422
2680497	12:6640676	12	6640676
5910541	17:3540693	17	3540693
1430647	17:3577273	17	3577273
4120341	17:3704483	17	3704483
10240	17:3820332	17	3820332
3140148	17:42055839	17	42055839
5290239	12:58335626	12	58335626
2190056	17:26633616	17	26633616
6560564	17:64329197	17	64329197
3310376	11:57283988	11	57283988
2070170	11:57334508	11	57334508
3890082	11:57424000	11	57424000
5080156	11:57432057	11	57432057
130670	11:57462752	11	57462752
3450427	11:57624127	11	57624127
610762	11:57639017	11	57639017
4150431	12:110907573	12	110907573
6980736	12:110857694	12	110857694
780240	12:110894557	12	110894557
5270608	12:111199274	12	111199274
1090546	12:110834659	12	110834659
3800735	12:110992755	12	110992755
3460239	12:110816835	12	110816835
2760678	17:9815187	17	9815187
1070435	17:9818190	17	9818190
5050520	17:48624523	17	48624523
270615	17:48756937	17	48756937
2140288	12:14707773	12	14707773
70608	12:93859555	12	93859555
5080239	12:93851251	12	93851251
1990291	12:94231282	12	94231282
5090050	12:95397552	12	95397552
4540484	12:95477651	12	95477651
2000195	12:95694394	12	95694394
6900600	12:53635679	12	53635679
3310427	12:53873366	12	53873366
4920300	12:54086274	12	54086274
4900053	12:123704598	12	123704598
5260541	12:123758235	12	123758235
5560279	12:123781113	12	123781113
1660286	12:123418231	12	123418231
5220309	12:124020708	12	124020708
4010681	12:9805233	12	9805233
6370414	12:9876091	12	9876091
2490161	12:10005778	12	10005778
1340500	12:10154580	12	10154580
3780358	12:10154580	12	10154580
3170601	12:10154580	12	10154580
6220746	12:75874913	12	75874913
3800243	12:76934013	12	76934013
2190010	12:50384171	12	50384171
6620360	12:50507179	12	50507179
6330356	12:50518926	12	50518926
4880537	12:50599709	12	50599709
5490379	11:118405453	11	118405453
1230639	11:118877563	11	118877563
6220563	11:118919206	11	118919206
6060278	11:118958127	11	118958127
1260440	12:120146925	12	120146925
3840750	12:120902279	12	120902279
7570500	12:121020692	12	121020692
2900220	12:26622942	12	26622942
3360373	12:26348429	12	26348429
2070474	12:27115395	12	27115395
7380270	12:27870807	12	27870807
5490066	12:56396768	12	56396768
2360671	12:133339417	12	133339417
830168	12:133417908	12	133417908
3290687	12:133688707	12	133688707
3180553	12:2987574	12	2987574
7570196	12:3236447	12	3236447
6590243	17:1426967	17	1426967
1820053	17:1494567	17	1494567
5290161	17:1619248	17	1619248
5130594	17:1630992	17	1630992
3710296	17:1646651	17	1646651
6290356	17:1670809	17	1670809
6350240	17:1680192	17	1680192
1660397	12:57489648	12	57489648
2970209	17:19552476	17	19552476
460746	17:19577070	17	19577070
1690608	17:19580494	17	19580494
4900593	17:20049344	17	20049344
670561	17:21031069	17	21031069
1980619	11:6948139	11	6948139
6900053	11:7543519	11	7543519
2940050	11:7692194	11	7692194
3840110	11:8704965	11	8704965
1440768	17:61043288	17	61043288
2510066	17:61796306	17	61796306
3140239	17:61860355	17	61860355
1440064	12:108720945	12	108720945
1690626	12:108653057	12	108653057
780168	12:108939901	12	108939901
4210544	12:109015620	12	109015620
670025	12:109137944	12	109137944
4830010	12:109516361	12	109516361
1990349	17:7474539	17	7474539
1090747	17:7443957	17	7443957
6480184	17:7761512	17	7761512
460040	17:46983820	17	46983820
5870446	17:46983391	17	46983391
4860458	17:47041306	17	47041306
2760138	17:47283815	17	47283815
1170278	12:11274703	12	11274703
7320717	12:89846825	12	89846825
4730408	12:121789927	12	121789927
4810722	12:121826062	12	121826062
1190246	12:121892984	12	121892984
5700717	12:122094278	12	122094278
3130291	12:7053149	12	7053149
4850091	12:7085171	12	7085171
5810424	12:7259381	12	7259381
4150091	11:68522053	11	68522053
5290358	11:68545883	11	68545883
6250576	11:68667198	11	68667198
610445	11:70225234	11	70225234
130608	11:70132780	11	70132780
3990131	12:69088653	12	69088653
7380152	12:69157700	12	69157700
2510152	12:69705362	12	69705362
1690056	12:69747834	12	69747834
4810162	12:69746671	12	69746671
3370747	12:69754189	12	69754189
6650747	12:48670152	12	48670152
1980328	12:49211497	12	49211497
4900753	12:113726152	12	113726152
2360376	12:113771936	12	113771936
2120639	12:21603489	12	21603489
2100368	12:21664879	12	21664879
3170605	12:99101410	12	99101410
6980747	1:212955231	1	212955231
6020368	1:212955231	1	212955231
5690543	1:213038588	1	213038588
5960053	1:214455384	1	214455384
5260408	17:66675	17	66675
2640142	17:260182	17	260182
4640161	17:260182	17	260182
7210671	17:610094	17	610094
6450039	17:617141	17	617141
3390373	17:903163	17	903163
5310332	15:43737880	15	43737880
6940605	15:45052353	15	45052353
1170703	1:167671442	1	167671442
7000431	1:167758901	1	167758901
7400747	1:231186998	1	231186998
4040242	1:231186998	1	231186998
650730	1:231189818	1	231189818
4880181	1:231489353	1	231489353
3460053	1:232746866	1	232746866
3460056	1:233091463	1	233091463
3890187	1:107599258	1	107599258
7200707	1:107599258	1	107599258
6130326	1:108661717	1	108661717
4610220	1:11782506	1	11782506
3990477	1:11844454	1	11844454
3850136	1:11888384	1	11888384
2900768	1:11873506	1	11873506
5550253	1:12059412	1	12059412
7160750	1:12082926	1	12082926
3360242	1:203199081	1	203199081
1010487	1:203256800	1	203256800
6370196	1:54674389	1	54674389
3060347	1:55203630	1	55203630
3400170	1:55238863	1	55238863
4480341	1:55351100	1	55351100
3140441	1:33508775	1	33508775
3420445	1:161008535	1	161008535
7100471	1:161008535	1	161008535
6280333	1:161042063	1	161042063
1430068	1:161042063	1	161042063
870364	1:161151844	1	161151844
1740020	1:226033476	1	226033476
3940639	1:226111945	1	226111945
5890112	1:226329417	1	226329417
1570224	15:78839715	15	78839715
1980288	15:79237293	15	79237293
6560066	15:80193295	15	80193295
4150519	15:80755219	15	80755219
4900044	1:91968278	1	91968278
2480315	1:92823698	1	92823698
6650121	1:246833673	1	246833673
1440142	1:111682118	1	111682118
1500703	1:111737398	1	111737398
870138	1:112032347	1	112032347
6580482	1:112038106	1	112038106
6660047	1:19388932	1	19388932
6480131	1:155033308	1	155033308
1980553	1:155033918	1	155033918
3440452	1:155033918	1	155033918
2140008	1:155070862	1	155070862
1260039	1:155178782	1	155178782
2630753	1:207241206	1	207241206
1030367	1:65516055	1	65516055
6980255	1:65897981	1	65897981
2680382	1:65904455	1	65904455
6380239	1:67155464	1	67155464
3440224	1:38345021	1	38345021
620433	1:38345021	1	38345021
4010348	1:38350899	1	38350899
4210564	1:38465315	1	38465315
2350114	1:39309107	1	39309107
6980398	1:39507161	1	39507161
4290050	1:6436199	1	6436199
6580639	1:6487977	1	6487977
1820703	21:38444890	21	38444890
290343	21:38445095	21	38445095
7320437	21:38517021	21	38517021
2600278	1:150255587	1	150255587
3890500	1:150306125	1	150306125
3420377	1:150383021	1	150383021
10286	1:150527722	1	150527722
3460608	1:150611957	1	150611957
6330484	1:150715782	1	150715782
1430278	1:150789961	1	150789961
2640338	1:150951857	1	150951857
990382	1:197872019	1	197872019
2710240	1:46780007	1	46780007
3120653	1:46877180	1	46877180
5810673	1:47097027	1	47097027
4890491	1:47140785	1	47140785
2640551	1:47844017	1	47844017
6420446	1:47852791	1	47852791
2470240	1:28213213	1	28213213
3420561	1:28219658	1	28219658
3870594	1:159002222	1	159002222
1710674	1:159750802	1	159750802
1230719	1:159981113	1	159981113
5090088	1:220155804	1	220155804
6760685	1:222729673	1	222729673
770630	1:89456659	1	89456659
4540463	1:169941190	1	169941190
160376	1:235667236	1	235667236
1240392	1:236301301	1	236301301
2690672	1:236413230	1	236413230
6270554	1:236723177	1	236723177
540020	1:236714747	1	236714747
6060592	1:110120148	1	110120148
4060707	1:110257590	1	110257590
50672	1:110263526	1	110263526
2510746	19:18454825	19	18454825
3850678	19:18489082	19	18489082
6650086	19:18530161	19	18530161
6550358	19:18680478	19	18680478
2650274	19:18699445	19	18699445
6760414	19:18698019	19	18698019
4280735	1:15817334	1	15817334
4260187	1:153934203	1	153934203
7610152	1:154243115	1	154243115
4390564	1:205736285	1	205736285
4880445	1:205704580	1	205704580
4540370	1:205736285	1	205736285
580332	1:205679887	1	205679887
10386	1:62189541	1	62189541
870458	1:62189541	1	62189541
4670608	1:36186112	1	36186112
7550215	1:161661489	1	161661489
4730204	1:161617497	1	161617497
5420343	1:161912723	1	161912723
2340682	1:162470191	1	162470191
4180612	1:162493123	1	162493123
4280689	1:95551939	1	95551939
1710437	1:100224606	1	100224606
6200386	1:179327327	1	179327327
6900521	1:114255664	1	114255664
6560220	1:114423653	1	114423653
3400440	1:114423653	1	114423653
510129	1:114383097	1	114383097
2000301	1:114462810	1	114462810
6980082	1:22054427	1	22054427
6960300	1:22358789	1	22358789
7550427	1:22355978	1	22355978
6020424	1:156099830	1	156099830
2850576	1:156150052	1	156150052
5870397	1:156275281	1	156275281
520195	1:156275281	1	156275281
2640086	1:156219450	1	156219450
60138	1:70872380	1	70872380
3850010	1:75210847	1	75210847
5550136	1:40815975	1	40815975
3290475	1:41225354	1	41225354
6370273	1:41458690	1	41458690
5420066	1:9333186	1	9333186
7100382	1:9350371	1	9350371
430259	1:9924677	1	9924677
5220035	1:151536685	1	151536685
2900142	1:151747733	1	151747733
6370397	1:201474400	1	201474400
5570601	1:201949888	1	201949888
1510035	1:51903837	1	51903837
730497	1:52818188	1	52818188
4260184	1:52943920	1	52943920
4200543	1:53070393	1	53070393
2810022	1:53155867	1	53155867
7400296	1:53333116	1	53333116
6270475	19:5788773	19	5788773
2510079	19:6328917	19	6328917
2630048	1:31391010	1	31391010
6590300	1:2460608	1	2460608
4210133	1:2520527	1	2520527
4260722	1:3554624	1	3554624
1940605	1:3570883	1	3570883
5560338	1:185409061	1	185409061
4280228	1:185409061	1	185409061
2320402	1:44457305	1	44457305
5490646	1:44776360	1	44776360
5700647	1:45438877	1	45438877
3890288	1:26445915	1	26445915
4730739	1:26851729	1	26851729
1500768	1:1509034	1	1509034
4480017	1:116645757	1	116645757
2190220	1:117675334	1	117675334
7550392	1:182141966	1	182141966
110064	1:182541031	1	182541031
110653	1:182783685	1	182783685
630086	1:43280038	1	43280038
6770279	1:43310639	1	43310639
290114	1:43625035	1	43625035
7330546	1:43850473	1	43850473
3060619	1:43855910	1	43855910
430523	1:43855546	1	43855546
6370646	19:42127907	19	42127907
1850139	19:42315281	19	42315281
6560148	1:24054800	1	24054800
2060121	1:24226528	1	24226528
1050279	5:139044217	5	139044217
1010048	5:139044217	5	139044217
6250373	5:162955415	5	162955415
5490270	5:81610680	5	81610680
4040162	5:88005103	5	88005103
940020	5:145552776	5	145552776
6020523	5:146273312	5	146273312
2100253	5:147184434	5	147184434
2260326	5:147218813	5	147218813
1820360	5:179697535	5	179697535
4560139	5:179998722	5	179998722
6400209	5:60287002	5	60287002
5720398	5:60145448	5	60145448
6770161	5:130628103	5	130628103
270408	5:131573529	5	131573529
7050180	5:131710399	5	131710399
6420632	3:182810144	3	182810144
7320546	3:182872446	3	182872446
2680538	3:183551123	3	183551123
6580553	3:183742328	3	183742328
7610050	3:183736882	3	183736882
4560435	5:148752020	5	148752020
1070014	5:149464108	5	149464108
6840189	5:140031537	5	140031537
5700669	5:140050265	5	140050265
4220255	5:140107452	5	140107452
5270241	5:171577689	5	171577689
6420376	5:172475940	5	172475940
1070736	5:94027011	5	94027011
3360491	5:94053166	5	94053166
6660709	5:94841246	5	94841246
1580048	5:95997266	5	95997266
4920347	5:96084776	5	96084776
5890414	5:39256708	5	39256708
3930367	5:39567016	5	39567016
610152	5:39567016	5	39567016
7650358	5:135397702	5	135397702
7560367	5:135464131	5	135464131
520747	5:76383933	5	76383933
2650148	5:76728085	5	76728085
2230603	5:77339846	5	77339846
1050544	5:77773152	5	77773152
7040600	5:78069039	5	78069039
2630554	5:78558635	5	78558635
2030286	5:78531337	5	78531337
7510086	5:141330544	5	141330544
2600059	5:141407705	5	141407705
620543	3:27601692	3	27601692
940035	3:27601692	3	27601692
1820398	5:177641232	5	177641232
3370487	5:177636571	5	177636571
5810440	5:177649017	5	177649017
2350441	5:177907371	5	177907371
5270754	5:179053197	5	179053197
540725	5:179055265	5	179055265
1690402	5:114542108	5	114542108
2000228	5:114796598	5	114796598
6550026	5:114860161	5	114860161
7200402	5:115304252	5	115304252
5700112	7:32722193	7	32722193
5270564	7:32602649	7	32602649
6380138	7:123379611	7	123379611
6770392	7:87835469	7	87835469
2900626	7:87835469	7	87835469
5860445	7:87907484	7	87907484
540091	7:87933459	7	87933459
3520066	7:90955960	7	90955960
4230674	7:90955960	7	90955960
1050196	7:151255203	7	151255203
3120279	7:151250404	7	151250404
540170	5:10259753	5	10259753
2710491	5:10676032	5	10676032
2940369	5:133509294	5	133509294
6660092	5:134076812	5	134076812
450072	3:126689501	3	126689501
6450685	3:126688271	3	126688271
2970044	3:127394820	3	127394820
2940095	5:150862735	5	150862735
5860064	5:72236312	5	72236312
1770195	5:72841384	5	72841384
7150563	5:73918616	5	73918616
2360022	5:176728458	5	176728458
4210670	5:102201590	5	102201590
3390382	5:102389888	5	102389888
2060450	5:43620582	5	43620582
6020575	5:43824677	5	43824677
2030048	5:36118915	5	36118915
5050647	7:37731418	7	37731418
6480403	7:37755081	7	37755081
6400044	7:37968808	7	37968808
6580452	7:38747782	7	38747782
4260373	7:128668510	7	128668510
2230431	7:128668510	7	128668510
4250753	7:128777461	7	128777461
7160082	7:129778518	7	129778518
3140390	7:95063702	7	95063702
7150167	7:95063702	7	95063702
2320400	7:95961624	7	95961624
