X57 X58 X59 X60 X61 X62 X63 X65 X66 X67 X68 X69 X70 X71 X72 X73 X74 X75 X76 X78 X79 X80 X81 X83 X84 X85 X86 X87 X88 X89 X90 X91 X92 X93 X94 X95 X96 X97 X98 X99 X100 X101 X102 X103 X104 X105 X106 X107 X108 X109 X110 X111 X112 X113 X114 X115 X116 X117 X118 X120 X121 X122 X123 X124 X125 X126 X127 X128 X129 X130 X131 X132 X133 X134 X136 X137 X138 X139 X140 X141 X142 X143 X144 X145 X146 X147 X148 X150 X151 X152 X153 X154 X155 X156 X157 X158 X159 X160 X161 X162 X163 X164 X166 X167 X168 X169 X170 X171 X172 X173 X174 X175 X176 X177 X178 X179 X180 X181 X182 X183 X184 X185 X186 X187 X189 X190 X191 X192 X193 X194 X195 X196 X197 X198 X199 X200 X201 X202 X203 X204 X205 X206 X207 X208 X209 X210 X211 X212 X213 X214 X216 X218 X219 X220 X221 X222 X223 X224 X225 X226 X227 X228 X229 X230 X231 X232 X233 X234 X235 X236 X237 X238 X239 X241 X242 X243 X244 X245 X246 X247 X248 X249 X250 X251 X252 X255 X257 X259 X260 X261 X262 X263 X264 X265 X266 X267 X268 X269 X270 X271 X272 X273 X274 X275 X276 X278 X280 X281 X283 X284 X285 X287 X288 X290 X292 X293 X294 X295 X296 X297 X298 X299 X300 X302 X304 X305 X306 X307 X308 X309 X310 X311 X312 X313 X314 X315 X316 X317 X318 X319 X321 X322 X323 X324 X325 X326 X327 X328 X329 X330 X331 X332 X333 X334 X335 X336 X337 X338 X339 X340 X341 X342 X343 X344 X345 X346 X348 X349 X350 X351 X352 X353 X354 X360 X361 X362 X363 X365 X366 X367 X368 X369 X371 X372 X373 X374 X376 X377 X378 X379 X380 X381 X382 X383 X384 X385 X387 X390 X391 X392 X393 X394 X395 X396 X397 X398 X399 X401 X402 X403 X406 X407 X408 X409 X410 X411 X412 X413 X414 X415 X416 X417 X418 X419 X421 X422 X423 X424 X425 X426 X427 X428 X429 X430 X431 X432
IL.1RA -1.197161736 -0.840540442 -0.263649783 0.952420184 -0.415091339 -1.500930511 -0.854636588 0.265711144 -0.558024045 -0.32181107 0.295249528 -0.864261622 -0.376151774 0.436948415 -0.622522796 -1.019322662 -1.303817834 0.721911341 0.824930396 -1.899578562 0.793493529 1.329293047 -0.187432762 -0.741497527 0.441797424 0.378328812 -0.741568319 -0.559412277 -1.81367118 -0.660433287 0.383353927 -1.225429672 0.873500113 0.067523285 1.335994772 0.32686696 1.435585754 -1.422424152 0.088248292 -0.054086723 0.016251797 0.826476531 -0.793966264 0.834776741 0.497631162 0.372792309 1.227023243 1.641729546 2.049378184 -0.217758109 -0.430035784 1.399845778 0.766004464 -0.061723775 NA -0.324069494 -0.847021506 -0.355270779 0.695017119 -0.563333141 0.025903849 1.214599693 0.333129998 -0.327566895 -0.634285695 1.963025265 -0.513038355 -0.360912431 0.765821739 -1.03753532 -1.256666703 1.04673917 0.736449408 0.100975198 0.238853913 -1.652021756 0.393833373 0.799116643 -0.564200345 1.196852434 0.09182227 0.474413016 0.246842609 -1.196157084 0.098676768 1.308380629 0.723007805 -0.348438366 0.940883534 -0.031692245 -0.080442958 1.107361203 1.500634574 1.106484712 -0.357147782 -0.24253099 -1.006358322 -0.463630966 -0.94927332 -0.947651048 -0.012982761 -0.229001354 -1.496824042 -0.921065293 -0.335757108 -1.483012956 -0.835396138 0.779681162 1.800677275 0.922072446 -0.7561466 -0.650648519 -0.584841976 2.357417929 0.177833232 0.547812636 0.606245053 -1.236493251 0.245966158 -0.474295492 0.386682815 0.855616013 -0.081780452 0.690246711 -1.794808751 -2.036302899 -0.376632368 -0.579877863 -0.173970077 -0.955403969 -1.176034074 0.374012162 0.527911476 1.669948521 -0.661524691 0.69880319 0.30080854 -1.722908608 1.918639823 -0.238851403 0.628081 -0.087913287 -1.029528457 1.286788541 0.973488295 -1.077062317 0.399291389 1.071479311 1.891593699 -1.443867657 -0.647798978 0.106690926 0.120951678 0.493446091 0.723897466 1.322208747 -0.373577746 0.079327148 -1.545243303 -1.239365446 -0.846695746 -0.338216658 -0.597376898 -0.090633177 0.239941705 0.880463803 1.704544944 0.008337101 0.088167133 2.422693791 -0.303147892 -0.481511848 -0.274057412 -0.139231075 0.453108367 1.16221405 -1.005681352 -0.996340307 0.113810463 0.976165097 -0.263808459 -1.46583491 0.677940809 -0.299573403 0.309251804 -0.571586672 -1.736394316 -0.007928281 0.661129344 0.145981455 0.916543752 -0.345275615 -0.009030089 0.049621266 1.150917737 1.552584027 -0.135916269 0.411945199 1.591867818 -1.538760136 -0.082768759 0.156117235 -0.193987032 -1.508502501 0.865762607 2.280980832 -0.49292166 2.492231958 0.174123306 0.90157864 1.169922312 -0.38497828 1.205450203 -0.514613998 0.106773487 -0.382558613 -1.536910959 -0.698582795 -1.206218141 -0.694101492 1.379086456 0.207283557 -0.529478968 0.640283457 -1.471341054 1.081498446 0.942947527 1.380845636 -0.386529416 -0.175477727 0.855552726 -0.252902681 -0.298128703 -1.019376491 0.308450011 -1.084309481 0.188885633 -0.928650298 -0.642530307 -1.045966753 0.811416128 -0.117973085 0.03992538 0.489616398 0.194233646 -0.461568281 -2.134668463 -0.64138666 -0.00590733 -0.685540528 0.161621181 0.662313458 0.507828104 -0.814412887 -0.621013616 0.950820245 -0.684488251 0.432402325 0.993862464 -0.693832754 0.510861678 -0.074176431 -0.949436289 -1.501003457 0.467068715 -0.439397289 -0.234262077 0.005518199 1.023532956 -0.644787507 0.093637447 0.77639165 0.405519408 1.170690685 0.716433908 -0.728823423 0.365657193 1.502495031 0.493267227 1.643957565 0.877300979 -0.206755997 -0.318684913 -1.227859725 -0.650603434 -0.335817883 -0.099894434 0.207351165 -0.735521478 2.285167282 -1.066246861 -0.214550746 -0.572875423 1.311599832 -0.607632847 0.659423353 0.23626526 -0.230152194 -0.288041821 -0.143076509 0.452720008 -0.90232106 -0.202601564 -0.748235626 -1.763846903 -1.738374468 -0.28288817 -0.13923249 -0.449140056 -0.062918863 -0.940862716 1.980201277 -0.547008642 -0.119372652 -1.115375829 -1.34129972 0.041004983 -0.85698169 -0.078565021 1.220284704 1.821054492 0.1810808 -0.466936412 0.754363155 1.233978449 0.723236901 1.235954146 -0.704805333 NA 0.773766187 0.360238773 -1.678848266 -1.298347248 0.589489243 0.960675692 0.138908333
IL.7 -0.598126831 -0.310433513 -0.541131115 0.77473894 0.106991198 -0.268396313 0.777752263 0.28410937 0.392899294 0.943202084 -1.162941233 0.022296144 1.688640696 0.055365821 -0.28716775 0.159326983 -1.558027461 -0.767278116 0.352690812 -2.145586958 -0.459977619 -1.696111782 0.357266562 0.214181716 -0.798609163 1.216633574 0.296310358 0.177679233 0.223013343 -1.305932202 0.120878503 -0.42265544 -0.565535964 -1.233090177 -1.470683492 -0.629428634 -0.22138853 -0.431724878 -0.630428894 0.966026591 2.531775122 -0.167366914 -0.985241455 0.203574661 0.760304018 -1.676520236 1.368694411 1.140131954 0.493852178 0.712155479 -1.084009294 -0.599928267 -0.839853454 -1.283475923 NA -0.432549451 0.965235896 0.506716861 1.883061096 0.485970769 0.978224547 -0.071027582 1.513523545 -0.037805725 -0.421075057 0.846362587 0.96468389 -0.023132848 -0.016918055 1.373216444 0.311959005 1.53386274 0.123884981 -0.69649513 -1.383718104 -0.526494442 -0.599384168 1.755077265 -0.864652724 -0.37233561 0.736687838 1.132815653 -0.010313722 -0.82716224 1.309680412 0.003084244 -0.801879209 -1.707430757 -1.105980533 0.553927027 -0.430185531 -0.746573567 -0.58255228 0.341863129 -0.025206206 -0.363318773 -1.840736164 0.417901875 0.769427001 0.437890206 0.717723724 -0.899920415 0.890284865 0.184641067 -0.055222621 -0.63039821 -1.168479345 0.241273314 -0.550729433 -0.626183379 -0.592096466 -0.100772354 -0.38143333 -0.364703715 -0.667857735 0.376673909 -0.713361914 -0.940417493 -1.249238108 -0.620203993 2.424767897 1.991626947 1.500205818 1.116968144 0.195748002 -0.904108285 -0.100655219 0.439037798 0.772679774 0.658944186 0.430693626 -0.266972218 0.933685743 0.576742255 -1.201356453 0.361208178 -0.576446512 -1.231699739 1.683885761 0.621536859 0.543424187 0.368326721 0.88075089 0.460841296 0.18474976 -1.933841598 0.44701267 0.588736716 1.078465677 -0.269101944 0.116428984 0.100743912 0.13817236 -0.30627054 -1.131104869 0.416215077 1.577384105 1.153992864 -0.646727877 -0.990460878 -0.542964486 0.331318269 -0.892596744 -0.880045986 0.740868522 -0.191475202 -0.838659876 -0.818506108 -0.551407727 1.255690739 -1.413868992 0.101762478 -1.576260961 -0.36536595 -0.539897432 0.306498566 -2.048550672 -0.58911006 0.274140872 -1.069791538 -0.26181265 2.127536159 1.524632621 -0.701836912 -0.336943274 -0.630883073 -0.723121098 1.041766079 1.357667794 1.228454585 -0.549871274 -0.646488533 0.652039644 0.519231497 1.425601393 1.673255934 -1.218610473 0.404064149 0.580712089 -0.270478769 0.032515057 -0.250639626 -0.556356431 -0.460092398 0.265513992 1.517029584 -0.563546191 1.702641143 0.202004049 1.840817989 0.361219495 -0.178022605 0.492761974 0.404702848 0.522610154 0.462956821 -1.109844394 -0.514671051 0.923447971 -0.147234407 -0.475482726 -1.290808998 0.622316522 -0.372509384 0.595240029 1.735405366 0.165146777 -0.69599746 0.063481749 -0.917148401 0.871294284 -0.387776872 1.187578678 -1.000792262 1.545063328 0.495124917 -0.288765051 -0.143032713 0.296415555 -0.337631802 -0.120825512 1.102285654 -1.768005038 1.083911698 -1.663142467 -0.708924216 -1.783350668 -1.068853595 0.128005819 -1.484717565 -0.642885426 0.831600982 0.838653054 -0.462609524 0.597065362 2.357848476 0.026953155 0.975173023 0.476834346 -0.904771387 0.34160159 -0.825855328 -0.162131328 -0.164714615 -0.842520601 0.808203615 0.923909953 -1.027784144 -0.145459829 0.121934316 -0.577308681 0.237025528 -0.192746547 0.952738821 0.072528863 -0.659485202 -1.634320466 1.179850862 0.18679446 0.547533342 -0.922506321 -2.034765152 0.407708835 -1.344459779 -0.026713122 0.154687573 -1.462385163 -0.305453082 -0.670751388 1.648375851 0.193203213 0.068307643 -0.424720972 1.128165188 1.830747669 -0.386069609 -0.371496819 -0.452662495 -1.381610541 0.466147844 -0.323289975 -1.065123827 0.442907067 -0.496715535 -1.122603788 -0.851464231 -0.986883279 -0.72959701 -0.018568964 -0.500145335 1.214059493 -0.097226786 -0.557679164 -0.170185446 -0.353407025 -1.51020932 -0.700708772 0.916393881 0.604094914 -0.010574666 -1.46777288 -0.892660956 0.878256464 0.927900134 1.36046657 0.250048807 0.43507852 0.013269058 NA 0.302282964 1.466083602 0.027796112 -0.370852656 -0.813423343 1.027873256 -0.02159934
GRO.alpha -0.336767485 -0.5009472 0.592073064 1.450076353 0.433050065 0.456345393 0.898053604 -0.020745492 -1.647003259 -1.131183874 -1.038204465 -1.144336712 -1.365608119 -1.81045048 -0.792401969 -1.452173491 0.044343375 -0.106409879 0.227224181 0.525596313 -1.030133216 -0.416378058 -0.422467152 0.559271906 -0.925403924 -0.533745273 1.175708799 0.03298446 0.108212655 0.454289962 1.016067397 1.004757181 1.773449712 -0.679969125 0.209023657 0.598043573 0.94978631 -0.327442288 0.104573367 0.18260913 0.497351693 2.207697743 0.104494387 -0.360582339 0.297779932 1.558600274 -0.17550979 -1.017853423 -0.688511523 -1.288523071 0.630221661 0.990638466 -0.124690366 -1.9166161 NA -0.089054434 1.241213625 0.628277606 0.880964108 -0.861270898 -0.428156095 -0.41096656 0.684564505 0.844452524 0.693274827 1.510425811 1.737634614 1.353647678 1.228757159 2.504417398 0.594163871 -0.719283791 1.42964334 -0.534928122 -1.817020595 -0.782281901 -0.954996061 -2.07102708 -0.37585474 0.040981929 0.102624761 -0.089199763 0.50112546 -1.59518226 0.315988144 -0.606023889 -0.94956326 -0.346785333 0.714665087 -1.657231726 -0.109487872 -1.307123475 -0.005829346 -0.815935612 0.307247506 -0.375214681 -0.023942628 0.292418691 -0.161614379 0.198857159 1.359144967 1.238219284 0.31699125 1.201273487 0.866495238 0.439868217 0.649727225 0.76668261 -0.579504067 -1.03863091 0.447519809 -0.270850791 -1.020735443 -0.925248771 -0.632493866 -0.436115066 -1.133001086 -1.196848837 -0.196711749 -0.72682773 -0.536730974 1.253343594 0.441711458 -0.950275945 0.751439514 0.706633252 0.664061937 0.628490613 1.553186362 -1.227435057 1.185296224 -0.804983808 -0.632833702 -0.373528613 -1.838347258 0.332510039 -0.914401889 0.066369972 -0.102081406 -0.074440693 1.150027908 -0.541608461 0.060228559 0.011977876 -0.488037129 0.083856768 -1.431855707 0.284856817 1.988993172 -1.859881937 -0.627063153 -0.402456482 0.238505966 -0.631899238 -0.22866092 1.347632322 -0.088914277 0.292478228 0.298851583 -0.73673767 1.336096297 1.127557109 0.308039008 -0.068396193 -1.068400353 -0.096101662 -1.160754199 -1.436977879 -0.313725664 0.052992384 -1.61088861 -1.308805858 -1.1035026 -0.290694443 -0.318777864 2.379898245 1.897032538 0.70235958 1.050046513 -0.132504087 0.290122327 1.95438403 -0.753710367 -1.042529171 -0.596622596 -0.095313547 -0.965481774 -0.350281726 -0.055800901 -1.269808859 -1.685065867 -0.602310944 -0.271529386 0.127907628 2.126707248 0.295462948 -2.084065938 -1.197355255 -0.952218927 -1.392574641 0.109379998 -0.333455769 -0.496431394 -0.42622318 -0.650263911 1.266211804 0.686780353 2.244133494 0.365356368 -0.038413131 -0.699355598 0.228286378 -0.014320974 0.800655359 0.362222423 0.49066013 0.607951673 1.552574463 -1.073193788 0.825305836 1.413499436 1.61555371 -0.273623377 -0.291056978 0.048166549 -1.524443815 0.290336571 -1.17004749 -0.488555401 0.29344602 0.766822796 -0.314234294 0.370734542 -0.287296568 1.083733881 -0.327271999 0.799989219 -0.234871685 0.860671561 -1.549989901 0.905729057 0.18437878 -0.25593615 0.902136449 -1.106654958 0.091230861 -0.936931751 -0.718926975 0.57887631 1.263301385 0.177076665 0.200084718 0.782005786 -0.051018403 1.079022434 1.386199344 -0.674916708 1.551748457 0.586070579 -0.194774465 1.778639197 -1.311652209 0.729960979 0.578466198 -0.041046958 0.458945009 0.650978464 -1.281210107 -0.741597115 -0.217506545 -0.40836821 -0.199360039 2.137879017 0.465875234 1.81774431 -0.352487645 -0.021839695 1.041443813 -0.335469541 -0.84965034 -0.710676711 -0.67666861 0.275096882 -0.263627925 0.156256244 -1.54201712 -0.172263001 -0.647137963 -0.619459536 1.092403282 -1.177419795 0.057715198 -0.779411882 -1.074491507 1.307111403 0.22892922 0.585664654 0.95057504 -0.592145092 1.644686915 0.582806206 0.230779054 2.093620626 0.578535823 -0.61473261 -0.340051723 -1.352194617 0.618753664 -0.755683405 -0.403135772 -0.915491209 -0.043200396 -0.783541123 -0.329897799 -1.890372659 -0.059675565 0.61443508 -1.459034594 0.284685694 0.646074665 0.527845888 1.356417045 -0.122596621 0.199888413 -0.509721836 1.013119009 -1.563913569 0.061510822 NA 1.238973373 -0.634940418 1.906792346 -1.047481811 -0.084893354 -0.202163426 -1.257935142
IL.8 -0.311071713 -0.62061627 0.322624269 1.528047448 0.046243662 0.279007907 0.572329317 0.069770846 -0.589523884 -1.147342207 -1.409086932 -1.408521046 -0.970246016 -1.967077774 -1.281232861 -1.496895014 -0.555392307 -0.142402229 1.102715478 -0.139385193 -0.895581752 -0.946195806 -0.69731624 0.092620785 -0.24897628 -0.385766303 1.328866647 0.722595243 -0.252917896 -0.005838059 0.188351103 0.025906554 0.688678524 -1.134600018 0.223942661 1.509037774 0.364969231 -0.199599477 -0.134410103 0.257970125 1.625741645 2.282900558 1.155235438 -0.60779149 0.079086375 1.103098681 -0.445403773 0.79073543 0.61067503 -1.109821308 1.251165078 1.093829988 0.399654939 -1.523368384 NA -0.066822211 0.799226117 0.31656281 0.701918207 -1.374027211 -1.134715299 -0.338690279 0.272756582 -0.044285651 0.236625218 2.31772345 1.569287425 1.136259347 0.314725074 2.044360514 0.100350923 0.121639174 1.194498169 0.436280543 -1.607448526 -1.281075663 -0.813162838 -1.319416222 -0.008406837 -0.00282523 -0.18336914 0.327419148 1.153199787 -2.086747292 0.569122068 0.164135389 -1.203381388 -0.323219672 1.077996586 -1.809430301 0.464966997 -0.408328139 0.614921629 -0.625254858 0.903086966 -0.468082711 -0.262883105 -0.586641597 -0.655805524 -0.489762198 1.359075927 1.307762642 -0.395736404 0.973875778 1.638346028 -0.045606295 0.773765481 0.955471808 0.752108316 -0.869476304 -0.247048334 0.080158449 -0.723209788 -0.53970903 -0.973612653 -0.97226077 -0.72440318 -1.480780415 -0.113982179 -1.241168327 -0.989522255 0.439233248 0.146621265 -1.811260372 0.422267975 0.010065014 0.689827371 1.300199546 1.674051131 -1.132592813 0.281606689 -0.340503311 -0.521342085 0.698678014 -1.741402988 0.913119976 -0.142826128 -0.623910966 -0.094210159 0.528014999 1.110840186 -0.890379777 0.403284 -0.115166652 0.422955318 -0.436216803 -1.514404039 -0.562076203 1.844333784 -1.884648795 -0.689423216 0.304721108 0.906316002 0.585365723 -0.125859737 1.00983418 -0.761204897 0.138031223 -0.26529797 -1.225900191 0.241365364 1.297492088 -0.882058505 0.358861549 -0.464377679 0.155645256 -1.10958824 -0.759514292 -1.315577314 0.71734856 -0.926994946 -0.691008219 -0.355724965 -0.144574968 -0.159805983 2.377001534 1.972183002 0.401552999 1.433280709 -0.198051 0.07498418 1.883353394 -0.671620497 -0.842597465 -0.290133956 0.017139948 -2.015462404 -1.467996237 -0.425866633 -1.014639537 -0.815318468 -0.08459138 -0.523154056 0.626134011 2.25259909 1.890114384 -2.098741266 -0.583027999 -0.069374999 -1.125350883 -0.525004429 -1.046557717 0.139198754 -0.288531277 0.458694539 1.422739624 1.015517669 0.974386911 0.603966332 1.013590084 -1.368362069 0.018548821 0.684519017 0.668429071 0.115264396 1.260719216 0.729914184 0.471135061 -0.480969216 0.483648245 1.578270823 0.601939816 -0.432904076 0.560137595 -0.336255911 -1.322041279 0.988107874 -0.150928987 -0.97736997 -0.1203703 0.318815429 -0.740059961 0.588835324 -0.261260447 -0.067694826 -0.710186354 0.227123625 -0.391038143 0.254268607 -1.256961768 1.013039645 -0.678416203 -0.387743673 1.858302713 0.035304519 -0.95011884 -1.722154154 -1.015536093 0.089790577 0.437636221 -0.965877524 1.130491205 0.492362776 -0.078538149 0.273911046 2.277878071 0.171705044 1.560800686 -0.482431037 -0.704940113 1.735861787 0.11005941 -0.32705937 0.876928891 -0.511211304 0.674769773 -0.145514439 -0.766921976 -1.184636174 -0.498977825 0.401325906 -0.651898208 1.758639258 1.305906591 1.031825745 -0.19849403 -0.619415788 0.326101482 0.764448071 0.515732055 0.824532479 -0.84914955 0.046796529 -1.508151122 -0.309983188 -1.775239959 -1.430230788 0.535166634 -0.921264787 0.798292749 -0.189892635 -1.480295067 -0.953754828 -0.158414496 1.550743715 -1.03182263 -0.106405155 0.243051483 -0.029079948 1.005269835 0.427235703 0.113455615 1.039543308 0.240008943 0.383420396 0.004136559 -0.438943691 -0.860895211 -0.443196208 1.102209559 0.633705791 0.866922951 -0.680821069 -0.207214807 -1.919892627 -0.497114472 -0.206884055 -0.860099166 0.673342068 2.382355597 0.246797395 0.107103049 1.39148651 -0.158490136 -0.473161218 1.859611071 -1.139355066 -0.46028324 NA 1.57367824 -1.347757634 -0.021733184 -1.398129113 -0.851037453 -0.967355459 0.679148256
IP.10 -0.190054075 -1.782928741 -0.468992285 1.275036046 -0.544396154 -0.213231207 0.008515813 0.863243883 0.857163282 0.620174578 -0.879225604 -0.309956135 -0.384145028 -0.619540215 -0.55870058 -1.09596973 0.350602112 0.491029659 1.704576356 -1.012227667 -0.715648521 -0.174895074 -0.93539029 -0.04155396 -0.918949187 -0.241347457 1.292677198 1.149332005 -0.458051198 0.180343142 -1.016770994 -0.50746825 0.206642719 -1.587991121 0.512414893 1.044627398 -0.112669858 -0.586794707 0.413744035 0.671202448 -1.671883942 0.686487399 1.157549168 -1.331450144 -1.386952201 -0.00023329 0.050063999 1.198951538 1.225563136 -1.407678859 1.533338042 0.1763509 2.549099622 -1.586773505 NA 0.280143052 0.376741759 -1.013132705 -0.744829394 -1.523934202 -1.005683792 1.353556118 -0.116838649 -1.931061923 -0.284039923 2.465241492 0.802105312 0.259368887 -1.228746062 0.192024097 -1.325233877 1.123098548 1.174945454 -0.215162978 -0.137152313 -0.832491602 -0.303528358 -0.101610208 -0.131873578 -0.941935643 0.167362169 1.084601611 0.819095797 -0.46179386 -0.374326665 1.881001682 -0.123013872 -0.582997833 0.37054403 -1.381402809 0.538370446 0.472078673 1.762563197 1.469208606 0.162672115 0.239372624 0.440443173 -1.184005416 0.683977147 -0.261894818 1.059634792 0.413800791 -0.158946271 -0.082463447 0.749280215 -1.539136477 -0.084713415 0.223342642 1.226707214 -1.486356333 -0.646020124 0.563731759 0.938813824 1.390990356 -0.642207729 -0.618797503 0.168650089 -1.049171452 0.435651726 -0.840768204 -0.940976734 -0.176864501 -0.062494977 -0.63098813 -0.269579084 -0.880883379 0.250418857 0.646328387 1.118328327 -0.766515782 -0.632126312 -0.698884461 -0.256455032 1.117010749 -0.707853215 1.539383652 1.300054588 -0.32981912 1.94861694 1.19015938 0.791771088 -0.152092659 0.114904461 0.540431411 -0.850011065 -0.916611478 -0.117042294 -0.275962443 0.056158722 -1.414201245 -0.725936165 -1.509342242 0.727957336 0.728928286 0.890950556 0.52647608 -1.305357443 -1.001335062 -0.092544669 -1.740935463 -1.533391423 0.249181219 -1.711069163 -0.426741175 0.3635696 0.1635256 0.461889522 -0.039134533 -0.940749517 1.279156633 -0.080835014 0.214161358 1.475268913 -0.403899965 -0.05647618 0.756186849 0.157268902 0.85589291 0.206823263 2.273755227 1.616438355 0.030648308 0.41492853 0.184501907 0.61283797 -0.261889063 -0.463628398 -0.635372122 -0.241844471 1.229797568 0.934683109 0.451070453 0.585672035 0.672313792 2.600748624 0.95304886 -0.930093008 1.803729348 1.821030867 -0.97614854 0.021783718 -0.905534768 0.952513197 0.011178957 0.858189142 1.023458758 0.381973518 0.185756219 0.945439389 0.349882286 -0.77544748 -0.219561883 1.368491838 -0.683300955 -1.531985766 0.665291319 0.167686533 -0.016748869 -0.269108703 -0.166364987 0.614192834 -1.167103632 -1.671719269 0.785076436 -1.979830261 0.284011912 0.478891665 0.595462383 -1.166126259 -1.122349544 0.016845136 -0.331705087 0.792456899 -1.388063207 -0.514838922 -0.823012972 -1.265653756 -1.325583318 -0.439284474 -0.869249385 0.534762834 -0.332322899 0.361832339 1.88476285 0.828515359 -1.180068136 -1.858701829 -0.479329667 0.072412115 -0.504987709 -1.098432419 1.059129438 0.494208238 -0.260101006 -0.098802671 2.378572836 0.355914006 0.693117411 -0.814211611 -0.064388547 0.96662308 0.59318463 -0.882747799 0.430374892 -1.207927603 1.053021113 -0.521084308 -0.136434476 -0.783353467 -0.94877806 0.388455215 -0.350385588 1.569758947 1.747684522 0.830540862 -0.129410909 0.080760716 -0.121147969 1.325165593 1.081492969 1.181060094 -0.494985952 0.068875017 -1.040499047 -0.438535069 -0.234230217 -1.288164029 0.464725782 -1.285008919 0.747579596 0.1869065 -1.574105678 -0.293939432 0.634707662 0.650087317 -0.827039282 -1.338170328 -0.531700557 -1.304385052 -0.241960825 -0.02242878 -0.314559795 0.601422033 -1.707774861 -1.656075134 -1.219141343 -0.703699028 -1.57594359 -0.953012703 1.169135758 0.333803296 0.831207846 0.597244998 -0.505510913 0.258317367 0.08324579 -0.126942926 -0.587657164 0.544282302 0.965624465 -0.252587205 -0.580809717 1.192746674 -0.675389171 -0.471207383 1.262344761 0.151646515 -0.333119166 NA 2.156249626 0.702298335 0.2793784 -1.193084579 -0.366113441 0.20534576 1.884376025
MCP.1 -0.760746698 -0.874432466 0.234286605 0.691129713 -0.073827611 -0.673443951 -0.081208031 0.59213872 -0.76212697 -0.904493891 -0.403860512 -0.789829217 -0.711499105 -1.299781818 0.303866094 -1.7069076 -0.786164832 -0.017983573 -0.15348138 -0.034393787 -1.482654647 -1.214890687 -1.321857853 0.142646123 -0.582529812 -0.265961969 0.593567178 0.565915659 0.564683604 1.10287774 0.926522468 0.923558752 1.342089098 -1.202003893 -0.090021781 -0.027597482 1.000819638 -0.101207749 -0.476099181 0.256302144 0.104494167 1.764908835 0.317755201 0.073930485 -0.051113838 1.021763161 -0.369921287 -0.129375896 0.517474237 -1.090653428 0.570647402 1.205332618 2.094805068 -1.926483373 NA 0.938190291 1.315651459 0.0985511 0.097438231 -1.031161087 -0.385141662 0.050757966 1.477553282 1.004656029 0.806202238 2.204105632 1.966185756 1.028690064 1.196397233 1.383009486 0.508208536 -0.110662514 1.500171885 -0.489891715 -1.393574288 -1.50938419 0.350673109 -0.275816199 -0.557409308 0.535349958 -1.547856515 -0.860540372 -0.165276513 -1.588088932 1.257588767 0.519122592 -0.708237344 0.142523034 0.378095118 -1.928410412 -0.336392658 -0.725933248 0.827745872 -0.633664555 -0.773575695 -0.010593863 -1.316338855 0.245267563 -1.968171954 0.452221808 1.679963195 1.122897826 -0.806062088 0.793155456 0.759899529 -0.150867031 -0.004708013 1.08099777 0.434900389 -0.243802731 -0.763073221 -0.233182861 -0.178407517 0.274780698 -0.528638932 0.141855077 -0.429299878 -0.296806729 -1.041886658 -0.133892281 0.148698358 1.03052948 0.509724264 0.276327999 0.735977337 -0.410949037 0.451617424 -0.666296788 1.244247925 -1.032757336 0.027644762 -0.677008535 -1.093846668 -1.53382106 -1.557824056 0.52760313 -1.097658494 -0.928769701 0.655019586 -0.405485915 0.18087457 -1.540874399 -1.113033591 -0.661992653 -0.161431234 -1.299380444 -0.472167487 1.304241194 0.777710082 -1.654060546 -0.413629626 -1.089065364 -0.106075411 -1.042408329 1.321624251 1.123988732 -0.648931096 0.985434064 -0.687210656 -2.045064064 -0.002065468 -0.002011172 -0.369030211 0.439746426 0.366544705 0.53794019 0.81101715 0.366996575 0.09601731 1.915092687 -0.180864838 0.726686687 -0.301472761 0.065709616 0.114342298 2.488883092 1.685588156 -0.534730432 -0.27090868 0.591127711 1.393256124 0.566652232 -0.663285039 -1.232953571 -2.105332724 0.464490859 -0.424073773 0.947023818 1.049677732 -0.433002328 -0.103437344 -1.145848082 -0.448996247 0.114574664 1.998544727 1.763019965 -1.859903314 -0.157959862 1.165583733 -1.098218186 -0.274287754 -0.978886925 -0.214331671 -1.540498052 -1.030719188 2.370039872 0.804752961 1.643191293 -0.14626771 -0.015258397 -0.756551403 -0.92224437 -1.022358351 0.411455292 0.205166218 1.00110727 1.277610546 0.448458968 -0.587364394 0.413765882 1.348811689 0.885852721 -0.467673472 0.440926185 0.204041094 -1.272683176 0.250511407 -0.74635986 -0.159435912 0.621175372 1.395981836 -0.476084759 0.441708735 -0.110675227 1.010750302 -0.437773657 0.32955734 -1.402154 -0.012377773 -1.486198518 1.29231218 -0.518356691 0.141980039 0.298377698 -0.998703152 0.163288549 -1.343980594 -0.678245025 1.215288968 0.988693739 -0.256740254 0.888522012 0.592074261 -0.63083053 0.906616688 2.325015626 -0.513921924 1.24834777 0.14474298 0.127169 1.054681933 -1.526976984 0.517244862 0.762551353 -0.187722058 1.083399097 0.067982692 -0.805733476 0.049158742 0.421681488 0.735260235 -0.17040391 1.291764917 1.242460887 2.006652829 -1.277977769 -1.822179254 0.368764881 0.259992375 -0.169159307 -0.825811079 -0.485923661 -1.080592291 -1.70142762 -0.515496581 -1.61851214 -0.618856153 0.568725698 -0.764174561 0.635336691 0.120072741 -0.579427051 -0.57457899 0.082155116 -0.115746751 -1.366409343 0.287890575 0.536395853 0.369264607 1.354092422 0.979148248 0.160233149 1.419596977 0.265724826 0.365575038 -0.150865336 -0.513541684 -0.004845994 -0.746515946 -0.556988525 -0.073155267 1.867608542 -0.098746909 -0.443070168 -1.708080194 -0.935584143 0.641169244 -0.460245532 0.517352628 2.139742536 0.904930524 0.031800914 1.058179487 -0.382852867 -0.931775324 0.754012659 -0.703946415 -1.019441689 NA 0.584548867 -1.624479336 0.012883817 -1.356515215 -0.966299398 -0.827027521 -1.386394527
MIP.1.alpha -0.608403784 -0.513917653 0.440240438 0.643889219 1.078668387 -0.586854152 0.187416989 0.48919574 -1.176434919 -0.915220226 0.248606527 -0.565556065 -0.61514344 -1.121641907 0.771655266 -1.964633967 -1.040070221 0.04470442 0.178384291 -0.181896416 -1.226875688 -0.928025581 -1.315448002 0.39757453 -1.62864073 -0.5512968 0.123780323 -0.131232709 0.314544704 0.568395278 1.368494974 0.951552389 1.638078655 -0.260132203 0.140474857 -0.03049436 0.91518137 -0.33269791 -0.960343817 0.038719323 -0.833343825 1.386173708 -0.39848021 0.950298754 0.429251751 2.261906462 0.083737667 0.641504885 1.20249936 -1.294263289 -0.053187971 1.309943544 0.839191398 -1.872062196 NA 0.196496854 0.339123482 0.499107584 0.786489273 -0.56663604 -0.103671865 0.609233406 1.037489383 2.343249586 0.181749066 1.613210248 1.356734291 0.767161946 1.76363441 1.122496709 -0.021336856 -0.115386114 0.301589245 -0.566101631 -0.935773804 -1.943343112 0.029622348 -0.537258979 -0.912367091 0.193092367 -1.257888657 -0.27815051 0.538638878 -0.089336768 0.700227268 0.565875414 -0.777550875 0.178840772 0.703354333 -1.206679524 -0.501917194 -0.056260235 0.706853515 -0.30800804 -0.594537895 -0.603329153 -1.701476267 -0.026621776 -1.868638555 0.221863339 1.525223652 0.59249171 -1.156962841 0.069503193 0.386151237 0.256175126 -0.084121244 0.983448573 1.107291967 -0.27378774 -0.668200722 -0.195393471 -1.030591008 1.115326776 -1.132793221 0.086482777 -1.317420948 -1.181561334 -0.750339828 0.255901877 0.468304759 1.544502061 1.246126737 0.840618094 0.165447909 -0.079041113 -0.049843973 -0.724883188 0.985649615 -1.130931485 0.064111651 -0.41933708 -0.946756422 -1.726961274 -0.690286356 0.687510418 -1.46537194 -1.081549573 0.888265174 -0.557693685 -0.907457003 -1.185398309 -1.256059046 -0.376666594 -0.074291529 -0.930808816 -0.502740192 0.422022479 1.326619903 -2.012901191 -0.42334217 -0.123638178 0.258853 -1.088273165 1.595251747 0.506843202 -0.411969637 0.631289954 -0.615993125 -1.165612984 0.259873544 -0.091864126 0.379634041 1.144889261 -0.390671487 0.967466891 0.978909351 0.079520474 0.083342367 1.945280372 -0.216539333 0.284113701 -1.305359251 0.130509439 -0.540276859 2.609856799 0.410191363 -1.258912381 0.613203381 0.868430637 0.30761732 -0.174451175 -0.650244956 -1.410205397 -1.900320059 -0.129847776 -1.432054938 1.224219489 0.84326171 -0.658290635 -0.251639259 -1.220514188 -0.718443597 -0.548773102 1.644783794 1.551923259 -1.727537904 -0.493575229 0.999600877 -1.723315913 -0.556404791 -0.198483538 -0.187550557 -1.197146754 -0.634299126 1.036662923 0.204883461 2.927557584 -0.188652281 0.012457974 -0.427139197 -0.941494885 -0.821579551 0.209099238 0.422236027 0.543263105 0.319728169 0.782297718 -0.484814877 0.691361315 1.25257379 1.168283329 -0.047859754 0.26992941 0.094840427 -0.395307683 1.52603859 0.665710386 -0.515043413 0.440977851 1.148945287 -0.331262414 -0.055809374 -0.126372736 1.064846506 -0.921438597 0.998720134 -1.030390843 0.365735529 -1.158668534 1.955689888 0.361681855 -0.173055111 0.594554737 -0.683239664 0.14154114 -1.085362808 -0.192741968 1.590924518 1.329356917 1.376645937 0.135774904 0.86478785 -0.506679409 0.376543609 1.257939364 -0.724115693 0.858997436 1.541443846 -0.247955197 0.779438391 -1.66596343 0.769799275 0.551605524 -0.120137303 -0.363055434 0.439674883 -1.054208667 0.246305934 0.010809661 -0.100901029 -0.539349291 0.829639224 0.422505804 0.391443602 -1.263732131 -1.566975149 1.621455657 -0.937557051 -0.299984374 -0.760389668 -0.61319393 -0.884849112 -1.78208684 -0.576417398 -1.05988484 -0.506824722 0.388978369 -0.644646937 2.043777882 -0.137869095 -0.070404597 -0.677270436 0.222032331 0.634775064 -0.925841254 0.44669978 1.21032475 1.870063673 1.752734317 0.469861933 0.454746864 0.560411549 0.146891385 -0.080216786 -0.270798151 -0.381147172 0.357384783 -0.577655272 -0.88789561 -0.050088356 2.363736779 -0.985310743 0.090206922 -1.312629225 -1.118331052 0.938502847 -0.971250269 0.434448439 1.366084938 1.242831039 0.532786612 -0.328571919 0.269967099 -0.027347353 0.035928141 -0.486302893 -0.924609269 NA -0.522996336 -1.701444227 0.887389809 -1.761910857 -1.304477951 0.056682346 -1.157584366
MIP.1.beta -0.995172202 -0.701969059 0.051344677 1.040524163 0.340528924 -0.539874867 0.546143599 0.689640013 -0.715512686 -0.595085828 0.532025906 -0.408875111 -0.593552689 -0.135854966 0.738352152 -2.038450698 -0.847106599 0.048032938 1.243069556 -0.236446159 -1.430022025 -0.401946969 -1.390209015 0.445725645 -1.56510782 -1.095298503 0.023528858 -0.231860257 -0.355403694 0.032650443 0.929542519 0.521331248 1.443957162 -0.163390974 0.282183469 0.416753869 0.970458001 -0.591087149 -1.125505052 0.220183263 -0.349328182 1.715393653 0.076983302 0.442935768 0.09822941 2.287036753 -0.136948496 1.440692396 1.248619432 -1.748059417 0.238585349 1.083968604 0.519744834 -1.316686748 NA -0.620598045 0.428854884 0.432376676 0.477057008 -1.088073481 -0.200055884 1.085452815 0.647652276 1.928495344 -0.079893705 0.847440942 0.921595571 0.613054945 1.651738442 0.831648993 -1.204146828 -0.277739103 0.857367432 -0.758358245 -0.466758558 -1.993176233 -0.294851666 -1.996466443 -0.759045562 -0.908664538 -0.455832015 0.394682368 0.855698204 2.082238556 -0.019687628 0.760293669 -0.971343436 0.020859281 1.242662863 -1.175210617 -0.360146554 0.193704535 0.759708547 0.442093738 0.309565836 -0.614096475 -0.249293923 -0.192992273 -1.519319317 0.080638191 1.27236868 0.499429764 -0.776690011 0.126771948 0.47645129 -0.104376451 0.319699032 1.378075038 1.358307166 -0.950655469 -0.734660022 -0.303169711 -0.56783451 1.209801886 -1.532646367 0.354137736 -1.269173106 -1.670196118 -0.769271177 0.867787271 -0.481054197 1.125072526 -0.151914623 -0.295039064 -0.193587412 -0.771790906 -0.362205478 1.158381401 0.595147274 -1.78933779 -0.091553018 0.01124389 -0.682946555 -1.016072902 1.69493847 1.384317504 -1.034336173 -1.49345917 0.594942158 0.305682672 -0.250869423 -1.400047555 -1.005334693 0.119808677 -0.985518217 -0.861920448 0.228358541 0.030591893 1.724405468 -1.924965497 -0.701518727 -0.814076107 0.497564223 -0.940107207 1.598184488 0.762538872 -0.348747477 -0.69749049 -0.575910001 -1.506702585 0.387893325 -0.376774706 -0.138124749 0.442632135 -0.39619054 1.275531397 0.456694727 0.063812618 -0.330622475 1.655647849 0.502895445 0.496096416 -1.068474814 0.433733026 -0.319703142 2.5152088 0.161298866 -1.624091819 1.052849117 1.213972366 0.263669577 -0.501865784 0.292732246 -1.079165891 -1.595677312 -0.260268447 -1.308101506 0.9307299 0.012821822 -0.322540376 0.156515813 -0.991730289 -0.941273889 -0.869048661 1.250663022 1.516820315 -1.508571618 -0.230966652 1.367867522 -2.096186544 -0.820157912 1.598561319 0.209490119 -1.246397213 -0.423829872 0.543831657 -0.20688051 2.669502287 1.01374251 0.156027192 -0.752948869 -1.091755012 -0.324886188 -0.381515194 0.164074529 1.021521082 -0.047932097 0.959931574 -0.193830897 0.049944905 1.032844918 0.591789984 -0.885512447 0.689817574 -0.671262115 -0.229648828 1.380890124 0.657936333 -0.971819781 0.126918647 0.694878328 -0.575237263 -0.127129924 0.093690498 0.424544589 -1.47366406 0.674562365 -1.156894109 0.627103739 -1.563225042 1.543628233 0.700456297 -0.171311269 0.827580475 0.44883538 0.007837257 -0.769403784 -0.222532257 1.082468458 1.918212574 1.295766251 0.016076949 1.466855872 -0.756467718 -0.209560551 1.234020433 -0.328081918 0.25247214 1.364566543 -0.221587735 0.714726579 -0.826475534 1.807280499 0.716648318 0.481856962 -0.009289411 0.062064308 0.0753962 0.617699154 -0.150351786 -0.126546166 -0.790093902 0.396321603 0.79663472 0.504194471 -1.079661207 -0.342508333 1.042898345 -1.386192683 -0.575671846 -0.737703563 -0.67593678 -1.441927658 -1.639773669 -1.29274207 -1.151123927 -0.956719426 0.403985187 -0.476662408 2.130272094 0.004959141 -0.182895216 -0.845373335 0.273963331 0.786569651 -0.710098667 0.061375475 0.877813132 1.336210853 1.31804514 0.784616542 0.623059116 0.45890715 -0.511906759 -0.310674917 -0.032863982 -0.45111993 0.054789487 -0.350825435 -0.721468014 0.650937221 1.180454174 -1.004700933 0.058231176 -1.618000545 -1.308462365 0.622955868 -1.355961949 0.236874581 1.066663204 1.689101185 0.241822286 -0.519682125 -0.634481374 -0.035319555 -0.153069696 0.382688128 -0.437239904 NA -0.403715088 -0.91915512 2.187206607 -1.733194054 -1.152827709 0.165783221 -0.023339645
SDF.1.alpha -0.334622065 -0.710966646 0.3765031 1.497251319 0.273571584 0.30009005 0.411622181 0.16259132 -0.702793366 -0.837568772 -0.653646151 -1.160189095 -1.321397156 -1.649434652 -0.600979517 -1.385329074 -0.458801592 0.075673604 0.466171133 0.077120082 -1.42889498 -1.123331837 -1.17365268 0.028654909 -0.264322284 -0.478297734 1.249471995 0.51737214 -0.099889818 0.530067284 1.122925877 0.601788656 2.248616104 -0.84026242 0.240527406 1.16667413 0.986772918 -0.116620951 -0.19970974 -0.03128746 -2.143557617 1.823725988 0.891568066 -0.51344209 0.051630006 1.464909806 -0.31047606 -0.294118884 0.188355525 -0.815358016 0.693429175 1.024706923 0.765610681 -1.746388536 NA -0.026515682 0.790230938 0.485286638 0.717128325 -1.218787326 -1.114156676 0.176687759 1.01656731 0.99796965 0.745743419 1.815361563 1.585344062 1.427557296 1.199911485 2.378562939 0.339368765 -0.28468681 1.724268944 -0.430900414 -1.151555222 -1.781644044 -1.003449382 -1.333714882 -0.815690367 0.089372241 -0.806129411 -0.047113353 0.664046095 -1.697731217 0.444573932 0.199606519 -1.152506539 0.130481601 0.70782449 -2.009875599 -0.055120658 -0.398119889 0.535953792 -0.565623328 0.428066481 -0.072132601 -0.277990034 -0.251269212 -0.786643688 0.128746673 1.343061296 1.239812443 -0.44080708 1.136523161 0.88299923 0.477766922 0.642415134 0.786061478 0.459406206 -1.362369162 -0.359178865 0.138757066 -0.582302129 -0.009685655 -0.811151661 -0.589508938 -1.064283521 -1.354729503 -0.303679072 -1.04306374 -0.733483201 1.262073025 0.310858993 -0.817468041 0.707025435 0.296482972 0.697506427 0.463872239 1.634964963 -1.537350409 0.39409689 -1.039756329 -0.63376214 -0.80572755 -1.598156496 0.863790424 -0.618268072 -1.196346276 0.698164262 -0.001256312 1.532156975 -1.279683363 -1.007789456 -0.199812731 -0.305880038 -1.381883612 -1.317158555 0.023613238 1.913368771 -1.912604977 -0.61702465 -0.445400095 0.459251389 -0.270554064 0.705945848 1.430119537 -1.252488109 0.063821205 -0.344508191 -1.856392224 0.517077074 1.423487207 -0.534959056 0.201783969 -0.022123826 0.264655103 0.06374115 -0.134563994 -0.479600444 1.019051346 -0.22776325 0.144605629 -0.384023855 -0.425190621 -0.261102839 2.375891479 1.797869725 -0.140667352 0.866772448 0.537381042 0.673367127 1.508086772 -0.182616953 -0.724708627 -1.721480873 -0.025430955 -0.936216584 -0.255026563 -0.00596337 -0.166166549 -0.431333892 -0.660963842 -0.140432024 0.275548452 2.252938699 0.636823429 -2.091655581 -0.523012421 -0.039086539 -1.507458697 -0.090631737 -1.30357862 0.020081327 -0.828727526 -0.476086291 1.180127155 0.707384889 2.144149328 0.340066593 0.28375379 -1.016023175 0.076896538 -0.001954436 0.879323846 0.113283105 0.679925077 0.633025712 1.492997595 -1.275107315 0.905587392 1.367631089 1.670554664 -0.715643905 -0.348215704 -0.400843892 -1.306830622 0.416331329 -0.451044418 -1.082879194 0.324690793 0.904075911 -0.752509535 0.494558803 -0.436523671 0.933702216 -0.811096551 0.339858296 -0.979092178 0.833314173 -1.509098089 1.077110195 -0.345192948 -0.337376993 1.07706011 -0.649321956 -0.321250998 -1.578694103 -0.93922012 0.492503933 1.131022207 -0.066948577 0.394789972 0.992225677 -0.355552646 0.984098591 1.649420567 0.089524909 1.275951917 0.349873695 0.2072749 1.656548867 -1.615528748 0.577527133 0.668590189 -0.720145213 0.526885372 0.613950357 -1.423634389 -0.891727772 -0.190086959 -0.03495823 -0.219596337 2.193902918 0.821603163 1.833692838 -0.457017816 -0.085395221 0.903752104 0.367133007 -0.497203874 0.116136519 -0.842885368 0.36497732 -1.290554433 0.048478383 -1.868115488 -1.016334943 -0.530114328 -1.062663127 1.217305634 -0.544422909 -0.252766121 -0.699161904 -0.787854569 1.856048789 -0.592952331 0.417500321 1.200520818 -0.489125828 1.510125295 0.599665306 -0.056024458 2.119391697 -0.074086756 0.317216884 -0.295455831 -0.911822822 0.348628238 -1.526666453 0.288155762 0.100370085 0.489323027 -0.699618405 -0.194988377 -1.654490011 -0.411424979 0.074112382 -1.177820993 0.080324287 1.179356602 0.479963176 0.918534681 0.660427292 -0.259995438 -0.944764125 1.003157015 -1.069617101 0.160654965 NA 1.383829472 -0.634987582 0.838116106 -1.748883654 -1.367692474 -0.687416309 -0.558847069
RANTES -0.821883735 -1.803045151 -0.499398902 1.071596344 -0.695519115 -0.992557626 1.622120794 0.230450173 -0.127062829 -0.077145548 -0.586740982 -0.264938436 -1.268840318 -1.340392818 -0.431730616 -0.616604718 -0.109938015 0.034575176 1.301808663 -1.020781279 -1.257301818 -1.310300433 -1.71123061 -0.317184673 -0.59101441 -0.288698278 1.20958239 0.630047146 -0.14974394 -0.127806733 0.060556043 0.052510988 1.093560611 -1.354688955 0.068868402 0.456031498 0.519980828 -0.1257278 -0.308504016 0.743107971 -2.011931697 2.331173497 0.649717667 0.463898647 0.188262541 0.617208035 -0.440156493 0.639401516 1.826236028 0.68667048 1.464767347 0.198459247 0.986488501 -0.374257486 NA 0.286386321 0.908159865 0.053322303 0.252318127 -1.218254711 -1.792978461 0.396266017 0.985750324 0.356779579 0.507950448 2.397157607 1.870393661 1.467476353 0.854035194 1.616808143 -1.013541426 -0.183948542 1.106361113 -0.712047184 -1.419893777 -1.935557999 -0.703655229 -0.738595048 -0.979285412 0.036579451 -0.507934728 0.672232194 0.919688628 -1.166272747 0.844892507 -0.218867175 -1.133092912 0.114072804 0.437326804 -1.73447736 1.000324556 0.316942371 1.064323677 -0.160374587 0.566219998 -0.257338063 -0.181894975 -0.623852044 -0.414845553 0.147054188 1.283989416 1.25243599 -0.621650363 1.192339436 0.802670886 -0.853543215 0.316226794 1.273255338 0.556433527 -0.806151143 -1.425944504 -0.013736351 -0.066532089 0.197270398 -0.487411864 -0.668815948 -0.378156206 -1.365678514 0.502289521 -1.115770714 -0.803949184 0.601101416 0.65897544 -0.545307528 0.431898983 -0.682872364 0.392414034 0.232953293 1.941226286 -1.413196432 -1.339132413 -1.202207516 -0.023465115 -0.43220736 -1.123569137 1.50210658 0.974545801 -0.401687395 1.41547023 -0.314212551 0.286559116 -0.003201979 -0.570218636 -0.373642003 -0.71371248 -0.953949458 -0.486890101 0.311741746 1.706002258 -1.948067014 -0.426043822 -0.827036545 0.75758804 -0.639746057 0.320279952 0.593593239 -1.153074091 -0.726891494 0.098968742 -1.841520142 -1.255955225 0.606009967 -1.599167265 -0.023302182 0.882390811 0.237042202 -0.200495881 0.820216841 -0.601047182 1.65834834 0.047072494 -0.144762419 0.137374408 0.632210964 -0.397392338 2.347176201 0.835604115 -0.148911065 1.248753998 0.696291422 1.039521015 0.699978527 -0.530453404 -0.44749393 -0.772900992 2.36510295 -0.061269339 1.715644641 0.036477864 -0.457480766 -0.622315475 -0.205459479 0.088641639 -0.215735804 1.945180647 0.636570754 -2.127908961 0.141884856 0.361533525 -1.561830081 0.205365843 -1.648681085 0.061937889 -0.85244882 -0.557242945 0.793291972 1.604884381 1.615129952 0.518769704 -0.081118343 -0.920060074 -1.108554699 0.197920445 0.361206 -1.386058212 0.106141738 0.52290223 0.865210743 -1.879540967 -0.325433721 0.88830961 0.814014392 -0.90825021 -0.055957058 -0.834828335 -1.061598271 0.451234808 0.429861986 -0.987846248 0.035625612 0.34974061 -0.860185147 1.24282369 0.469515649 -0.018265495 -0.64573404 0.254893827 -1.448628511 -0.687927371 -0.961869849 1.311622471 1.263924126 -0.227681138 0.818329957 -0.417070216 -0.446276342 -1.488148033 0.112622285 1.102848799 1.100718561 -0.33897445 0.054644069 0.673406433 0.531132989 0.119062155 1.590880924 1.105721304 1.083742626 -0.731289352 -0.963380146 1.001848743 -0.65783862 0.215494138 -0.033785107 -0.490949875 0.348453325 1.739518738 -0.306890779 0.671523924 0.56531762 -0.021711525 -0.582072639 1.237259024 0.907040125 0.633991203 -0.60432459 -0.088752833 0.347315764 0.480665195 -0.132176224 -0.271375152 -0.611654312 0.049296229 -1.585997349 -1.054872971 -1.418892097 -1.703838086 -0.36161514 -1.630595804 1.599222035 -0.975612337 -0.288887227 -0.848255644 0.238297848 1.347083318 -1.173427481 -0.624006567 0.714135016 -0.129782411 0.324301753 0.832071399 -0.562354851 0.243202502 -0.299615283 1.672379668 -0.802956831 -0.335574732 -0.720917548 -0.790351919 -0.081290176 1.094852088 0.304874398 1.688653354 0.159064927 -1.731261751 -0.957413492 -0.12564226 0.022089547 0.0817054 0.72991403 1.156865354 -0.309828088 0.242774912 -1.100871247 -1.160724678 0.738438338 -0.731302063 -0.335535734 NA 0.533221995 2.267286032 0.917620867 -1.855303002 -1.434493346 -0.19952083 0.358423296
IL.13 0.15509522 2.432844598 0.31951399 -0.329544893 0.933579921 -0.607005321 0.167152922 0.436677002 -0.650557739 -0.485958566 1.210373966 -0.017749949 0.8399523 0.494789631 0.099945205 0.461338451 1.116348297 -0.559520957 -1.861111877 -0.475317376 -0.244357511 0.437877037 0.668489172 0.691126388 0.772965452 -0.219714941 -1.077385904 -1.119199949 0.016474324 -0.15482603 1.444113763 1.95540947 -0.001068944 0.472260341 -0.584250709 -1.006862687 -1.036586435 0.803224103 0.090039461 -0.674610403 NA -1.121768388 -1.612395849 1.550656202 1.294806193 -0.234659527 0.164647402 -1.557311932 -1.833707669 0.636236908 -1.006464758 -0.75915474 -1.317901816 0.621269748 NA -0.259708935 0.095418607 0.803553625 1.965113832 1.429515506 0.187803109 -1.169559786 0.978650522 -0.602985075 0.77212404 -0.625121035 -2.120345934 -0.585819219 -0.377336428 -0.124412824 0.443396561 -0.802920413 -0.902105865 0.123963309 -0.135528055 0.475431787 0.165597523 -1.149583106 0.389505651 1.078161549 0.183939341 -0.46009961 -0.650776301 1.323920525 0.279824139 -0.585849043 -0.099244654 0.2584826 -0.663637761 0.819271408 -0.49354434 -0.710403859 -1.220063006 -0.712754466 -0.098821175 1.534841717 -0.303614382 1.770950356 -0.190057599 0.710897467 -1.661187181 -1.55318502 0.888842096 -1.055588174 -1.42557329 2.163372905 0.166212189 1.06086567 -0.837158715 0.724608161 0.507848168 -0.017997385 -0.852374144 -1.870274726 0.929500713 0.380964974 0.107729899 0.682624981 -0.384590075 1.414996863 0.687813525 0.287355896 0.336372334 1.593891 0.19823523 1.187034967 0.051692482 -0.719965935 -1.008843756 0.245791988 0.839871974 0.597485939 -0.210898575 -0.573919236 0.779459461 -0.69680136 -0.753925415 0.538664464 -1.162654936 -1.293633386 -0.969029769 0.314970346 0.335785025 -0.112656936 0.18514309 0.238271613 -0.323269003 -0.114963543 -0.269539637 2.482707645 0.169654606 0.65845324 -1.25441353 -2.086701284 -0.367269758 -0.196328714 1.392604703 1.347332825 -0.223502516 0.917675035 1.112398143 -1.609956789 1.747509237 0.274928156 -0.586874374 0.030782637 -1.598823256 0.05319395 1.268423049 -1.159765857 -1.271522098 -0.494325149 -0.727396501 1.104327525 -0.407441544 -0.033944005 -0.941079982 -0.72386155 -1.570207328 -0.32787738 -0.120864015 0.003638226 -0.100582097 0.188582845 -0.821551401 -0.010531587 0.50309486 0.42590943 2.003049015 -1.645341201 -1.302176439 -1.079166652 -0.029301768 -1.797896331 -0.796261227 -0.68978317 2.371716734 -1.538524824 -0.972065908 1.099196204 0.262385102 0.128735446 -1.057583207 -0.104702193 -0.421476061 -1.304672586 -0.621485355 0.135574161 -1.02680834 -0.899345826 0.81275545 0.925948745 -0.284793955 0.464983778 0.838069904 -2.125999922 -0.238681143 -0.107803594 0.33913409 0.48791198 -0.869884739 1.407178173 0.69114141 -0.970755987 1.290503246 -0.508647437 -0.524344746 -1.440704003 0.016025784 0.756605418 0.55309118 0.644650373 -1.360931808 1.082473037 0.394790963 0.240594179 1.462786133 1.585994617 -0.33738434 -0.085049312 -1.101458042 0.567933426 -0.210728145 -0.460590192 -0.455871475 0.796284786 1.239511026 0.071369207 1.023737488 2.025036325 -0.079038631 -0.676774342 -0.310798612 0.619881309 0.441039433 -1.499816565 -1.226977234 -0.949607037 1.470182173 1.37520963 -0.738680397 -0.34273011 0.968301741 0.058871248 0.790354774 -0.584177697 2.157906884 0.019943552 -0.108730355 0.105628247 -0.070137246 0.76206652 -1.101513807 -0.625886655 -0.841421019 -0.125465201 0.267898664 0.387228525 -1.335351487 -1.41768392 -2.078885218 0.294475463 0.123106218 -0.142185777 0.650463239 1.208126462 0.638200125 -0.543537545 1.680014821 -0.477114009 -0.893307017 0.859198097 0.615604989 -0.43689083 -0.769583133 0.438339165 0.914253772 0.175522916 0.482982013 0.215614287 -0.089442975 -0.314581123 0.681900564 2.224085279 1.375920965 1.203263708 0.386861509 -0.409982223 0.583196723 -1.128562958 -0.471406773 -0.876922771 0.669510095 0.792101584 0.022071445 -0.343025818 -0.541409025 0.832617924 -0.657099841 -1.643605824 -0.513295603 0.88549143 -1.507587177 1.413850845 -0.003195951 -1.418840988 -0.443985174 1.338209221 NA -1.264400611 -0.552195569 0.465204504 0.258447835 1.78928426 0.196079952 -1.104342109
IL.1.beta 0.887434668 0.850656322 1.642319538 1.307473827 2.035989251 1.650972459 0.953827854 -0.396792107 -0.683116495 0.186234048 -0.828666364 -0.548139271 -1.519480029 -0.572894838 -0.837732971 -0.293955456 -0.663695034 -0.795550717 -1.539371243 -1.188731191 0.469345021 -1.220874958 0.300006166 0.573644003 0.305166144 -0.610819042 -1.588237188 -1.230203633 -1.884245495 -0.867167772 1.000351556 0.142902165 1.262615102 -0.036273376 -0.771899418 0.808934428 0.331027393 -0.001039995 0.215993226 -0.807344342 NA -0.122424864 0.152451729 1.096698908 1.406623325 0.234460498 0.748977002 -0.430658411 0.384243818 1.09763633 0.127682329 0.329299398 -1.466564075 -0.15017411 NA -0.02389785 0.553509612 0.805781774 0.461641662 -0.917577405 -0.236285105 0.184235359 1.159627039 1.638938005 0.929791782 1.65978794 0.947058913 1.120565918 1.88970795 1.568859923 0.782634543 -0.55213127 -0.340512585 1.020032327 -0.559000767 0.261358348 -0.188466453 0.095792445 0.406748915 0.091203888 -0.082197632 -0.894851488 -0.565584622 -1.141809589 0.5678191 -0.411846585 -0.537335097 0.625744374 0.883459326 -0.431822587 -0.638225978 0.287635671 -0.609749554 -1.611363037 -0.332989441 0.168770285 -1.00342833 -1.074470382 -1.041677184 -0.352072018 0.298895029 -1.322770335 -1.503845499 -1.070466703 -0.09330467 0.21849694 -0.206273259 0.663565057 -0.399801651 1.034799233 -1.071905836 -0.803172315 -0.734675819 0.091243527 -0.354539567 1.136122103 -1.167352659 -1.996475863 -0.005564125 -1.370627829 -1.152455395 0.863091137 -0.240175254 -0.784590546 0.990757408 0.328240087 1.372669127 0.747673065 2.571148437 0.083331082 0.049269908 1.850991221 -0.052923838 0.528355067 -0.322344984 -0.788627516 0.320279282 -1.686287731 0.493564936 1.069968138 0.225035239 -0.096420264 0.816807295 -0.207551944 0.871511164 0.254827484 -1.600466951 -0.38798088 1.007692562 0.484130159 0.14595033 0.058459736 0.400178803 -0.75101491 -2.136299078 -0.28787004 0.642579303 -0.049066337 -1.796693571 -0.946799857 0.698424714 0.914388823 -0.401087132 -0.63882232 -0.10043124 -0.994297349 -0.959353929 -0.784482568 -0.107973613 0.494731834 -0.701098468 -1.278131684 -0.344082939 -0.339456458 -0.693612699 0.230481854 0.762758748 0.014417664 1.67945249 -0.583008722 -0.554713116 1.453524219 -0.192415332 -0.008457564 -1.325674292 0.03751661 -1.585696105 -0.380543488 -0.591692334 -0.737900587 0.560191347 0.392340385 -1.806972257 -0.124915456 0.756145023 0.404236594 -2.194688887 0.161037516 -0.608557589 -1.121440637 -1.460172272 -1.351240324 -1.006875433 -0.981932621 0.302583355 0.34798822 -0.859131835 2.11111568 0.32163023 0.122607604 0.289264296 -0.462527784 -0.787106469 2.109179096 0.834548259 0.418903701 1.314270298 1.510968943 0.558671571 0.947484215 1.477568058 1.560586162 -0.104657405 -1.126333302 -0.00275547 -0.089767458 0.717086527 0.336362087 -0.233952179 0.378854648 0.563988475 0.082664423 -0.735569828 -0.888981892 -0.669524327 -1.318450076 1.085038795 -0.70921424 0.013632157 -0.492036259 0.536556733 -0.020590239 -1.028200299 0.253501416 -1.250703921 -0.421765253 -1.127796257 -1.023406994 0.483943987 0.320836032 -0.143847511 0.495935673 0.093875103 0.186659903 1.19917902 0.037967764 -1.534426519 0.946383719 0.468108665 -0.589807168 0.071354965 0.350339931 0.882184885 0.907760786 1.402405175 -0.805471075 0.143061781 -1.414866884 -0.254368246 0.536212187 -1.198836282 -0.702035842 0.519687397 -0.87439047 -0.365402485 -0.197366695 0.589477194 0.689061167 -1.764318946 -0.330697841 -0.713944722 1.471923757 -0.987941955 1.198830914 1.229417193 0.472924386 0.968416443 -0.748707816 0.871725685 2.313506567 -1.003434962 0.033633546 0.401957134 -0.858927522 1.06829878 -0.135318302 0.804821919 1.310414271 1.144463588 1.630291868 1.757088724 0.783594045 -0.855194398 1.094627789 1.016552433 0.395085994 0.366340758 0.744438424 -0.288423066 -1.213513062 -1.332173769 -0.613804912 0.192423509 0.625800616 -1.616913298 -0.254354382 0.845835447 0.36187664 0.078441585 -0.407499565 2.232920056 0.196711122 -1.50775684 -0.516790816 -0.805426147 -0.220119005 0.710933978 -0.573481009 NA -0.51513499 -0.440024896 0.478074796 0.482401181 0.073698467 0.109005862 -0.655847887
IL.2 -1.569706307 -0.454372814 -0.534054926 1.015266175 -0.677276636 -0.815822391 -1.676388978 1.342768119 1.802481774 0.840863368 -0.612778716 -0.722072133 0.518996603 0.202713916 0.130008744 -0.614953469 -0.552488545 -0.625541821 0.103017325 -1.523394097 -0.733376434 -0.652511081 -0.643535789 -0.062579444 0.859127703 0.936764459 0.197328856 0.159622042 -0.507160359 0.074205306 0.018108259 -1.596806818 0.11700701 -0.455396643 0.199638493 1.873716937 -1.50619486 0.180714734 0.104551199 0.134773545 1.031355905 0.131341539 0.154611521 -1.439341961 1.077192409 0.216447997 -0.422522594 1.018017246 0.191604527 -0.769895212 0.325087324 -0.544622023 0.117840817 -0.625716397 NA 1.054341855 1.019262305 0.58239961 -0.023445281 -0.57147041 0.006576658 0.822808897 1.499252905 1.70189233 -0.068559416 1.163891123 1.670301879 0.866420432 1.502968039 2.358424841 -0.205743262 -0.597359017 0.332600472 -0.547363354 -0.51483188 -0.394522208 -0.621112333 -0.003689303 -1.166123938 0.689502777 -0.450837856 1.06812659 1.340112927 -1.39918979 0.504665417 0.735369758 0.60404715 -0.241761473 -0.092281365 -0.53024372 0.171931135 0.14808728 -0.470172739 0.520617359 -0.612986057 -1.107661935 -0.417914597 -1.227506892 -0.707724725 0.543524006 0.865858678 0.429945364 -0.53918689 0.972875927 0.22394233 0.100814072 0.279390904 0.448071001 -1.149689423 -1.83375847 -1.109803102 -0.802620676 -1.919509905 -1.20347516 -0.195272193 -0.501811925 0.149115137 -1.080451588 0.14812317 0.34702392 -0.984406829 0.629719935 -0.982604678 1.281350759 1.064149349 0.561873149 0.115082356 -1.125071482 1.156621482 -1.655928185 0.416023806 -0.319948719 0.779125767 0.364452891 -0.272337224 0.42803215 1.227132885 -0.341675052 1.11951092 -1.012294612 0.584701707 0.2316727 2.489692951 -0.305810166 -1.100097312 -0.759961312 0.128423375 -1.254875712 1.938968854 -0.930597102 0.01514596 -2.112988686 -0.245453301 -1.080569515 -0.575703343 0.995889313 -0.065663669 0.001982739 -0.207014413 -1.068867789 -0.011007601 0.186403542 -1.051415553 -1.035993869 0.378951878 -0.518106453 -0.088264429 -1.04910677 -0.978697759 0.421172872 -0.515693087 0.207656979 -0.542685653 0.501937789 -1.084870491 1.314556394 -0.291534019 1.24262681 1.920172275 -0.109899383 0.86030978 1.637987176 1.393096359 0.404267574 1.457587308 -1.704458535 -0.563511762 -0.268134286 0.509392494 -1.352054896 1.229746466 -0.319104338 -0.357795699 0.52528354 1.873068984 -0.217508581 -1.605449855 -0.793474811 -0.366923555 -1.250115127 0.281555034 -0.359924803 -0.336458074 -0.962280678 -0.241067474 1.82399377 -0.874023076 2.92255661 0.071104538 0.561451676 -0.33015562 -0.986586926 0.136633277 0.399592938 0.343912254 -0.355041642 1.05859132 0.190914327 -0.447896458 0.342088117 0.54398007 -1.463843216 -0.372998277 -0.357466569 0.247735886 0.41575395 0.975971734 0.412913971 -2.063075012 -0.532020106 0.393691197 0.438420053 0.474214606 -1.03382687 0.686538048 0.362387007 1.322279842 -0.349316461 -0.959215852 -0.285486424 0.437410501 0.337112188 -1.024694688 0.421450067 0.471359866 -0.327169644 -1.661419546 -0.826021693 0.487901956 -0.318298253 0.564231803 0.299421386 0.465211042 -1.110094448 1.04845486 1.510140499 -0.286812192 1.082149234 -1.132512129 -1.095222889 1.165991191 0.377336504 -0.473183888 0.170352744 -1.212992036 0.505601396 0.641912006 -0.404714866 -0.4575552 0.291056073 -0.462208066 -0.404379664 0.212779055 1.809628613 -0.390153436 0.318586945 -0.287586735 0.513266867 0.528663671 0.873643653 -0.396925245 -0.391884105 1.474465223 -1.480280105 -0.448605746 -0.401128876 -1.21644393 0.134637806 -1.638406888 2.223402842 -0.344387005 -1.220611165 -0.484486184 0.807254237 1.966401995 -0.201511861 -0.982515764 0.327594183 -0.545819537 0.423751335 -1.056922253 -0.973711567 0.320369568 -0.102511015 -0.984637256 -0.868115283 -0.093078836 -0.048605314 -0.305286106 1.94838282 1.095069308 0.404027528 0.036942999 0.323867627 -1.067803184 0.759980954 -0.006718105 -0.060444669 -0.973534183 1.326895936 -1.050390901 0.420694117 1.228181026 0.446073146 -0.122225661 1.044679157 -0.907062647 -0.007821927 NA 0.368232457 -0.986277865 0.498965579 -1.668033702 -0.595063876 1.217879921 -0.17921941
IL.6 0.388110021 0.903819689 1.312697399 1.315324761 1.710157853 0.727850994 1.205330308 0.435367403 -1.77373715 -0.803304412 0.010178201 -0.727874422 -0.062005215 -1.245180717 -0.268977243 -0.337775068 -1.329119673 -0.794738029 -1.737937066 0.520802882 -0.412841622 -1.615870197 -0.14300593 1.443185238 -1.078818103 -0.743537895 0.021237253 -0.224721031 -1.086553141 0.58477523 1.363907817 0.202031376 2.102462468 -0.036014178 0.169639854 -2.094503612 -0.864818908 0.323531475 -0.739556743 -0.96171882 NA 0.621036093 -0.211869696 1.193971966 1.324333386 0.585348263 -0.717445407 0.313595447 0.779074453 -0.254967023 0.664577957 0.784249568 -0.693349243 -1.03827474 NA 0.074006792 -0.018807951 1.291664696 0.908677279 -0.331603057 -1.436190331 -0.206784207 0.756099405 1.966753367 0.851538325 1.259624533 1.083994193 1.201965661 1.979188725 1.867169454 0.320241857 0.240862925 -0.142294302 -0.826033237 -1.037564491 -0.809311971 -0.492428135 -1.148943204 -0.335183281 0.308354255 0.352798002 -0.230572548 0.566425848 -0.594536634 0.723360123 0.287781307 -0.90222051 -0.386937825 -0.233690961 -0.62099805 0.302853121 -1.316128485 -0.353976596 -0.797212497 0.547270065 -0.254050479 -1.292446884 0.148278807 -0.787009497 0.03112925 0.898325273 -0.248523403 -0.66096523 0.396120642 0.692215381 0.889299097 0.313345399 0.797956334 -1.367538665 -1.002188669 0.264790301 -0.179559091 0.46137267 -1.78033637 -0.004303148 0.01460194 -1.658157544 -0.523716625 -1.625719335 0.428655104 0.490062428 0.759322358 0.362106686 -0.00557399 -0.307089626 0.399902075 0.43596977 0.362608838 0.601416163 0.30905415 0.983977626 -0.591824736 -0.810585703 -1.270479241 -0.975665464 0.24514011 -1.713539868 -0.234732527 -0.626940661 -1.103184243 -0.155487667 -1.333054698 0.802779359 -0.263116276 -0.953694893 0.114022651 -0.822061085 -0.763071586 1.963856507 -0.435808433 -0.17557555 -0.368321038 0.966692991 0.633774988 -1.552361373 0.932167278 1.399430075 1.213341712 -0.276324029 -0.675194554 1.661073134 -1.155148732 0.026289644 0.199183981 -0.448307227 -0.255955892 -1.376850208 0.15072472 0.360375149 1.524433892 -1.402510146 -0.722812482 -0.976967238 0.541750463 -0.40188 0.765853535 1.10372399 -0.797046802 2.904530896 0.618485326 0.064966153 1.62095059 0.204636477 -0.934815248 -1.582704083 0.110890043 -0.820921636 0.668413858 -0.269633658 -0.84459644 -1.741747086 -1.152723123 -1.304855706 0.798810634 1.633495793 1.278370094 -0.74757929 -1.274365904 -0.233273234 -0.890157095 -0.597400727 -0.789198364 -1.481450085 -0.687272203 -1.043691241 -0.195749046 0.27470968 3.201798115 -0.785831 -0.086237754 -0.006833843 0.266149864 0.260236618 0.547730621 0.891615582 0.968343712 0.555788722 1.617804603 0.354966973 1.402212696 0.689095761 0.994027913 -0.386232008 -0.497385224 0.094699365 0.095537767 1.221300024 -0.751108561 -0.601250002 -0.018224284 0.386153649 -0.387533312 -0.610255585 -0.297793198 0.545936624 0.421183957 1.384711537 0.081462591 0.711903434 -0.218975582 1.107081095 -0.314340458 -0.648992466 0.785811032 -0.399535044 -0.636297886 -0.991603248 -0.204834653 1.35471783 0.450989165 0.52161872 -0.365515852 0.540105999 0.423987715 1.645790838 0.199501545 -0.823408129 1.593279133 0.71065232 -0.186230156 -0.038567602 -0.304802063 1.139593794 0.20990697 -0.705546371 0.976193257 -0.071414446 -1.093702624 -0.922245987 -0.054147784 -0.967401885 -0.188654822 1.162185907 -0.137662873 -1.268599782 -0.296777727 -1.468938453 0.576899014 -1.467179313 -1.883860426 0.661005554 -0.187504434 -0.071300778 -0.398082012 0.385353082 0.451321563 1.180758483 -0.565153736 -0.600500132 2.134158317 -1.863941361 -0.855730222 -1.040328126 -0.447847189 -0.871773155 -1.201604799 -0.222150563 1.033962383 0.814136462 2.493266704 0.562503623 0.490014585 0.846471121 0.030405845 -0.342664613 0.615770246 -1.150157119 0.439863086 0.095015439 -0.497904072 -1.499422621 0.081386959 0.238023079 0.03687735 1.008581946 -0.496913204 0.606114247 -1.068919034 0.460704499 0.856653548 -0.330546016 1.633452065 0.185158408 -0.092417348 -0.565826984 1.559111493 -1.253110545 0.908304921 NA 0.846946246 -0.763650684 0.238228707 -1.269599851 -0.886727542 1.734891671 -0.291883544
TNF.alpha 0.327608712 1.384023513 -0.534251572 1.455650478 0.972479406 -0.579389558 -0.111626172 0.264996812 -0.326245151 0.239341304 0.651264472 0.597567273 0.100697036 0.582121131 0.129460897 0.760281965 0.175576384 -0.606474469 -1.041956241 0.147213261 -0.771292908 -0.852087044 -0.381233762 0.63136125 0.964111015 -0.334182918 -0.362050286 -0.477012637 -0.071288011 0.081142572 1.177118392 0.587545272 1.32101844 0.683345987 -0.561814994 -1.219105197 -0.468807204 0.463952723 -0.952717619 -0.97821918 -2.320493746 0.589755077 -1.901699795 2.532845881 0.934301048 0.080570906 -0.137209113 -1.401579025 -1.579245356 -1.113396997 -1.280848114 0.213027866 -1.218563659 2.025707705 NA -0.627038751 0.8901925 1.051037686 0.431597718 0.465471896 -0.621045441 1.147121389 1.576439261 0.659616591 -0.348395669 1.362204162 -1.188155278 -0.4221593 1.183948207 0.244942445 0.48536209 -0.083777945 -0.221584681 0.598392065 -0.573895446 -0.539241788 0.444224057 -0.438244434 -0.666423625 -0.725874663 0.152408235 -0.019653437 -0.1560833 0.764619985 0.143876978 0.173724614 0.591426108 0.682954286 -0.390967148 1.252515562 -1.03094107 -0.675983394 0.137106672 -1.585587067 -1.159516756 0.026018868 -0.876489294 -0.008189362 -1.567073199 0.057081607 1.038873328 -1.885926721 -0.263398219 -0.627898782 -1.259578527 1.580926999 0.898224654 1.968370124 0.825685481 0.082296031 -1.497956129 -0.624052238 -1.370665834 0.482094749 0.044478663 0.773907635 -0.556680385 -1.185265819 -1.82465474 1.375308196 0.964256098 2.059824874 1.263918456 0.142472049 0.649703706 0.350939284 -0.300527721 -0.236139828 -1.209485984 0.676562943 1.900522901 1.579037041 -0.332844095 -1.024142015 0.650352943 -0.352862265 -1.048189653 0.200657214 -0.809075304 -0.25924296 -0.376365145 -0.163893807 0.063950702 -0.629098805 1.083845907 -0.475193505 -0.354135398 0.273129607 0.779305245 0.140594413 0.425773387 1.090706388 -1.569762573 -0.785114034 0.391359433 -0.872983185 0.049420937 0.259087738 -0.806210749 -0.130159926 0.385606965 -1.824262546 0.505901799 0.075509666 -0.417566245 -0.013648821 -1.799044657 0.642776621 0.709905823 0.946127017 -1.143949462 -1.287524761 -1.514406803 1.28565908 -0.847833267 1.580811233 -1.350124397 -0.701791074 -0.405111564 -0.66827502 -1.007938146 0.10039439 0.848160899 -0.001488178 -0.630034117 -0.215304176 1.248598467 2.042725027 1.012700495 -0.725766399 -0.796610412 -0.373497328 -0.187877855 -1.577772907 1.157223246 0.633014835 0.907788391 -0.507540374 0.645469012 1.223116786 0.736339822 0.00784523 0.107883348 0.057816974 -0.149201695 -1.067068032 -1.216751756 1.339287857 -0.627594362 -0.425608446 0.818762332 -0.03279905 -0.544312865 -0.340661633 1.661204713 -2.132948257 -1.502635623 -1.509663493 -1.102420163 -1.678483625 -1.220849981 -1.046317153 0.445089018 -1.233658318 0.486789192 0.248320623 1.224924977 -0.894209519 -0.812850575 0.358535474 0.37378578 0.346181256 -0.722523071 1.088033667 -0.226749861 -0.215761081 0.061443397 -0.386766686 -0.670537113 -1.46193908 2.198294559 1.337676829 -0.04182303 0.314229767 -0.758272884 0.229628404 0.442891937 0.889394459 0.84588646 0.745079757 -0.591394446 -1.752917235 -0.589180051 0.463409672 0.121551837 -0.805359285 -0.630693408 -0.657846924 1.775217693 0.761673954 0.644487638 -0.113880648 1.201262395 -0.27824166 0.319414237 -0.595353491 1.027008434 0.561737468 -0.626226505 0.449289127 0.122373078 -0.403215511 -0.003785288 -1.845430335 0.281755642 1.526713525 1.161781542 2.023766393 -0.779285275 -0.021730123 -1.163689953 0.461873817 -0.618539853 -1.630910599 -0.317827109 -0.379798701 0.909504078 0.660180977 0.92135825 2.437222198 -1.525146886 0.111521952 -0.432959732 0.886656546 1.274598505 0.314525587 1.320708788 0.888131156 0.322398681 1.971483067 0.186087767 1.48185974 -0.664213311 2.320054061 0.030960276 0.472102967 1.040336454 0.43934142 -0.176617823 -1.156494335 0.653012949 1.201720468 -0.432834469 0.834032019 -0.494481982 0.097161467 0.388983502 -0.404862161 0.542955788 -1.003608881 -0.23448742 0.115084484 -1.287924412 0.800569972 0.504301912 -1.61086267 -0.705255636 -0.167732066 NA -1.54263532 -0.191101057 -0.129964769 -0.695722219 -0.98580729 0.08256607 -1.234876627
IL.18 -0.420430897 -0.388420663 -1.662674576 2.318746838 -0.631892891 -0.213635978 1.124163579 0.728447987 1.271018881 0.30748164 -0.023485515 -0.622223222 -0.672992529 -0.107190409 0.199340729 -0.822867048 -1.321696527 0.39396082 1.124151262 -0.875229762 -1.388627727 -0.419119194 -0.818666081 -1.156256839 0.272050207 0.129641657 0.782627965 1.672558271 -0.823035218 0.14151686 -0.054590678 -0.801586066 0.254650008 -1.09531957 0.418843556 0.755086717 0.523141321 -0.723277091 0.658588257 0.499280806 NA 1.196424255 0.977645875 -1.50501123 -0.761951197 -0.372604599 -1.346098648 0.632531568 1.635341657 -2.265533108 1.030275775 0.543617027 1.782210687 -0.946170241 NA -0.260330058 0.359231559 -0.459761108 -0.904464784 -1.134585349 -1.690110111 1.201829877 0.081080526 -0.250570629 -0.922257211 1.538317671 0.808515783 0.448912277 -0.294337552 0.102054982 -1.356326234 0.954348053 0.21663458 -0.167683471 -0.030643599 -0.352597829 -0.120764261 0.114825624 0.220980916 -0.144874442 0.682326796 1.621545034 -0.074278404 -0.664743609 -0.852237955 0.90106213 0.3984852 0.54862107 1.78313556 -1.811139787 0.112041141 2.454878638 0.814846158 0.462881019 -0.579953814 -0.468427236 0.707390016 -1.882037913 0.997063238 -0.402183336 0.439417272 0.719731296 -0.620987613 -0.914594707 0.467299139 -1.189824518 -0.807345356 -0.180544851 1.790157288 0.016108781 -1.460355525 0.006100907 0.129688315 1.286307941 -0.305953823 -1.618236699 0.059621655 -0.916774502 0.052612224 -0.800827714 -0.98048505 -0.671010634 -0.361051884 -0.342194303 0.070239376 -0.556525057 1.616256391 1.948562716 0.06787922 -1.069938928 -0.725475914 -0.494610558 0.297522652 1.5244396 -0.576949819 0.489987156 1.572888487 -0.138106903 1.637612229 0.936304296 0.480834902 -0.429001936 0.587732957 0.113168832 -0.586687736 -0.987980469 0.065972351 -0.122615156 -0.205877771 -1.129977978 -0.550335064 -1.151742707 1.06151439 0.952824406 0.392925981 -0.068483239 -1.46171783 -1.325115762 -0.379902178 -1.479536951 -1.569650795 -0.78188084 -1.834206575 0.189588465 -0.216103527 -0.132691587 0.351424859 -0.348488611 -1.387026636 0.015094559 0.633789852 0.917727403 1.146976863 0.23115641 0.208985395 2.143019081 0.425140834 0.563217344 0.162556097 0.81589544 0.869145549 0.242751225 0.541106814 0.321395237 0.725943391 0.238146097 -0.144164114 -0.376782731 -0.555896043 0.854605411 1.498577161 0.414353726 1.171888627 0.066734164 1.159340244 1.492833234 -0.637338708 1.963932548 1.273588924 -0.28435072 0.705568379 -0.245015249 1.053597776 0.046324195 0.876666926 0.6019579 0.159761184 -0.017228776 2.182655532 0.657410211 -0.388876395 -0.396364223 0.866199755 -0.097939582 -0.705406368 -0.254796426 -1.646167378 -1.447341078 -1.446284365 -1.923344728 -0.544462099 -1.623784874 -1.009966665 0.600571565 -1.282544501 -0.170967486 0.429671019 0.309500642 -0.898627323 -0.562209593 0.208155429 0.154174401 0.832372352 -0.762811702 -0.89217438 -1.21794665 -1.07186452 -1.222090407 -0.73972715 -0.997504323 0.646742103 -0.152171774 0.345343805 1.392610313 1.257008065 -0.075877983 -0.911608518 -0.106049879 -0.629951478 -0.756153452 -1.499143961 0.250925055 0.562425951 -0.490611219 0.014780509 2.452157293 -0.100414141 0.614019324 -0.696701813 -0.189367512 1.016413895 0.41702896 -0.345922158 0.966176561 -0.407147566 0.953138156 -0.35666561 0.342041853 -0.994951449 -0.315483849 0.98654842 -0.388628928 1.863989594 1.323726023 0.953553933 0.320347538 -0.382526224 0.197236736 1.439094504 0.67377381 1.485081887 -0.668068702 0.136333004 -1.502658545 -1.005709364 -1.011562083 -1.005911234 1.07659085 -1.825396689 0.992238355 0.606592667 -1.218830036 -0.248459881 0.587724487 1.771577647 -0.924895016 -1.05852021 0.253696855 -1.071455989 -0.172866442 0.355364344 -0.361435736 1.165099623 -1.239197402 -0.719071534 -0.626211809 -1.111492782 -1.604105092 -0.512271539 0.894519994 0.355920352 0.254084243 0.880144576 -0.708001192 -0.152785522 -0.19399021 -0.66479213 -1.276176946 0.534756985 1.023545805 0.372812316 -0.914530784 1.532464 -0.940556458 0.081697151 0.8517654 0.042629758 -0.084444786 NA 1.427421686 2.266372211 0.021020694 -1.932082718 -0.875984431 -0.227662042 1.127737301
IL.10 -0.905180273 -0.410604568 -0.433783973 0.215364471 0.043744512 0.416418287 -0.331979622 0.426382992 -1.197192063 -0.287002521 -0.148765148 -1.227911739 -0.472595226 -0.720459438 0.201173742 -0.543231909 -0.85775578 -0.041314071 0.579445895 -1.554374011 -1.602023462 -0.394789281 -0.794284296 -0.014980577 -1.886636441 0.957295758 0.577058977 0.422605978 -0.548925255 -0.175281227 1.268741584 0.404520872 2.262121757 -1.380852169 0.188549818 0.747563928 -0.649514516 -0.519839285 0.2223245 0.544601637 2.13067826 0.783628088 1.305369476 1.12808998 1.028978158 -0.230993943 -0.778708543 -0.377415815 0.553647938 -1.21999938 0.579878009 0.373325171 -0.540645116 -1.737415798 NA 1.582521442 0.682626378 0.669882941 0.982854644 -0.167977693 -0.183618735 -0.195616622 1.905409545 2.202514935 0.698309428 1.655177336 1.705550774 1.078071541 1.638742592 1.276542183 -0.172309068 0.451070353 0.150419271 -1.420103345 0.244964731 -0.406900175 -0.550795408 -0.639191936 -0.836726736 0.564105454 -0.423967742 -0.148833106 0.233890561 -1.820697663 1.153819331 0.243079209 -0.602316626 -1.470522053 -0.204610629 -0.922730279 -0.035933132 -1.37258339 -0.490214147 -0.316943899 0.075462547 -1.126613155 -1.644060449 -0.076980313 0.526372776 0.30445037 0.143880102 0.892508009 0.023739606 0.947382842 0.421333789 1.069300059 -0.106137341 0.75485444 -1.022566162 -1.01161794 -0.832351117 -0.174457007 0.011699938 -0.750536562 0.341469409 0.242474376 -0.22912494 -0.355338213 -0.093517523 -0.945462604 -0.426379492 1.63799547 0.659000263 0.481323152 -0.287073436 -1.1098204 -0.362370833 -0.388716471 0.263136852 -0.634481157 1.439582472 -0.721992651 -0.135783191 -1.04020415 -2.096677317 0.195069387 -0.460186389 -1.231078017 0.515122503 -0.745883752 1.703814881 -1.310424905 0.014374865 0.628086828 0.615888476 -0.303604954 -0.780167826 0.410409322 1.433134584 -1.360850898 -0.452325079 -1.116701274 1.009949314 -0.281974298 -0.752956347 1.115392764 2.36651718 1.391482531 -0.315498893 -1.664711976 0.408869564 0.873669881 -1.19626874 -1.083461998 0.058357354 -0.011608404 0.475250205 -0.15771363 -0.214606429 0.395881876 -0.366714666 0.946125464 -0.598210318 -0.260363309 0.411108414 0.817910992 0.306813193 1.515186659 2.285693859 0.368632709 0.769493997 1.238095318 0.060999496 -0.917172929 -0.136585388 -1.224606862 -0.847986614 -0.751653053 0.074541966 -0.028195704 -0.148550041 -1.635007245 -0.175358775 0.997144778 1.112106802 0.479579863 -1.940431352 -0.446116576 -0.419961432 -0.446176628 -0.368249313 -0.44595216 -0.60175631 0.997808546 -0.898647591 0.228803162 0.441358692 3.193211293 -0.247437723 0.088982686 -0.418545529 -0.06893959 0.646483289 0.883521687 0.398359368 0.874127721 0.505447577 0.474344544 0.864503416 0.576334125 0.610432306 0.359613786 -0.457036637 -0.504076382 -0.609023043 0.221027044 0.837777739 -1.428234042 -0.870581264 0.312072715 0.175912115 -1.330855449 1.07631109 -1.178303153 0.958252248 1.177715993 1.272999339 -0.049380588 1.177366508 -0.659300711 1.97846112 0.885252373 -0.512356445 0.083845223 -1.170346096 -1.327514932 -1.689729016 -1.784361878 1.69562244 -0.157551266 0.586820497 0.00795147 1.252114592 0.528202541 0.377526263 1.798256185 -0.620201131 1.441623286 -0.112786035 -0.277090606 0.846194328 -1.585289743 -0.712476811 0.044366259 -1.334468129 0.63920896 0.607533997 -0.737510419 -0.961884211 -0.881018541 -0.164815278 -1.014241418 0.882779135 1.262291676 0.727881762 -0.727223842 -0.566394434 -0.548746046 -0.030974872 -0.250702727 -0.455102114 -0.729452748 0.198997438 -0.978738911 0.669254716 0.621954897 1.195756175 0.511424826 -1.358893911 2.237261062 -0.252751048 -0.002371442 -0.842333508 0.362273893 -0.438117747 -1.195331075 1.203203598 0.520658638 0.727550096 0.617877971 -1.371442804 -0.320391456 0.234023361 -1.501246979 -1.728467603 -0.676612584 -0.938365874 -0.2917384 -0.028092838 -0.692645649 -0.278497232 -0.373010992 -0.487584521 -0.042471999 -0.16788441 -1.214495683 0.767237332 -0.640007096 -0.68496303 -0.396316438 -1.882883862 -0.020715194 1.543866735 1.311264802 -0.475501625 1.431121253 -0.997539883 0.101445839 NA 0.871581915 0.020684922 2.040340261 0.443831113 -0.08785035 0.699336481 0.375429806
IL.21 -0.083911423 -0.632391124 0.630356152 1.627825799 0.630439203 0.761699068 0.838425178 0.060231958 -1.378662919 -1.767817569 -1.037806302 -1.104864077 -0.881856284 -1.843021739 -0.427720641 -1.52120726 -0.144109191 -0.567557854 0.016037642 0.713265243 -1.024722194 -0.969697738 -0.221387351 0.636961337 -0.349537915 -0.25027307 1.035751164 -0.198530735 0.337162954 0.893918967 1.204554808 0.654644259 1.513092206 -1.052049961 0.366446525 0.773502301 1.054189302 0.13774809 0.039201754 -0.368847225 -2.353426758 2.194509496 0.173690155 0.49279408 0.632819648 1.492872649 0.015194513 -0.839050819 -0.516247522 -0.477474435 0.129310877 0.734641944 -0.732963726 -1.225665521 NA -0.010076366 0.816657406 0.778798685 0.998959075 -0.714913695 -0.357395901 -0.49132862 0.994271713 0.798962275 0.595875338 1.699949744 1.180569242 1.312144086 1.110591423 2.605056684 0.794052956 -1.095053588 0.91957034 -0.44577423 -1.330802425 -0.906581127 -0.62672984 -1.345494396 0.050037755 0.31886376 -0.051185876 0.105670139 0.449183979 -2.12786801 0.529922228 -0.267370193 -0.411699591 -0.411600939 0.547048763 -0.945625229 -0.163467676 -0.884420404 0.232246748 -1.747499378 0.078643257 -0.236638687 -1.074865301 0.267516193 -0.36676873 0.189874927 1.574683713 1.2561874 0.094543707 1.060485877 0.745504986 0.481508973 0.515094025 0.805354086 -0.624766496 -0.298292973 0.159840175 -0.222927262 -1.259663573 -1.145117989 -0.898324534 -0.201345835 -1.504097646 -1.501823377 -0.647461236 -0.482649133 -0.641514553 1.839576179 0.317326455 -0.998647363 0.580668323 1.010390031 0.58656076 0.559851364 1.202678098 -0.986433032 1.00069983 -0.133111938 -1.138267485 -0.391322715 -0.79067921 0.185117789 -0.729970024 -0.494662419 -0.656149926 -0.015882473 0.941593917 -0.180928802 0.146471903 -0.240219212 0.240060362 0.467439235 -1.455822115 -0.00090105 2.029848536 -0.873380658 0.54439242 0.482764375 0.171021439 -0.270620144 -1.07454854 1.303070517 0.053862895 0.205293639 -0.1936226 -0.536403172 1.426283586 0.994059521 0.137857477 0.222323802 -1.247487766 -0.070572593 -1.733517814 -0.630801307 -0.323846477 -0.151784381 -1.777130475 -1.417995341 -1.572304578 -0.476254454 -0.350825436 2.439243784 1.731855847 0.018353361 1.1083769 -0.815285051 -0.935060706 1.698768353 -1.268529928 -1.543276503 -1.380772406 0.233105689 -1.190546208 -0.09553498 0.100372687 -1.073897842 -1.628879008 -0.62781504 -0.695001653 -0.018285398 2.108639896 0.495920872 -2.060281898 -0.801790597 -0.989218569 -1.132682602 -0.141385413 -0.688223543 -0.463753075 -0.414513305 -0.267443935 1.478966983 0.425095559 2.171163825 0.205484895 0.139622504 -0.457463447 0.43296646 -0.160386717 1.037545369 0.500808032 0.349233101 0.579304934 1.38821668 -0.645000131 0.699487777 1.335104575 1.957244552 -0.177793808 -0.640895083 -0.009746753 -1.06947069 0.265025483 -0.95598948 -0.45092137 0.484928532 0.774395733 -0.191658542 -0.113149075 -0.083275642 1.091549977 -0.351713077 0.801086954 -0.027106109 1.028158016 -1.509982263 0.769168108 0.209202086 -0.837262094 0.546204075 -0.825236611 -0.166973529 -1.027239328 -0.573674083 0.450324897 1.577475002 0.010162953 0.097906625 0.682790702 0.028680737 1.180021702 1.579393232 -0.517851958 1.713421247 0.698428806 -0.023032976 2.483344001 -1.30124074 0.683230686 0.564975266 -0.123553246 0.141440739 0.828615323 -1.345878648 -0.430278592 -0.173171259 -0.22519714 -0.414267229 1.74102577 0.353705423 1.134963784 -0.318522926 0.212673342 1.01266432 -0.717965706 -1.512746073 -0.920388396 -0.504447992 0.112524043 -0.5897838 0.341283974 -1.702225424 -0.434285375 -0.906064869 -0.113509108 0.902364679 -1.073649551 0.200373057 -0.658101453 -1.204327904 1.441349395 -0.569132066 0.94635579 1.418360239 0.333030886 1.521324658 0.695611588 -0.000501106 2.091845429 0.455349931 0.625841797 0.147483694 -0.927416928 0.592967387 -0.348550919 -0.392862525 -0.263122771 -0.057040915 -0.437222238 -0.206271478 -1.788255822 -0.759518401 0.159061373 -1.009697047 0.365651236 0.651452779 0.438288826 1.774139073 -0.326309905 0.224720226 -0.856551207 1.178665773 -1.364738257 0.038360051 NA 0.816863528 0.053884999 1.380196158 -1.450960715 -0.8113767 -1.049464015 -1.364321733
IL.22 1.081108395 0.49728725 -0.859672808 -1.657828187 -0.157040452 0.799219652 -0.678351364 -0.512186329 -0.266744064 -0.151718391 0.233561793 0.805753109 1.399662495 0.619480608 1.434909301 0.497863684 1.000097422 -0.128002708 -1.310454331 0.634312668 -0.626022482 -0.310608083 0.89617605 0.576680866 2.120165291 1.266259021 -0.777413925 -0.301621442 0.510635412 0.514648353 1.728060725 1.264746995 0.002901556 -0.253133885 0.450320876 -0.93422523 0.157187311 1.450114122 -0.091750317 -0.577821182 NA -0.969501316 -1.370127791 -0.18557723 0.290373837 -0.054227513 -0.611432679 -1.635202016 -1.402887364 -0.725468365 -1.608296478 0.159046229 -1.467197547 -0.494774207 NA 1.066303861 -0.360447602 0.624185935 1.217164138 0.165520962 1.210174945 -0.712742267 0.406550667 -0.855428157 0.13066114 -1.379708366 -1.049549566 -0.252126082 -0.228189957 -0.420068503 -0.009270988 -1.586926375 -0.945540209 0.972936714 0.512058849 0.198490303 0.245243633 -0.913758606 0.080245578 0.004555106 0.869389582 -0.625368003 -0.655467824 1.395629817 1.339489786 -0.946837803 0.139166341 0.389369707 0.039651078 0.786839163 -0.190637769 -0.313323935 -1.966489108 -1.693827779 -0.4390649 2.006830973 -1.311624597 0.596971016 -0.443823256 0.329524734 -1.524010997 -0.426317089 0.779462075 0.156093817 -1.393154447 1.262590565 0.124940778 1.066905301 -0.470250769 0.028665083 -0.097885839 -0.711154606 -0.466481403 -1.477075115 0.901659417 1.871330366 -0.045303077 1.570469485 0.57883135 1.546881702 0.89927063 0.015699318 0.304424344 1.202617135 0.261205083 0.099309788 0.464821518 -0.789759904 -1.156147975 0.189485082 0.992025847 0.576022904 0.204946734 -0.875164159 1.317729541 -1.074828601 -1.001145626 0.280599069 -0.964501511 -0.668956982 -0.527448144 0.579949981 0.567596367 -0.21428988 0.011996104 0.178882616 -0.014192098 0.317893944 0.214249525 0.860643304 1.987076356 1.039126762 -1.686294639 -1.377476629 -1.087559604 -0.129788147 1.456344147 0.414130969 -0.14595265 0.727617197 -0.34367678 -1.303425402 1.960865744 0.286693352 -0.50219501 0.267668252 -0.396505956 0.11433799 1.596061438 -0.857776875 -1.263425999 -0.315812156 -1.959238252 0.561849137 -0.141092888 -0.246697979 -0.986936472 -1.473696929 -0.671304215 -0.732911186 -0.62407104 0.010362593 0.226686965 0.109542719 -2.018738179 -0.929984851 0.546863315 1.03708624 2.167233295 -0.805966406 -0.99144982 -0.342327377 -0.313370305 -1.230970081 -1.151115364 -1.007828216 1.378611187 -1.367464122 -1.715124954 0.058578867 0.511274363 -0.007607787 -0.731085134 0.987025186 -0.429410508 -1.278402165 0.190143002 0.889578939 -1.458275037 -0.548836097 1.783496841 0.421247124 -1.397120507 0.575949358 0.306175324 -1.030979299 -0.265634197 -0.36779942 0.873836343 0.665402578 -0.444603946 2.203482055 0.34478802 -1.044064221 1.397513647 -0.223683691 -0.120240989 -1.068369324 -0.082982555 0.057112196 0.346344808 0.972801902 -1.054462902 1.252331108 0.972942362 -0.465644843 0.972419254 0.371566094 -0.756745483 -0.312841149 -0.578396015 1.059490285 -0.323552554 -1.05332555 -0.882924465 0.75004864 0.075950677 0.40700304 0.010244178 0.931572786 0.153578844 -0.802593188 0.439747865 -0.429114306 0.787026353 -1.421604581 -0.111091273 -0.915522011 0.306800553 0.821438086 -0.872454773 -0.745556899 1.902970722 -0.84817158 0.661072937 -0.716267468 2.04229115 -0.003102464 1.218391496 1.510527207 -0.159070298 0.082552009 -1.618975892 -1.194627013 0.117270149 0.750682068 0.099757665 0.073111906 -1.645194841 -0.691809402 -1.529410976 0.14595832 0.503061802 -0.992366801 1.004284171 0.86836617 -0.455150677 -0.506031804 0.296786181 -0.636485805 0.037398653 1.337635178 0.330443998 -0.507938019 -0.509206252 -0.256559474 0.465608284 0.083515405 0.239986262 1.900716137 -0.316961458 -1.146820092 2.211392249 -0.336178248 0.73199091 -0.439460158 0.224051691 -0.055377234 1.515211373 -0.998797384 0.115987137 -0.526350647 -0.193669834 1.181896473 -0.071008509 -0.371794659 0.60825359 -0.206615248 -0.205188129 -1.244544247 -0.097992961 0.357083974 -1.154283119 1.058952757 0.793962432 -1.509907081 0.044148929 0.787578438 NA -1.584849575 -0.56704026 1.710952383 -0.681034425 0.996928503 -0.393030359 -1.484274674
LIF -0.349370292 -1.172506338 -0.723672833 1.67979824 -0.194851812 0.458370959 -0.073327462 0.334577133 0.675294008 0.513345435 -0.503033715 -0.765542936 0.939179056 0.163954953 -0.917120799 -0.71083249 -0.247828723 0.345822354 1.592559081 -1.872858267 0.256194825 -0.922171348 -0.620170641 0.180014628 -0.113965975 1.329376129 1.15380557 0.457237899 -0.197823615 -0.95251354 -0.809457515 0.168002094 -1.78253409 -1.559001927 0.52004282 0.830813508 0.688859916 -1.105245485 -0.482180104 1.796653185 NA 0.107496605 -0.168010342 -1.421057828 -0.224409247 -0.492692673 -0.701666772 0.928678681 0.817196005 -1.355074818 -0.967726489 0.348745585 0.025243773 -1.955277549 NA -0.255912997 -0.338525503 -0.297836815 1.29936706 -0.531482651 0.882487425 1.213148474 1.374169161 0.60801911 -0.383746776 1.627617163 1.321299816 1.167376052 0.905714036 1.080101033 -0.336130793 2.289988286 0.020239606 -0.442122223 -1.147317753 -0.906946524 -0.043275804 1.195943024 -0.442860801 0.195722729 -1.240266327 0.806576403 0.308287027 -2.031079263 0.083121655 0.619843247 -0.604113221 -0.973710004 -0.052917521 0.183122076 0.029118534 -0.528891083 -0.400033425 0.173845848 -1.341663739 -0.607780933 -0.271061146 -0.455983478 0.17340122 0.425896615 -0.218793599 0.176371419 0.481555779 0.579211985 -0.699015217 -1.658796911 -0.865904631 0.951473775 -0.3679849 -0.056285226 -0.451031559 0.650167939 -0.069077744 -0.649422564 0.502382587 -0.125493272 -0.824609455 -1.219297173 -0.715670186 -0.553091318 1.014878588 0.957388505 1.289546449 0.65606188 -0.704997783 -0.356299686 0.877322832 -0.921451274 1.438084427 0.367506565 1.235365948 -1.08740882 1.631733898 0.609898995 -0.147148635 0.121182855 -0.490599758 -1.095233981 -0.021031266 -0.219414953 0.850627537 -1.120105997 2.543970608 0.837028115 1.13718565 -1.141133209 0.437817089 0.360582123 0.150592701 -1.460659817 0.13878868 -0.933415435 -0.154735671 0.342622519 -1.252869187 0.966464996 0.832499155 0.951439146 -0.016625237 -1.470453622 -1.148329906 0.480196161 -1.342232228 -0.598291538 1.347428163 -0.408603393 -0.626113085 -0.726458765 -0.342993429 0.574548938 -0.483606534 1.585046319 -1.063698663 -0.953289174 -0.313246143 0.13969506 -2.304389071 0.098694719 1.29082481 0.079806198 0.357078331 0.642356159 2.209161988 -0.153644494 -0.271860762 -1.054476971 -1.136340868 -0.904845723 0.686306057 1.420619441 -0.98002226 0.213444675 1.047676893 1.002273153 0.613063365 0.215624462 0.678970651 1.406263736 1.789544809 0.525761703 0.520762106 -0.905355352 0.328380942 0.528180461 -0.356446016 1.414802901 0.006005125 2.203156149 0.749297331 1.743958357 -0.02300713 0.280548306 1.058838839 0.23845031 -0.247083252 -1.272188318 -0.453302504 -1.035330317 -0.540077662 -1.195087293 -0.523360183 -0.129040193 0.416419691 -0.898671956 -0.676788813 1.97593839 0.908627656 -0.209331102 -1.019529106 -0.364139707 0.656230062 -0.317192041 -0.157128136 -1.051957295 1.398547498 -0.77824652 -0.68336198 -0.424009663 -0.831739614 -1.828998771 0.849491263 0.386337987 -0.869322337 0.469618799 0.27880823 -0.369596254 -1.997234521 -0.12962058 -0.459924169 -0.824148337 -0.934531672 0.208934567 0.995986557 -0.405069608 2.138144597 1.463320358 0.618210142 0.388056334 -0.147383026 -0.375324137 0.611615344 -0.359093839 0.078291304 -0.996829402 -0.247236248 1.228796526 0.645308156 -0.323434375 0.463272269 0.079569859 -0.340025331 0.334469706 1.494836975 1.676960203 -0.424114432 -2.193631548 -0.092564576 0.447518 0.112812148 0.607018391 0.094378248 -1.051127769 1.349941494 -1.380581532 0.220118995 0.004143979 -1.009975759 -0.416956576 -1.416772443 0.340104626 -1.481483993 -1.164448202 0.140104853 1.382478355 1.579640609 -0.295155531 -0.241977735 0.962925632 -1.178140932 -0.334790662 -0.19138287 -0.622241763 -0.013841378 -0.843297868 -0.897595976 -0.640429597 -1.266809144 0.817531948 -0.927715946 0.245030176 0.405071911 0.244406392 -0.080381691 0.042277829 0.254018295 -1.463946661 0.151610526 -1.236092478 0.042000845 -0.391608524 -0.841195826 -0.479364109 0.850095896 0.297966682 1.010096783 1.178886552 -0.536697971 -1.58225422 NA 1.359267572 0.594838173 0.826974557 0.150613734 -0.304648851 1.824886846 0.748839204
BDNF -1.478079944 -1.817848358 -0.508132846 -0.489255519 -0.335793758 -0.453229727 -1.323253428 0.886249576 0.378576975 0.909821859 -0.930771463 -0.125262539 0.595187825 0.200850326 -0.282916471 0.273038017 0.395102608 -0.651488305 -0.73515008 -1.788274545 -1.086331274 -1.081717656 -0.398172171 -0.500619135 1.086692475 2.210299359 -0.070360051 0.340647943 -0.641035573 0.147472304 0.590878453 1.037320561 1.051706734 -0.810933326 -0.782936371 0.505775857 0.464583799 -0.484327939 0.100655649 0.325127697 -1.926933911 0.063301309 -0.16807407 -0.931590393 0.910938124 0.225373341 0.608590272 0.991352404 1.413850127 -0.610358612 0.562842647 0.639077401 -0.241903427 -1.226785989 NA 0.864667675 1.715825405 -0.972310494 0.455936641 -0.408407632 -0.408166132 -0.044622699 -0.312623226 -1.744640478 -0.5228729 1.127021461 0.779715095 -0.306291537 -0.16723665 0.166383994 -1.306033114 -0.105660748 0.808037236 -0.371561946 -0.052712064 0.049534442 -1.762792689 -0.084286879 -0.316947254 0.33042821 0.103785201 0.217904692 0.64043529 -1.034587783 1.523958433 0.050939839 -0.552913693 -1.060630969 -0.327572765 0.219837978 1.381730554 0.310606374 -0.017548465 -0.124392477 0.605519626 0.202270626 -0.671579513 0.618583727 1.689118149 1.358560271 1.396026794 0.726194986 0.736946418 1.756419813 0.120064988 -0.918530237 -0.732168175 0.650631597 -0.620382806 -0.629473872 -0.827013663 -0.927007539 -0.56301586 0.543364392 0.108309424 0.584047 2.292666765 0.095287012 0.6650538 -0.034312353 -0.246667612 0.714742528 0.11636398 0.899424126 -0.178875127 -0.450871914 -0.487879989 -1.492400933 0.192258603 -1.001036423 0.094965902 0.829243718 1.170515211 -0.054269208 0.179534222 -1.192333788 0.273819443 -1.286439023 1.923705666 0.495246502 -0.583889255 1.174967339 -0.776888596 1.268773474 -0.464753621 -0.438011413 0.186195657 -0.874666067 1.491928616 1.050162011 0.29387198 -1.042359171 -0.281170911 -0.217029794 0.459254922 0.32801402 -0.540888773 0.940070033 -0.160131874 -1.848603011 -1.561120023 0.639092166 -0.252806605 -0.978448254 1.817865693 1.165735395 -0.067544801 0.323254635 0.808435393 0.443264094 -0.460227232 0.473406358 -1.578378296 -1.687967179 -0.93841152 2.437222213 -1.595130167 0.838251308 0.917443011 -0.327354761 0.547743936 -0.599624093 -0.029810926 -1.143849392 -0.518805975 -0.90193533 -0.193587134 1.430095818 0.479453441 -1.381770182 -0.965235276 -1.174393912 -0.173728545 -0.573458291 0.282690039 -0.583361249 -1.906447415 -0.222479368 -0.291459143 -1.126150702 0.38249828 -0.353902679 -0.258707242 -0.369044992 0.355015914 0.802152296 0.174745896 0.939446598 1.307259681 0.010231297 1.07350995 -0.697287001 1.201651366 -1.01119811 -1.641333628 0.311930108 0.358171053 -0.112259757 -1.282040722 -0.127786208 0.991928526 -1.372050158 0.959457958 -1.09887904 1.175792321 0.508311054 0.445709467 1.097728626 -1.35427365 0.18408444 0.627285557 1.053071378 0.379007246 0.39126232 1.024515391 0.359324485 1.741157534 0.98070161 -0.91544929 -0.774884036 0.149594874 1.990537821 -1.982288904 -0.069508612 -0.520013674 0.308688144 -1.816367569 0.931521849 1.900746202 0.942296575 -0.224189264 0.200097475 0.242435842 -0.917866081 0.805704019 1.943071952 1.547219084 1.027240092 -0.676014043 -0.793233671 1.023908182 -0.287762638 -1.139060217 -0.114546858 -0.121198363 0.27082278 0.197706421 -0.282553166 0.268498271 -0.11291354 0.007514721 0.876238332 0.440235558 1.722635814 0.500500278 -0.52535023 0.034692836 0.737439107 0.468304831 0.228804141 -1.286574309 -1.032365443 0.15791267 -1.229767381 -0.733192549 -1.246857942 -2.138654008 -0.335891252 -1.777136174 0.891672866 0.318605827 -0.441379814 -0.107090362 0.594268439 1.987725119 -0.852114118 -1.196649562 -0.061177065 -1.151461088 -0.833395377 0.271079185 -1.688585767 1.058830838 -0.611504922 -0.515484478 -1.50750656 -0.259715287 -0.930884157 0.323446722 0.296125866 1.547832532 0.162332855 0.231420828 1.309075432 -0.079936471 -0.832621466 -0.921250753 0.053061216 0.446009381 1.260683867 0.88630249 0.287565069 -0.404900586 0.582049477 -0.245389617 0.442660154 -1.040465563 0.539568624 NA -0.884507857 -0.397287688 0.592151743 -1.694521722 -1.594865786 -0.324142289 0.155517437
PDGF.BB -0.4377979 0.277740347 -0.042073912 0.14837441 -0.779547011 -0.42255224 0.298133709 -0.100779361 0.810187152 0.480071374 0.009507114 0.835880093 0.257551966 1.104850009 1.225975017 -0.30157372 0.48006268 -0.88143647 -1.83676906 -0.456453381 1.205095548 0.184025893 0.397289821 0.101711946 -0.624947301 1.982368736 -1.212550862 -0.816663269 0.063004702 -0.102909799 0.75278323 -0.11589555 -0.145674761 0.230457934 -0.890094204 -0.44786017 0.63327297 0.176757846 -1.040569071 -0.942551474 -0.282504248 -2.339186805 -1.600206149 -0.678696423 1.270159737 -1.504164702 1.638550231 -0.821446503 0.079811404 1.830109274 -1.045033141 -0.193090723 -1.438928134 1.153252818 NA -0.697241952 1.476307437 0.228171276 0.137040983 1.617166482 0.537771691 0.284855785 -0.369684085 0.814518887 -0.666374024 0.608909205 0.40890859 -1.990803177 -0.015610685 -1.035907905 0.860124014 0.21603986 -0.856347001 0.926343191 0.268049211 0.803273715 -1.910105868 1.147103291 -0.037904212 1.356627384 -0.315200244 0.313191264 -1.065780529 0.501340981 1.565345969 -1.37029409 -0.048002388 -0.567829607 -0.855856122 0.993712302 0.507340187 0.051337028 -1.439162649 -0.473949899 -0.897138432 0.058542497 0.042082861 0.585440707 -0.045879253 1.602635783 -0.135910496 0.670036151 1.042157767 2.047108019 -0.790649985 0.125675355 -0.802771787 -0.628954788 -0.834458494 -0.122983037 -1.445369975 -0.629576107 -1.576854866 -0.357806565 0.763103647 0.189739275 -0.117085365 -0.561948819 -0.263140445 0.305780274 0.771602671 1.11964596 0.796503013 2.569006498 0.471482186 1.174169814 -1.352155444 -0.956805756 -0.811818476 0.081572526 1.426659214 -0.019300971 0.550816073 -0.222267406 0.481850701 -1.344881361 0.169039106 -0.961286086 0.956027991 -0.613576301 -0.690122549 0.956010504 -0.323395234 0.735406467 0.484508045 1.068502017 0.416021739 -0.346199876 0.371768254 0.797914516 0.451245919 1.103036577 -1.485455034 -0.047928245 -1.483947392 -0.263462511 1.186708712 0.366267582 0.231607836 -0.365869532 0.411943716 -0.559665354 -0.03267557 0.21957102 0.196190361 1.171071737 -1.560354801 -0.265349513 0.076459043 -0.755030045 -0.268464609 -0.485737974 -1.964202573 -1.0891852 -0.70528773 2.679944639 -1.804488337 -0.012631741 0.242879125 -0.647629564 -0.372304075 -1.086933642 -0.371376442 -0.608310957 -1.501223253 0.527813856 0.471804266 1.159918043 0.461915545 -0.900974494 -1.181794639 -1.198200852 0.043912713 -1.433413654 -1.017858159 -1.357613351 -0.980985576 -0.995026004 -1.006513508 0.804263052 1.313467925 0.264210341 -0.572524821 0.088207629 -0.496346415 0.12848443 -0.134245451 1.058277317 0.079087625 0.248790771 0.604336818 -0.773492702 -0.475274697 0.357277793 0.542297784 -0.96293251 -0.070745249 0.297956391 0.051116425 -0.308046337 0.030805947 -0.779919504 1.515844105 -1.618610897 1.135788656 0.109531991 -0.31957429 0.104367061 0.583433086 0.884161457 0.574001691 0.916927049 1.09113212 0.837297995 0.015615774 1.489174841 1.403932612 0.8079923 0.921733846 1.195936043 -0.082479583 2.239079736 -0.864717868 -0.388754752 -0.981812686 0.22743613 0.2594768 0.216995609 1.047530343 0.428361406 0.47973745 -0.778825165 -1.22451099 -0.336513302 0.496990125 0.470082148 1.008807004 0.426927298 -0.413016902 -1.68860649 -0.731047157 -0.679620434 -0.119483137 -1.428777616 0.533335379 0.075637933 0.975362996 0.041370115 0.720355566 0.224492393 -0.658397019 1.253202928 -1.091095289 1.398644212 -0.246368625 -0.457447095 0.0721982 1.433176935 0.137194795 -0.165027549 -1.492691017 -1.954735028 -0.865888749 -0.968886111 0.308596652 0.245237282 -0.722290319 -0.054591766 -0.194395881 0.57901772 -1.18000065 -0.092885859 -0.117728841 0.976469978 1.963577364 0.175588863 -0.992405091 0.732232826 -0.737568475 0.228084516 1.246883826 -0.395308484 -0.500675722 0.869623443 0.904638616 -0.214053005 -0.39700108 0.255773404 0.285708114 -0.658924879 2.009355565 -1.033584413 1.201424171 1.455693319 -0.429408806 -0.872575873 -0.799778238 0.869965565 -0.813238333 0.074042293 0.309979815 0.083336422 -0.593285918 0.510879513 -0.360666858 -0.947166039 -1.845534918 -0.170964675 NA -1.502926866 1.094877109 0.01886567 1.115118503 -1.227317584 0.348965328 -1.728849482
PIGF.1 -0.265851201 -0.633922169 0.555140266 1.232947564 0.561277819 0.583991877 0.965605867 0.038774666 -1.111921098 -1.136451962 -1.217397919 -1.100362343 -0.880488074 -1.611488049 -1.111186731 -1.629936683 -0.142932314 -0.184114421 0.121951519 0.559806174 -1.319756794 -0.996120706 -0.737509962 0.535694 -0.399148655 -0.358439757 1.03214819 -0.036364149 0.296714223 0.827630862 1.290704886 0.697191841 1.790055725 -0.955865962 0.28701997 0.744367224 1.075688898 -0.012602709 0.001187212 0.082756296 0.193771486 2.218637214 0.157144773 -0.358294079 0.49228714 1.494433098 -0.30492138 -0.639324242 -0.217488358 -1.452418137 0.254982073 0.778526461 -0.474741502 -1.896215118 NA 0.146059626 0.969042299 0.751836418 0.93701744 -1.385197962 -0.599668374 -0.253487216 0.855633297 0.796377214 0.684974953 1.742448955 1.44574446 1.278596672 1.057065812 2.591325516 0.602627365 -0.615825611 1.044355981 -0.006460355 -1.642663497 -0.8329636 -1.178146294 -2.095478519 -0.201592812 0.035671144 0.069123174 0.051931238 0.555979327 -1.35399851 0.488118934 -0.23159671 -0.689728834 -0.270731711 0.639083342 -1.815760168 -0.041017533 -0.845052782 0.125881702 -0.772279662 0.236578668 -0.57633015 -0.660555163 0.205540964 -0.493300427 0.398080722 1.14809898 1.49711161 0.294553683 1.102167831 0.758225642 0.453709701 0.611995355 0.784943094 -0.368422407 -1.255304798 0.299640024 -0.201101541 -1.05051398 -1.208302148 -0.749179664 -0.197097661 -0.803579969 -1.140494154 -0.497759579 -0.863261686 -0.52173289 1.216187552 0.74283862 -1.500090351 0.492330449 0.68479049 0.741463189 0.518017079 1.876833485 -1.199827118 0.974504697 -0.283482049 -0.35754113 -0.306930666 -1.596069302 0.241142011 -0.946596498 -0.333023589 -0.390921489 -0.046892328 1.030990457 -0.442695476 0.134783668 -0.129805502 0.29470796 -0.137501947 -1.052094458 0.006046797 2.182556406 -1.814847265 -0.335372427 0.210214054 0.374034313 -0.536804664 -0.792961578 1.154835848 -0.224569685 0.368152068 0.225006605 -1.427220003 1.433173165 1.177162847 0.261680028 0.25775357 -0.74325905 -0.107249206 -0.98185963 -0.779812503 -0.320641578 0.199202961 -1.391826419 -1.242492013 -1.741780992 -0.193897279 -0.041914308 2.417965386 1.670387955 0.004144994 1.2154206 -0.772395239 -0.132102754 1.929208506 -0.900897419 -1.383453566 -0.837382079 -0.063306902 -1.422807031 -0.219833583 0.077619414 -1.19317568 -1.132101699 -0.706242816 -0.855038122 -0.126369152 2.082021347 0.411190364 -2.101020805 -1.040821324 -0.669761665 -1.220953707 -0.15114135 -0.643779735 -0.471873457 -0.377503791 -0.367980794 1.356868321 0.442890775 2.291915907 0.216508939 0.167912484 -0.576038576 0.283038184 -0.074888405 0.921015795 0.387331451 0.448569958 0.560010365 1.466954581 -0.464781189 0.796827251 1.560572919 1.863147087 -0.046307159 -0.789915419 0.052683767 -1.593878338 0.251773872 -0.459844525 -0.630374742 0.37066965 0.686320062 -0.295583874 0.153278688 -0.112519484 0.967850083 -0.353582276 0.880609279 -0.294287386 0.9558843 -1.365978983 0.913281448 0.193716044 -0.790678211 0.61397127 -0.796393015 0.072084702 -1.967183822 -0.73023365 0.538599479 1.378991803 0.152071641 0.205114823 0.678375681 0.15313975 1.146303942 1.747531047 -0.515647298 1.229806924 0.676528611 -0.09885278 2.50816946 -1.680294641 0.598936964 0.500092641 -0.335487467 0.241986987 0.644372717 -1.332382666 -0.678805105 0.08432793 -0.327585356 -0.283943185 1.718599087 0.396260872 1.363173982 -0.189887135 0.05521551 1.227851538 -0.362667887 -1.068716834 -0.620674094 -0.377548676 0.199197406 -0.359323571 0.275615553 -1.724775826 -1.049962076 -0.811590135 -0.695634286 1.002895787 -1.064235213 -0.008698045 -0.756755558 -1.264122749 1.461796882 -0.496691433 0.513679322 1.396306427 0.140628789 1.485572682 0.57436912 -0.082439468 2.053768585 0.608948414 0.372746777 -0.270821117 -1.220223637 0.732286594 -0.589246746 0.059773687 -0.067360883 -0.159269971 -0.663884635 -0.264419316 -1.544946323 -0.446980166 0.06620733 -1.128538972 0.387578868 0.87232316 0.592047959 1.788664022 -0.004884646 0.381514206 -0.598524548 0.987242609 -1.190496979 0.241179056 NA 1.042257222 -1.414471409 1.349679092 -1.516678538 -0.719400476 -0.510498594 -1.235206604
bNGF 0.835887157 2.033193972 0.495495961 -0.75841304 0.700786882 -0.091375867 0.419283152 -0.583947112 -0.852148507 -0.650485625 0.889164985 0.974637095 0.295364602 0.685324932 0.095986523 0.126264622 0.86153199 -0.639818732 -1.938223788 -0.203772085 -0.242087665 1.218491499 0.316846214 -0.041454114 0.502116676 -0.150022147 -1.481681736 -1.010206461 0.110567154 -0.149987256 1.375259763 1.154054902 1.010919755 0.614309019 -0.214931702 -1.545458301 -0.415055334 0.238952855 -0.846612251 -0.675079945 NA -1.386887695 -1.434645425 2.638435828 0.691625886 -0.322613027 0.40220511 -1.197938075 -0.914636697 1.681321941 -0.80767188 -0.350623894 -1.766562073 1.443782601 NA 0.239861253 -0.060762562 0.798192477 1.032612649 0.741085242 1.153598607 -1.093940685 0.370670309 -0.151341194 -0.225451707 -0.698318015 -0.833687596 -0.767860674 0.102180756 -0.848170903 0.519503859 -0.539089453 -1.729708519 0.586221625 -0.221910089 2.217232694 -0.079884096 0.227932383 0.16260923 0.281154777 0.054022605 -1.230496357 -0.75854637 1.57462122 0.334686741 -0.608716198 -0.720126809 0.136101419 -0.97528035 1.315213671 -0.190725903 -1.131012633 -0.670614601 -1.552382913 -0.367220269 1.157973943 -0.089832289 1.725702627 -0.736011779 0.755348511 -1.4623696 -0.585063804 1.114574727 -0.173500493 -0.954391894 1.766686126 0.636782061 0.268302481 -0.595260081 1.09772469 0.534128166 -1.323181556 -1.861958526 -1.957478809 1.052117286 0.64981067 -0.115928885 0.779094559 -0.225423354 0.97493034 0.664628261 0.743735769 0.865414393 0.313116957 0.213164115 0.733330448 -0.367234105 -1.23493213 -0.603927758 1.249835208 0.516479286 0.807432998 -0.214659912 -0.858779241 0.608243134 -0.951925338 -0.848651712 0.082785212 -1.784903824 -0.532171625 -0.738446219 -0.101670959 0.48455658 0.125530438 0.392858161 0.519315649 0.053157105 -0.009701672 0.102276835 1.366085927 0.328118733 1.305529561 -0.700647045 -1.136455172 -0.471624134 -0.276377845 1.965266011 1.863271466 -0.205726347 1.682792173 1.13761408 -0.571633073 0.678135707 0.192190374 -0.874028583 -0.220323991 -1.706130667 0.006568021 1.486999427 -2.057169029 -1.128650289 -0.713078493 -0.138846755 0.473195617 -1.084525048 -0.003666622 -0.475776089 -1.045433457 -1.108690815 -0.091360958 -0.157811627 -0.254337302 -0.057823246 -0.264881408 -1.558802246 0.079916584 1.400084704 0.66894832 0.364276802 -1.072040561 -1.520985028 -1.256489444 -0.115970362 -1.828305542 -0.751242762 -0.581445928 0.86369961 -1.183352112 -0.681782014 1.459294979 0.542874173 0.681601823 -1.114188636 0.171944735 -0.831934191 -1.09594991 -0.659331554 0.288872199 -0.888244981 -0.634124776 0.540713871 0.766728219 -0.63095043 0.576010174 2.32691051 -1.360727984 -0.254140473 0.805341695 0.120680362 -0.243001514 -0.405005108 0.446944587 0.627651958 -1.06891606 1.358578162 -0.216218106 -0.559589145 -0.759627019 0.021626793 1.951801931 0.06675161 0.597160997 -0.68859756 1.145812379 0.29743898 0.452065462 1.107375782 1.080757061 0.977420161 -0.009004396 -1.24139728 0.738839803 -0.495418501 -0.542513399 -0.568291076 0.49952568 1.608665883 0.365471991 0.013809739 1.26978118 -0.102803555 -0.999961309 -0.763382851 0.430582843 1.09907895 -1.646693399 -0.722183336 -0.928502394 2.026124232 0.27597655 -0.911487298 -0.496733126 1.635137081 -0.292086868 1.214994528 -0.628266059 0.56657391 -0.18811596 0.304393436 0.525754048 -0.238823019 0.090347011 -2.04948634 -0.953488671 -0.533809645 -0.357797791 0.967458127 0.738369701 -1.074680332 -1.349879385 -1.864580767 0.733633299 -0.096922973 -0.261155249 0.609606867 0.53763734 2.131904868 -0.027216447 0.506593638 -1.163945987 -0.753398723 0.813001989 0.753116064 -0.746470918 -0.683920152 0.197018777 0.230651428 0.174099236 0.569221051 -0.1815719 -0.304859459 0.580501824 -0.543024101 2.399675609 1.904788461 0.502158217 0.013023282 0.691093115 -0.31366532 -1.041925125 -0.819733087 -0.701900355 0.181805267 0.826606448 -0.48126495 -0.563515672 -0.375675099 1.322759113 -0.847833479 -1.86599823 -0.288289691 0.918523896 -1.333854335 0.782497688 0.158879334 -1.230939474 -0.406918901 1.297587379 NA -1.543735438 0.093895534 1.063968339 1.05514727 1.569202124 0.697451177 -1.385247736
VEGF.A -0.386791771 -0.611905656 0.038401942 2.064385389 0.811435846 0.166760654 0.421562583 -0.090332276 -1.224252262 -0.886605014 -0.767631609 -1.665774843 -0.690853965 -0.83234115 -1.910950635 -1.343035304 -1.478620008 0.235800081 1.186850888 -0.488704282 -0.554482908 -0.526709596 -0.246148567 -0.250930308 -0.98983071 0.598152573 1.316087075 -0.397608767 0.111995352 -0.137926882 0.725346291 0.358037058 1.539613316 -1.252976026 0.122257455 0.628390745 0.467864945 -0.147980617 -0.125464642 0.252370722 0.330464752 1.656744184 1.216354373 -1.043550646 -0.483629933 0.979516091 -0.869825827 -0.056458342 0.147850567 -1.207035655 0.478412387 0.98797588 -0.87123322 -1.301941359 NA 0.129063261 0.631045121 0.340974718 1.303851361 -1.488066568 -0.154291458 0.018043064 0.795747165 0.676349979 0.478800484 2.033236575 1.258617507 1.435555195 1.224775818 2.001434814 -0.460551282 0.858775421 1.095185196 -0.353018657 -0.701181515 -0.65167882 -1.207047384 0.275522438 -0.207304359 -0.328478851 -0.261531393 1.023250498 0.437199406 -1.911805148 0.491807164 0.360663931 -0.384970457 -0.982882438 0.151441667 -1.957963025 0.029244045 -0.792092544 0.284581707 -0.032323956 -0.205974117 -0.949986914 -1.060490264 -0.550181988 0.206464201 0.637088447 1.093612356 1.000909176 0.370434678 0.858152305 0.318753001 -0.084972228 -0.774377167 0.443421837 -0.632280106 -0.227692836 -0.789352272 -0.185560677 -0.532753405 -0.747941394 -0.106724859 0.447284236 -0.538249678 -1.179777807 -0.697570759 -1.176772114 -1.410104917 1.144456598 -0.751823727 0.667027382 0.863246435 0.745109358 0.895217556 0.336504046 1.175439996 -0.537711737 1.021723667 -0.532123224 0.742116119 0.878228561 -1.627030475 1.105151157 0.108472399 -0.875205597 0.770640867 0.583305255 1.538783709 0.124208455 0.396404705 -0.818455308 1.888458761 -1.542013918 -0.160734796 -0.349759664 1.905559728 -1.838250423 0.092860797 -0.112301695 0.448183053 0.031719461 -1.052467088 0.302646064 0.72299238 0.91453512 -1.146538289 -1.984769735 -0.945581793 0.721071894 -1.386547387 -0.554699224 -0.65741078 -0.619492482 -0.119752974 -0.970006154 -1.009912345 -0.172614732 -0.808374482 -0.599159551 0.178467909 0.935701946 -0.382597955 2.545425471 -0.650487685 -0.096928663 1.971801878 -0.307712206 -0.168875699 0.974413191 -0.04823196 -0.729084757 -0.666984491 -1.488596233 -1.517117359 -1.314879722 -0.403395445 -1.069572165 -0.918930194 -0.545713314 -0.116973042 0.563007539 2.123816836 1.034059542 -0.809308995 0.164237181 0.145335607 -0.486127347 0.002262276 -0.923647158 -0.876075442 -0.224835033 0.030459649 1.182366815 0.170718972 2.632639608 0.082892555 1.187709885 -0.479112813 -0.1901184 0.831606951 1.098415485 0.139441799 0.764330776 0.316516778 1.031640701 0.01120764 0.85079047 1.300762227 1.133932705 -0.668610256 -0.676042018 -0.442673178 0.274058022 1.731860171 -0.541969251 -1.336789954 -0.410824765 0.606104673 -0.60490263 -0.009810557 -0.389037413 1.90719305 -0.399393294 0.71673169 -0.225331886 0.758668749 -0.999370627 0.400060228 0.002040815 -1.322575354 0.405600571 0.081188429 -1.134172773 -2.198231943 -1.310052422 0.053421773 0.9767562 -0.064417909 0.211623491 0.935808051 0.17938199 1.258776268 2.677766938 -0.587532135 1.619425398 0.298751481 -0.252957201 1.420648803 -1.464294356 0.523482109 0.495703494 -0.294475244 0.705077808 0.551582143 -0.867662767 -0.938534737 -0.608246971 -0.103057189 -1.182794639 1.3844368 0.898993959 1.034518222 -0.964431919 -0.041484928 0.524335282 0.398747435 -0.559715814 0.500337278 -0.446534212 0.131772923 -0.541963022 0.296003207 -0.588892651 -1.303924311 -0.887488969 -1.256374605 1.053370115 -0.251219025 -0.003034338 -0.702540153 -0.181012711 2.128667279 -1.483434269 0.504140403 0.969447629 -1.632800322 1.264952073 0.755721113 -0.962117143 1.253749884 0.34442174 -0.695942397 -0.930592476 -0.754743418 0.419619677 0.311782697 0.092123553 -0.464614174 -0.417542637 -0.586248546 -0.204373058 -1.532874234 -0.676745487 0.184681734 -1.090598083 -0.396927221 0.379567603 -0.323123529 1.035175419 1.759637289 0.671169784 -0.419607813 1.050189396 0.242062628 -0.076348836 NA 0.637787004 -0.31725388 0.895532167 -1.52481863 0.293650232 1.014007295 -0.774022635
HGF -0.401512699 -0.504657557 -1.442304973 0.352573031 -0.385343211 -0.257351587 0.232929492 -0.095913216 0.079699766 1.537738374 0.688097436 -0.699114962 0.912784768 1.189197514 0.016270415 1.323342787 0.106129301 0.798454284 1.152288493 -1.251418012 1.674442005 0.452979787 1.224525252 0.423093544 -0.641428425 0.722860098 0.263793375 -0.825665596 -0.129997117 -1.335706853 -1.736074683 -1.429311503 -2.028939407 -1.201333091 0.016890963 -1.168431156 -0.994430546 -0.585976453 0.005760292 -0.094685686 0.894902614 -1.167403109 0.369852005 -0.402998467 -0.334062848 -0.943787309 0.906883988 0.588430473 -0.012233829 1.625278265 -0.934213358 0.212590835 0.282153105 -0.473359041 NA -0.41818711 -1.436668579 0.451795675 0.78141672 -0.305046778 1.155653915 0.438873585 -0.150899294 -1.575066813 -0.391526248 1.339205974 -0.577636644 -1.588259036 -1.070296899 -1.442014483 0.030120209 2.395230863 -1.677077392 -0.575385986 -0.134413535 0.256521299 -0.062767302 1.869233903 0.056312586 1.228718008 0.168344334 0.931334403 -1.322333794 -0.660530569 0.416811969 0.429580316 0.423200775 -0.699467668 -0.406825246 1.131155523 0.782920424 -0.138610446 -0.276125263 -0.2358618 -0.795258965 -0.116481937 -0.097338087 0.299854661 0.51939656 0.208586811 -1.077422563 -0.055101711 0.894394723 0.56255278 -1.191597637 -0.822239396 -0.984914138 -0.338779937 -1.386713343 0.712492038 0.232716473 0.492626569 -0.081677066 -0.724905398 1.041903661 0.445584292 1.566644375 -0.268508487 0.128170061 0.191168221 1.663595435 -0.62922401 0.758458785 1.001547266 -0.956221833 -0.082778476 -0.165900015 -0.492327108 0.104053766 1.400890932 0.990700183 -0.112515322 0.835737021 0.820845305 0.521808368 0.414976542 -0.332296329 -0.977757616 1.151307511 -0.311550642 -0.693407486 -0.368950884 0.359935642 0.826877768 1.287394793 -1.167814041 0.403481535 -0.821875765 -0.688156917 0.643006035 0.038316473 -0.510064952 -0.491208279 -0.764995216 -1.182440494 -0.12345604 1.964663356 1.817684251 -0.229215664 -0.537997186 0.091578644 -1.318646739 -0.803574356 -0.590049997 1.624919839 -0.413061002 0.819717236 -0.075623438 -0.309783995 0.646060476 -0.023453583 1.258531636 -0.422051536 -0.028243617 -0.124836631 -1.526584093 -2.308785325 0.151970982 1.44955977 -0.297683031 0.420801195 0.840933229 1.685956849 0.06742834 -0.094806503 -1.14311904 0.130108892 0.468481633 0.091398586 1.564555627 -0.631736915 -0.457399604 1.527860677 0.450562668 -0.795815531 -0.363891598 0.869036451 1.092682397 0.355150419 1.223161571 0.678867998 0.097180538 0.058219244 0.052846182 -0.691139425 0.825536903 -1.177672123 -0.373197092 -0.115579625 0.899830234 1.059777412 -0.188526309 -0.197841465 0.137036664 0.228093136 0.882551195 -0.421243042 -1.093233318 0.957154007 -0.391930162 -1.75444963 -1.66753712 0.057289909 1.067500405 -0.919159848 2.306170633 1.030655612 0.447192385 0.52520079 -0.402413745 1.404866734 -0.016475579 0.002340971 -0.520853659 0.819024478 1.156888947 -0.56334891 0.127369468 0.283298745 -0.466909186 0.095491337 0.768201944 -0.171053544 -0.591661613 0.178754263 -0.321541074 0.145129397 1.112681599 -1.087943655 -2.037574403 -1.151657879 -1.089448137 -1.295171043 -0.62004023 -0.108974804 -0.920913226 0.326465598 -0.93087676 -0.763642894 1.0983589 -0.937814947 0.013400072 -0.866286564 -1.052929903 -0.901466784 1.213289528 -0.524580805 1.613966932 0.381612391 0.697854964 1.337913377 0.387518074 -1.871953852 -0.646242445 -0.786572934 -0.566269684 1.28980034 -0.171381564 0.201052981 1.791603096 0.611190259 0.58665339 0.270745628 0.755971651 0.267031867 1.075046831 0.173899734 -0.824037564 -0.328757389 1.127379637 -0.559678096 -0.158416887 0.025632111 1.591864305 0.157564521 0.26004888 -0.660700926 -0.586468924 -1.422727626 -0.744637336 -1.324228139 0.104872649 -1.169602211 -0.921032461 -1.565637579 -0.022547897 0.241958754 -0.739369869 0.001672871 0.960253061 0.375426996 -0.239750027 0.325977656 -1.022469339 1.244557643 -0.941322707 -0.682826622 -0.021371664 0.196521785 -1.106023992 -1.34632312 -1.164416853 0.365766088 0.050678438 0.929683003 0.475481933 0.205400701 -0.682396709 NA 0.622682358 1.291869629 -0.059029078 0.663919641 0.101351163 1.944146434 0.520119811
Leptin -0.61266027 -1.081909042 0.194095964 0.671172777 -0.453274033 -0.636105903 -0.377272552 0.36809738 -1.409945789 -1.436766892 1.438088383 -1.088544959 0.150320099 0.803116564 0.684302331 -1.262919335 -0.535382436 2.416635399 1.090730507 -1.08884952 1.538348401 1.738404157 0.277707859 0.374655391 -0.468296211 0.038879127 0.314524534 0.393010525 -1.371935226 -0.494849816 -0.538112899 -0.616593339 -1.496497717 0.946549739 1.131706516 0.059311914 -0.392752921 -0.828365226 0.847935908 -0.214712543 -1.925236306 -0.618675451 0.163322642 -0.664665905 -0.512725457 0.162603809 -0.376756052 0.214962029 0.155879214 -1.374141221 0.243072756 1.182115913 0.130395883 1.326765376 NA 0.263112646 0.049679117 0.143176748 0.256510522 -0.98353447 1.861715843 0.988167243 0.603117111 -0.497544199 -1.154392691 0.259636477 0.257506794 -0.177605233 -0.061218366 -0.256495266 -0.578494859 0.621061221 0.861784971 -1.18900695 1.180046685 -0.169159291 0.71640237 2.172969669 -0.2164562 -0.007167124 1.037747841 2.152819636 0.730017009 -0.605123325 1.026474889 1.412832805 1.233407801 -0.422265011 -0.834902391 0.389525072 0.336931559 -1.025426854 1.123849485 -1.089956657 -1.342130917 -0.572783261 0.509745916 -0.106626406 -1.049244589 -0.706326925 0.450782396 -0.271940006 -0.841351002 -0.022209343 0.328913641 -0.895412128 -0.615894016 -0.233482272 -0.310081097 1.632422978 0.974947248 0.609694584 -0.017347683 -1.637930087 -0.899420463 -1.218575651 -1.727831356 -1.790869457 -0.449060819 0.386162934 -0.747191644 -0.059805644 0.531368939 1.662171117 -0.10687199 -0.020817916 -0.217441402 -0.662566632 0.220978107 -1.026301229 0.806469565 0.199405041 1.040413595 0.731800072 1.310674924 1.055375694 -0.041867549 -1.717384828 0.092587133 0.630493582 0.112302596 0.187353571 0.697499865 -0.366990665 2.444533211 -0.684780352 -1.752909429 -1.458015453 0.215291016 -2.021680071 -1.265619977 1.383570871 0.074070741 -1.203015112 -1.144285605 0.051213663 1.968660816 -0.630075896 -0.795305926 -0.588781527 0.047693215 0.380010535 -0.524457202 0.561021956 -0.798816183 -0.852947377 1.183990445 -1.169003879 -0.273287889 0.912617788 0.908387901 -1.145152107 0.359212103 1.228732747 0.658132789 -0.513169762 -0.753579277 -0.423926093 0.492778228 0.746135112 -0.258079967 0.773257872 -0.525780713 0.572887229 1.097949938 -0.265259092 0.073100956 -1.845656581 0.364000253 0.73680326 -1.032029821 -0.155513385 1.117627931 0.32511254 0.285082669 -1.500307902 1.452513668 -0.20285774 -0.994767633 -0.33479835 -0.33663137 -1.101805855 0.414235822 -1.00884276 -0.585080208 1.103278527 -0.135507958 -0.745895971 0.40669975 1.037397289 -0.358883705 0.430931518 1.288322909 -0.429709395 -1.007940853 0.376292055 -0.263301704 -1.115078921 -0.236453897 -0.990238568 0.200899323 -0.957310973 0.172373081 -0.874698196 0.268756115 -1.070826627 1.275552942 -0.226747461 -0.709201642 0.221607189 0.82022281 -1.150348008 0.824378179 1.573898896 0.043151762 -0.409940406 0.239900428 -0.895517 -0.128377506 -1.857467468 0.362980002 0.25962397 -0.925540235 -0.178851349 1.936216674 1.448311476 0.730577279 1.947651591 0.435334513 -1.186451056 -0.778362408 -0.908148262 -0.025585296 -0.874583151 -0.385546041 0.983999991 0.703778031 0.473707026 0.544082098 0.017617863 0.555449821 0.298058065 -0.069995497 1.241350169 0.019998628 0.737683069 -0.056329434 0.027914093 -0.038740443 0.747028144 1.215626855 0.123379708 0.521723706 0.623401118 0.776710386 -0.977049717 0.894222337 1.037626146 0.22984634 1.530627952 2.429307868 -1.738604414 0.060849482 -0.564393572 -1.61603339 -1.739192462 -0.775427555 -0.710130148 -0.301510091 1.725731793 -0.723701371 -0.095378395 -0.793286947 -0.699150612 0.163068411 1.451413759 -0.21281637 0.984238803 -0.617733518 0.202978116 0.252637714 0.340124671 0.910049012 0.364699019 0.986166468 1.018068147 0.259498267 -1.17679453 2.174854745 1.656962717 1.274355108 0.261234961 -0.570884959 0.093645608 -1.843861581 0.213906681 -0.57319133 -0.458975498 -0.363151259 0.287274561 -0.566605392 -0.70094065 -0.768731426 0.30100808 0.167707099 0.637668083 -0.753656248 -1.394261876 NA -1.541333085 -0.352259931 0.125208538 -1.129000392 -0.675388946 0.133637352 -0.707344715
IDO 0.417193557 0.731399367 0.841432834 2.254749906 0.111906923 -0.478735836 1.14323671 -0.571317629 -0.646754041 -0.62237269 1.392003231 1.339157501 -0.021909956 1.413494515 1.277056759 0.26171948 0.453546725 -0.191125682 -1.658399044 1.299353189 1.211203466 0.733577296 0.64234398 0.047123958 -1.130771627 -0.065333457 -0.449827621 -1.109382793 -0.096881228 -0.070002648 0.228375296 0.463482049 -0.810565851 0.30690373 -0.095160822 -1.05308356 0.073396398 0.251621201 -0.274790176 -1.118474162 -2.094581908 -1.230524155 -1.335508733 0.756812053 0.520296501 -0.18595026 0.954754777 -1.122401889 -1.03394642 1.270670622 -1.463663626 -0.188125636 -1.601526079 0.886979984 NA -0.661633873 -0.104627923 0.529671706 1.286100295 2.288672328 0.83404085 -0.34782892 -0.173328328 2.169304084 0.721428865 -0.273215301 -1.700527347 -0.640779976 0.210788446 -1.207908358 1.437798781 -0.137338379 -1.410738642 0.884430268 0.167634856 1.499429006 0.448924781 1.063950455 -0.231411549 0.362581392 0.624620851 -0.611197053 -0.904430414 0.833592072 -0.618485317 -0.99333489 0.438678447 0.209565591 -0.811954593 0.937694526 -0.970094627 -0.66119255 -2.214272266 -1.549126343 -0.650043934 -0.367825625 -0.508241962 1.483618752 -0.154355564 0.957741548 -0.979600463 -0.596252201 0.281499703 0.521289937 -1.130664764 0.317695205 -0.433306966 -0.51420041 -1.287196468 1.305262521 0.465703455 -0.500401618 -1.313767155 -1.88108531 0.411616889 0.176640388 -0.420674689 0.074753275 -0.638808693 1.128998189 0.483208651 0.346772693 0.392571152 1.012159624 0.360644709 1.415443987 -0.130579398 -0.349314161 -0.573430417 2.264808688 0.455978462 0.250688332 0.083856388 -1.150711354 0.729248647 -0.6348014 -0.474340326 0.262718558 -0.463717862 -0.822331501 -1.193130704 0.079200368 -0.32825781 -0.033093905 0.738275886 1.07879441 0.165712247 -0.005120686 -0.003894119 1.013322698 0.817245751 1.270849575 -1.466659562 -0.99678576 -0.972238633 0.229270674 1.542224712 0.05753797 -0.066730071 1.199851717 1.700855926 -1.079097231 1.564886829 0.459681541 -0.837534439 0.007016999 -0.338566307 -0.098496311 0.258512649 -1.422972349 -0.162506161 -0.323799256 -1.519374569 0.135730413 -1.089077703 -0.63683127 -1.68133642 -1.649526521 -0.085441846 -0.470896855 -0.775233519 -0.601028632 -0.39527805 -0.510868363 -1.747211178 2.456755284 0.695443427 1.976022232 0.255707693 -0.897623727 -1.515660634 -0.294477594 -0.266012548 -0.741477321 -1.175040799 -0.592338128 0.423192521 -0.955265352 -1.337421574 1.205312307 0.268397799 0.909061235 -0.770227477 0.089599866 -0.741131633 -1.23701412 -0.320809959 0.391041399 -1.118577443 -0.350167311 0.498275879 0.183660636 -1.480477646 -0.01898459 0.76535375 -1.019714189 -0.631428708 0.629454946 -0.248702169 -0.259327289 -0.723400612 0.211103939 0.450475905 -0.930818316 0.647062521 -0.297938692 -0.418056043 -0.15812332 1.644298179 1.083540637 1.008065341 0.847930718 1.274597486 0.287517042 0.07307711 1.25424619 0.856153559 0.646355937 1.742828479 1.259528963 -0.403177373 0.452752032 -0.118078815 -1.065060866 -0.742694109 0.626998254 1.280870689 0.250402611 0.03593945 -0.220119049 0.196991813 -1.106846209 -0.229339089 1.527008506 -0.247994174 -1.881150588 -0.607580337 -0.163244462 1.614201083 0.311222189 -0.926965285 -0.782070116 0.635841245 -0.991429986 0.136685086 -0.61081829 0.928526862 0.598225248 0.752849275 -0.155733592 0.603472242 0.215601339 -1.910702911 -1.248946454 -1.143911902 -0.267760285 1.189800642 0.397016249 -1.308071964 -0.91851659 -1.365260104 0.066533439 -0.676714457 1.377261798 0.678068927 1.129347036 2.213392469 -0.233830361 1.574891717 -0.595134193 -0.332283135 0.498315676 -0.131178703 -0.107390059 -0.589536375 1.089222281 0.61808218 0.955232113 0.715984658 0.640914397 -0.153603715 1.440297176 -0.524598016 1.005716807 0.930327295 1.625485362 0.017086612 0.708760436 0.427165128 -1.43875142 -0.00977409 -0.77980886 1.035808927 0.237704311 -0.059200903 -0.095664913 0.176204341 0.092775493 -0.898868824 -1.613536283 0.625974328 0.63050567 -1.535942945 0.554372729 -0.103434757 -1.630468924 0.034328205 0.811471729 NA -1.117237553 2.269236967 0.191346588 1.770192808 -0.235592637 -0.76320275 -1.23480946
